x,z,cp,tangential_velocity
9.999979773728084886e-01,1.154115607899897436e-02,9.027252558018385997e-01,-3.118889933905354406e-01
9.999898868952339370e-01,1.154282636535213652e-02,8.545056857200370448e-01,-3.814371695049696420e-01
9.999737060648501430e-01,1.154616691230056502e-02,8.156129049483342719e-01,-4.294031847246427835e-01
9.999494351311852824e-01,1.155117766832890712e-02,7.830632082725847987e-01,-4.657647386046040450e-01
9.999170744685272894e-01,1.155785855616510600e-02,7.548565372452028521e-01,-4.951196448887855706e-01
9.998766245759178606e-01,1.156620947278159950e-02,7.297839831302577185e-01,-5.198230630413990250e-01
9.998280860771440182e-01,1.157623028939692642e-02,7.070828862830029760e-01,-5.412181757082785705e-01
9.997714597207294496e-01,1.158792085147769546e-02,6.862381076276959924e-01,-5.601445281106510743e-01
9.997067463799229614e-01,1.160128097874098263e-02,6.668800835677372030e-01,-5.771654151387302090e-01
9.996339470526840465e-01,1.161631046515709809e-02,6.487302923289206547e-01,-5.926801056818756797e-01
9.995530628616684510e-01,1.163300907895276071e-02,6.315701922280221314e-01,-6.069841907100858025e-01
9.994640950542106328e-01,1.165137656261469243e-02,6.152226628057957392e-01,-6.203042295472473988e-01
9.993670450023038887e-01,1.167141263289358383e-02,5.995407596692767793e-01,-6.328184892453152521e-01
9.992619142025803702e-01,1.169311698080843613e-02,5.844013037774409280e-01,-6.446694472538302412e-01
9.991487042762869919e-01,1.171648927165134732e-02,5.697021877235129983e-01,-6.559708928576686304e-01
9.990274169692607842e-01,1.174152914499269201e-02,5.553629093688878804e-01,-6.668111356532013811e-01
9.988980541519021372e-01,1.176823621468664829e-02,5.413278412425062136e-01,-6.772533933155993058e-01
9.987606178191456019e-01,1.179661006887715823e-02,5.275710858729194541e-01,-6.873346449343874509e-01
9.986151100904296918e-01,1.182665027000428734e-02,5.141010458595853816e-01,-6.970645265256399936e-01
9.984615332096633544e-01,1.185835635481097272e-02,5.009649976419308093e-01,-7.064240952558662467e-01
9.982998895451922206e-01,1.189172783435016659e-02,4.882679500742996836e-01,-7.153544924900523405e-01
9.981301815897614116e-01,1.192676419399237714e-02,4.762747151617939823e-01,-7.236886656831140741e-01
9.979524119604776811e-01,1.196346489343359451e-02,4.659084255531525942e-01,-7.308156911608065798e-01
9.977665833987685584e-01,1.200182936670362785e-02,4.601375266438623157e-01,-7.347533418475465927e-01
9.975788234733977689e-01,1.204905359290320277e-02,4.483841972534446940e-01,-7.427084237751415685e-01
9.973842214847019605e-01,1.210002233422806384e-02,3.440013161075814452e-01,-8.099374567782493539e-01
9.971747281035090449e-01,1.214081625706853705e-02,3.129287782530784101e-01,-8.288975942460694579e-01
9.969543531794020641e-01,1.217100336422314438e-02,3.292776937403711912e-01,-8.189763771071963960e-01
9.967249690099216908e-01,1.219693619770626132e-02,3.615721110749723355e-01,-7.990168264342295545e-01
9.964874273806414440e-01,1.222379126591515396e-02,3.729182292390358366e-01,-7.918849479318091911e-01
9.962417319547469674e-01,1.225156815471144592e-02,3.782169011452219953e-01,-7.885322433830959099e-01
9.959878865211657661e-01,1.228026643574114604e-02,3.806087104802614585e-01,-7.870141609397752758e-01
9.957258949945083648e-01,1.230988566644126286e-02,3.813421294065447720e-01,-7.865480726525589938e-01
9.954557614150083555e-01,1.234042539004661862e-02,3.810435813149215534e-01,-7.867378335157643177e-01
9.951774899484595593e-01,1.237188513559689222e-02,3.800657329579039123e-01,-7.873590458247724522e-01
9.948910848861522993e-01,1.240426441794389642e-02,3.786162095915700521e-01,-7.882790054342624364e-01
9.945965506448068982e-01,1.243756273775903885e-02,3.768122163395584145e-01,-7.894224367602187264e-01
9.942938917665056220e-01,1.247177958154103289e-02,3.747046104109490461e-01,-7.907562137530447233e-01
9.939831129186230685e-01,1.250691442162382358e-02,3.722929850043720235e-01,-7.922796318192384390e-01
9.936642188937532261e-01,1.254296671618471137e-02,3.695487928980945025e-01,-7.940095762028979154e-01
9.933372146096366428e-01,1.257993590925271347e-02,3.664510406154579680e-01,-7.959578879466815415e-01
9.930021051090838213e-01,1.261782143071714726e-02,3.630136171656269672e-01,-7.981142667778674538e-01
9.926588955598978359e-01,1.265662269633639411e-02,3.592782967725333121e-01,-8.004509374268148347e-01
9.923075912547943966e-01,1.269633910774694771e-02,3.552799608050942748e-01,-8.029446053090497637e-01
9.919481976113205812e-01,1.273697005247260636e-02,3.510113549006685929e-01,-8.055983149804444299e-01
9.915807201717710129e-01,1.277851490393393935e-02,3.463946922422073138e-01,-8.084585999034166193e-01
9.912051646031023733e-01,1.282097302145794940e-02,3.412327403824779726e-01,-8.116447866015785717e-01
9.908215366968459170e-01,1.286434375028793972e-02,3.350400142428177075e-01,-8.154507868395138859e-01
9.904298423690187647e-01,1.290862642159361535e-02,3.260422542865947237e-01,-8.209492954582550128e-01
9.900299268253260898e-01,1.295224583811538030e-02,3.166120184442665630e-01,-8.266728382835215605e-01
9.896215030308046501e-01,1.299233098272972384e-02,3.171117135176910740e-01,-8.263705503479107373e-01
9.892047292399954728e-01,1.303036883366075205e-02,3.232669307377170620e-01,-8.226378724945034859e-01
9.887798962036572492e-01,1.306914223079648323e-02,3.250932642618872270e-01,-8.215270754747604487e-01
9.883470104732410277e-01,1.310865057620317492e-02,3.256241197316305236e-01,-8.212039212451249792e-01
9.879060787243799657e-01,1.314889326061327232e-02,3.255273277144954402e-01,-8.212628521280531668e-01
9.874571077567874111e-01,1.318986966343478617e-02,3.250670357443473657e-01,-8.215430385899771260e-01
9.870001044941509871e-01,1.323157915276090141e-02,3.243750667269870158e-01,-8.219640705487150090e-01
9.865350759840262329e-01,1.327402108537969680e-02,3.235267539077385512e-01,-8.224799365894960301e-01
9.860620293977281348e-01,1.331719480678406758e-02,3.225692343681173524e-01,-8.230618236997040427e-01
9.855809720302202148e-01,1.336109965118182155e-02,3.215339625633448772e-01,-8.236904985713111582e-01
9.850919113000022875e-01,1.340573494150594167e-02,3.204429418574462618e-01,-8.243525084225520327e-01
9.845948547489957736e-01,1.345109998942503604e-02,3.193121292756888607e-01,-8.250381025893962494e-01
9.840898100424273487e-01,1.349719409535394751e-02,3.181534519778004277e-01,-8.257400002556491980e-01
9.835767849687113706e-01,1.354401654846454361e-02,3.169761028649052959e-01,-8.264525982384559599e-01
9.830557874393291984e-01,1.359156662669667309e-02,3.157874534718245751e-01,-8.271714130264509190e-01
9.825268254887070674e-01,1.363984359676930630e-02,3.145937611951601376e-01,-8.278926493240774676e-01
9.819899072740926327e-01,1.368884671419184559e-02,3.134007540567061989e-01,-8.286128444233131773e-01
9.814450410754289589e-01,1.373857522327559706e-02,3.122141196590945134e-01,-8.293285720032232966e-01
9.808922352952269552e-01,1.378902835714543654e-02,3.110399088196570405e-01,-8.300361987168649591e-01
9.803314984584355907e-01,1.384020533775162654e-02,3.098848950149137860e-01,-8.307316684616556923e-01
9.797628392123104435e-01,1.389210537588181707e-02,3.087569956664055759e-01,-8.314102503178526504e-01
9.791862663262806965e-01,1.394472767117321474e-02,3.076659367765116615e-01,-8.320661411351193415e-01
9.786017886918133568e-01,1.399807141212492875e-02,3.066244328401910302e-01,-8.326917599927412539e-01
9.780094153222766984e-01,1.405213577611048523e-02,3.056503320884541575e-01,-8.332764654732220944e-01
9.774091553528008181e-01,1.410691992939051495e-02,3.047706300709349669e-01,-8.338041556199303761e-01
9.768010180401369702e-01,1.416242302712560075e-02,3.040294559126176521e-01,-8.342484906113899479e-01
9.761850127625149032e-01,1.421864421338931046e-02,3.035055711086124264e-01,-8.345624176125998606e-01
9.755611490194979751e-01,1.427558262118140686e-02,3.033563729665667008e-01,-8.346517998743148148e-01
9.749294364318369377e-01,1.433323737244120849e-02,3.039545652062244363e-01,-8.342933745354661479e-01
9.742898847413212771e-01,1.439160757806112398e-02,3.065393076412893381e-01,-8.327428728957760873e-01
9.736425760983282718e-01,1.445140025765274776e-02,3.140056727927799107e-01,-8.282477450661849261e-01
9.729885955333461567e-01,1.452217805497418163e-02,3.041219214059175391e-01,-8.341930703344894171e-01
9.723278302446993759e-01,1.460184364025343337e-02,2.733967397354709616e-01,-8.524102652270965086e-01
9.716580498418748713e-01,1.467118559559336261e-02,2.664945567318938169e-01,-8.564493232340756323e-01
9.709793144932761244e-01,1.473158265188848244e-02,2.765530554858343093e-01,-8.505568437877422117e-01
9.702927994383794275e-01,1.479267198295638845e-02,2.793617333231925848e-01,-8.489041563550077107e-01
9.695985152640962390e-01,1.485445264672402566e-02,2.803871905638972706e-01,-8.482999525144998554e-01
9.688964726771475133e-01,1.491692369045713104e-02,2.806590515364117966e-01,-8.481396986720927123e-01
9.681866825038982771e-01,1.498008415077492494e-02,2.805344737087631657e-01,-8.482131373017260945e-01
9.674691556901910960e-01,1.504393305366498457e-02,2.801724642705821777e-01,-8.484265057914078811e-01
9.667439033011770988e-01,1.510846941449823719e-02,2.796544652239371098e-01,-8.487317213207380417e-01
9.660109365211451138e-01,1.517369223804416675e-02,2.790257787602556938e-01,-8.491020087361378366e-01
9.652702666533496956e-01,1.523960051848614189e-02,2.783125528828849227e-01,-8.495218932535612000e-01
9.645219051198368199e-01,1.530619323943695556e-02,2.775295300778704011e-01,-8.499826291884614582e-01
9.637658634612665809e-01,1.537346937395446533e-02,2.766836933790662867e-01,-8.504800448105374056e-01
9.630021533367367770e-01,1.544142788455745742e-02,2.757757130720174255e-01,-8.510136819863606261e-01
9.622307865236024993e-01,1.551006772324162522e-02,2.747997817454391756e-01,-8.515868823875581972e-01
9.614517749172940553e-01,1.557938783149574562e-02,2.737415626721091400e-01,-8.522079777424586000e-01
9.606651305311341149e-01,1.564938714031799752e-02,2.725726796273567620e-01,-8.528934988453383825e-01
9.598708654961521924e-01,1.572006457023244347e-02,2.712364354704287495e-01,-8.536764987567428964e-01
9.590689920608976848e-01,1.579141903130568819e-02,2.696030488537507486e-01,-8.546326410489183401e-01
9.582595225912511339e-01,1.586344942316366205e-02,2.672346527358296919e-01,-8.560171419219186895e-01
9.574424271867951752e-01,1.593566040277486981e-02,2.640517290131406680e-01,-8.578742745804068814e-01
9.566175331445023744e-01,1.600589003522176132e-02,2.640500638272688105e-01,-8.578752451101099297e-01
9.557848934889168202e-01,1.607460721743966120e-02,2.665490145674338507e-01,-8.564175298489435928e-01
9.549447042842402755e-01,1.614394745878890147e-02,2.674998899332732272e-01,-8.558622027328504078e-01
9.540969784872299631e-01,1.621390968995718718e-02,2.679917670235163474e-01,-8.555747968333824449e-01
9.532417291708663587e-01,1.628449283204037173e-02,2.682642017691211356e-01,-8.554155704865786802e-01
9.523789695241516862e-01,1.635569579655907907e-02,2.684117007467523575e-01,-8.553293513338868781e-01
9.515087128519070792e-01,1.642751748547552348e-02,2.684815933009845335e-01,-8.552884932576934052e-01
9.506309725745671901e-01,1.649995679121040587e-02,2.685010624316788164e-01,-8.552771115657902268e-01
9.497457622279726897e-01,1.657301259666002502e-02,2.684871965671276062e-01,-8.552852175928638001e-01
9.488530954631622105e-01,1.664668377521348261e-02,2.684514650555515081e-01,-8.553061059903924734e-01
9.479529860461615165e-01,1.672096919077007207e-02,2.684019801209024392e-01,-8.553350337026407457e-01
9.470454478577714497e-01,1.679586769775679236e-02,2.683447581222075939e-01,-8.553684830982448695e-01
9.461304948933534353e-01,1.687137814114601092e-02,2.682844801289933079e-01,-8.554037174755594330e-01
9.452081412626140988e-01,1.694749935647327233e-02,2.682249773008184013e-01,-8.554384973212169063e-01
9.442784011893872176e-01,1.702423016985528045e-02,2.681695496199559825e-01,-8.554708939409008117e-01
9.433412890114152294e-01,1.710156939800797082e-02,2.681211744908664762e-01,-8.554991674508710675e-01
9.423968191801269656e-01,1.717951584826476336e-02,2.680826394288339243e-01,-8.555216891296012482e-01
9.414450062604156066e-01,1.725806831859497820e-02,2.680566249629710018e-01,-8.555368928556085217e-01
9.404858649304137508e-01,1.733722559762235216e-02,2.680457619610498998e-01,-8.555432414781558581e-01
9.395194099812673727e-01,1.741698646464371475e-02,2.680526875296879163e-01,-8.555391940000832696e-01
9.385456563169072286e-01,1.749734968964782728e-02,2.680801237685634941e-01,-8.555231593776035925e-01
9.375646189538195951e-01,1.757831403333434683e-02,2.681310045763137806e-01,-8.554934221977900100e-01
9.365763130208140108e-01,1.765987824713293602e-02,2.682086801907164197e-01,-8.554480228566102573e-01
9.355807537587905731e-01,1.774204107322252186e-02,2.683172424077003848e-01,-8.553845670762943998e-01
9.345779565205047934e-01,1.782480124455067955e-02,2.684620448554422278e-01,-8.552999211648261157e-01
9.335679367703304532e-01,1.790815748485319325e-02,2.686505614016543309e-01,-8.551897091279487828e-01
9.325507100840217944e-01,1.799210850867371744e-02,2.688938760822866536e-01,-8.550474395714622311e-01
9.315262921484723790e-01,1.807665302138361865e-02,2.692094441936834226e-01,-8.548628871382337735e-01
9.304946987614741705e-01,1.816178971920191787e-02,2.696266326534774160e-01,-8.546188433135104567e-01
9.294559458314733957e-01,1.824751728921542027e-02,2.701989898846497429e-01,-8.542839165730268247e-01
9.284100493773251861e-01,1.833383440939893860e-02,2.710351912130880558e-01,-8.537943597769382942e-01
9.273570255280467745e-01,1.842073974863570399e-02,2.723930488134020944e-01,-8.529987990534323439e-01
9.262968905225684724e-01,1.850823196673788418e-02,2.750657525095890898e-01,-8.514307062177232099e-01
9.252296607094835368e-01,1.859630971446723374e-02,2.833532968637592075e-01,-8.465498822492628639e-01
9.241570954002095162e-01,1.870181007868044337e-02,2.716878926033162722e-01,-8.534120384648224977e-01
9.230778861603767815e-01,1.881163386759429276e-02,2.483919547042541254e-01,-8.669533120622735511e-01
9.219897460818025081e-01,1.890343455032122977e-02,2.537632440298105418e-01,-8.638499614922660053e-01
9.208940160321726909e-01,1.899029721217505157e-02,2.605979370125807160e-01,-8.598849126408831811e-01
9.197912727190779014e-01,1.907771584192723135e-02,2.636910119911329842e-01,-8.580844876868868321e-01
9.186815331481842373e-01,1.916568909147434857e-02,2.657276815070546139e-01,-8.568969124071724730e-01
9.175648144330486033e-01,1.925421560416006039e-02,2.672984098773514283e-01,-8.559799005366005575e-01
9.164411337948549230e-01,1.934329401479604332e-02,2.686263523075641535e-01,-8.552038632352146896e-01
9.153105085621489057e-01,1.943292294968300762e-02,2.698176537895349281e-01,-8.545070779171258790e-01
9.141729561705700391e-01,1.952310102663189217e-02,2.709304553848348451e-01,-8.538556930858780536e-01
9.130284941625836925e-01,1.961382685498520156e-02,2.719999782653456100e-01,-8.532291730447655320e-01
9.118771401872096671e-01,1.970509903563842646e-02,2.730493197348969892e-01,-8.526140277201067486e-01
9.107189119997505244e-01,1.979691616106163399e-02,2.740946802713692954e-01,-8.520007744882810430e-01
9.095538274615178054e-01,1.988927681532116909e-02,2.751481297145444982e-01,-8.513823290892614803e-01
9.083819045395562508e-01,1.998217957410148085e-02,2.762191807233854712e-01,-8.507530894899028029e-01
9.072031613063671340e-01,2.007562300472710837e-02,2.773157428067287711e-01,-8.501083796747749277e-01
9.060176159396291506e-01,2.016960566618475684e-02,2.784447386665629409e-01,-8.494440895864995289e-01
9.048252867219186424e-01,2.026412610914551937e-02,2.796125320012948778e-01,-8.487564244226403209e-01
9.036261920404271564e-01,2.035918287598724452e-02,2.808252520776778338e-01,-8.480417135508855342e-01
9.024203503866777831e-01,2.045477450081699053e-02,2.820890689658339667e-01,-8.472962475038857688e-01
9.012077803562407174e-01,2.055089950949365307e-02,2.834104589228914062e-01,-8.465161197975550333e-01
8.999885006484458216e-01,2.064755641965068667e-02,2.847964956529300817e-01,-8.456970523462109535e-01
8.987625300660944117e-01,2.074474374071896832e-02,2.862552084599356839e-01,-8.448341799075510528e-01
8.975298875151694888e-01,2.084245997394977221e-02,2.877960647471402567e-01,-8.439217589639810280e-01
8.962905920045440844e-01,2.094070361243791090e-02,2.894306689546267686e-01,-8.429527454403201725e-01
8.950446626456881605e-01,2.103947314114494246e-02,2.911738395430991666e-01,-8.419181435608219521e-01
8.937921186523736239e-01,2.113876703692255110e-02,2.930453689425792652e-01,-8.408059413785209379e-01
8.925329793403782297e-01,2.123858376853602487e-02,2.950730846146245590e-01,-8.395992588046844451e-01
8.912672641271878193e-01,2.133892179668789302e-02,2.972985715997816802e-01,-8.382728842090851895e-01
8.899949925316967825e-01,2.143977957404163276e-02,2.997888712421540314e-01,-8.367861905874438566e-01
8.887161841739070756e-01,2.154115554524554943e-02,3.026633927256978662e-01,-8.350668280289321732e-01
8.874308587746255750e-01,2.164304814695676427e-02,3.061671640167351605e-01,-8.329662874230053804e-01
8.861390361551597650e-01,2.174545580786530624e-02,3.109324553218094644e-01,-8.301009243930466130e-01
8.848407362370125373e-01,2.184837694871836003e-02,3.196336694520209853e-01,-8.248432157373781770e-01
8.835369317270060918e-01,2.196141342722881390e-02,3.252752317460154696e-01,-8.214163184731506639e-01
8.822289683765585089e-01,2.209789077316632461e-02,3.081664134478254713e-01,-8.317653434425928971e-01
8.809138865445662603e-01,2.222834645772234913e-02,2.944749153363898087e-01,-8.399554063541767590e-01
8.795903788301986381e-01,2.233943083746468827e-02,3.063046954501109642e-01,-8.328837281096858058e-01
8.782605637354041761e-01,2.245183529404640860e-02,3.117153428677427174e-01,-8.296292287113908870e-01
8.769244753696012751e-01,2.256571864834260033e-02,3.163254953593792607e-01,-8.268461190817918416e-01
8.755824384112405045e-01,2.268389536767712045e-02,3.191147006417233145e-01,-8.251577421064876239e-01
8.742350829910077170e-01,2.281193590001396460e-02,3.096609181447999015e-01,-8.308664645147257888e-01
8.728801783101827194e-01,2.292505663758841877e-02,3.129905624447384405e-01,-8.288603245150907295e-01
8.715179544933315814e-01,2.302852769010051842e-02,3.310163919577882030e-01,-8.179141813431356489e-01
8.701503655689113437e-01,2.314432737988302707e-02,3.324448843715898105e-01,-8.170404614389731313e-01
8.687766692013505487e-01,2.326225390843193047e-02,3.357534337437156902e-01,-8.150132307246823471e-01
8.673968760001228295e-01,2.338198443216995756e-02,3.394889103282274778e-01,-8.127183335398386888e-01
8.660109956069355075e-01,2.350335493982148166e-02,3.434222746925932324e-01,-8.102948385047301638e-01
8.646187796831246164e-01,2.362319848933619459e-02,3.521790963482884784e-01,-8.048732220988045194e-01
8.632212505256641188e-01,2.375129855783086885e-02,3.585302252408265611e-01,-8.009180824273937072e-01
8.618187661775087438e-01,2.388834230121003252e-02,3.600262295887698416e-01,-7.999836063390487473e-01
8.604121574877382495e-01,2.403723720155536564e-02,3.581375660803103322e-01,-8.011631755888993789e-01
8.590005075772806364e-01,2.419577390969054886e-02,3.422125527975113934e-01,-8.110409651814688425e-01
8.575792709796041802e-01,2.432684395978082503e-02,3.511349957325359261e-01,-8.055215728132077979e-01
8.561498344846708575e-01,2.444063352895863017e-02,3.817634353780948731e-01,-7.862802074463690616e-01
8.547168117562380374e-01,2.458086039508418710e-02,3.915264451879250096e-01,-7.800471490955370735e-01
8.532800162026431545e-01,2.474438039547088852e-02,3.862317633242510206e-01,-7.834336198273271767e-01
8.518377835703394574e-01,2.491303911489340522e-02,3.860235550271712279e-01,-7.835664904606556291e-01
8.503899596064705690e-01,2.508525104789795929e-02,3.886431592801027346e-01,-7.818931133600661720e-01
8.489367955333428917e-01,2.526279098696343137e-02,3.925474042890112480e-01,-7.793924529471585316e-01
8.474787044383342849e-01,2.544861464973669288e-02,3.947872760796189429e-01,-7.779541914022837235e-01
8.460155926784039826e-01,2.564058843821032108e-02,3.974661032042976494e-01,-7.762305693514668370e-01
8.445475560230617518e-01,2.584003491141687037e-02,4.012804554133317936e-01,-7.737696973820235025e-01
8.430749347641613989e-01,2.604998686335082553e-02,4.023498357496753108e-01,-7.730783687636879620e-01
8.415975905462920181e-01,2.626801718436342498e-02,4.036022889525813229e-01,-7.722679010857687043e-01
8.401156905913711448e-01,2.649474959617156150e-02,4.049183763895410904e-01,-7.714153379408908995e-01
8.386292680433860003e-01,2.673006730174993031e-02,4.052167642729246344e-01,-7.712219108188481664e-01
8.371380059435913346e-01,2.697163646669557477e-02,4.076916318234020675e-01,-7.696157276047559392e-01
8.356427673119624089e-01,2.722417886692483219e-02,4.095739038954109290e-01,-7.683918896660668629e-01
8.341437989933921937e-01,2.748878692218515232e-02,4.078932712500021873e-01,-7.694847163849311000e-01
8.326405449019997906e-01,2.776176086558738293e-02,4.077270363633753725e-01,-7.695927258210180089e-01
8.311336934075069793e-01,2.804636844253063227e-02,4.057757019888449390e-01,-7.708594541232240971e-01
8.296228565452354875e-01,2.834016681383790676e-02,4.000225717684459115e-01,-7.745820990905702974e-01
8.281048250715101755e-01,2.862594098665058664e-02,4.054172458647289368e-01,-7.710919232719735117e-01
8.265839449066028077e-01,2.892579265479990058e-02,4.163011316024314290e-01,-7.640018772212333609e-01
8.250629341189831267e-01,2.925353775313873500e-02,4.046198121196012965e-01,-7.716088308724821099e-01
8.235369087527854015e-01,2.958436836798367456e-02,4.000337837420854248e-01,-7.745748616227579042e-01
8.220061226023691603e-01,2.991933245819816331e-02,4.007981897093938484e-01,-7.740812685310284325e-01
8.204716800326913306e-01,3.026323538528509494e-02,4.000353527324286285e-01,-7.745738488146700629e-01
8.189343364114982649e-01,3.061863517060230827e-02,3.979940112384771078e-01,-7.758904489433562368e-01
8.173930646050586724e-01,3.098104271094118123e-02,3.944794807252670621e-01,-7.781519898289362969e-01
8.158476455123402360e-01,3.134978768662538551e-02,3.960500436196324747e-01,-7.771421725658488322e-01
8.142994560317990960e-01,3.173028519291169053e-02,3.938646605323039562e-01,-7.785469410817154046e-01
8.127481027670647729e-01,3.212034898149589146e-02,3.918272629896085713e-01,-7.798543049893302825e-01
8.111935151254580090e-01,3.251942645015692968e-02,3.900966345059490026e-01,-7.809631012372165726e-01
8.096358250238157028e-01,3.292775857062774092e-02,3.890072173399964361e-01,-7.816602731749923150e-01
8.080753936699380802e-01,3.334643424570382653e-02,3.879424428967900296e-01,-7.823410746619469114e-01
8.065125308825331629e-01,3.377629102748067047e-02,3.865839574433228565e-01,-7.832088115928453886e-01
8.049463309932916033e-01,3.421380969768249292e-02,3.874119467387129312e-01,-7.826800452683632114e-01
8.033760410625994108e-01,3.465610152723267584e-02,3.999525345049811387e-01,-7.746273074808419645e-01
8.018178969298197512e-01,3.515054608147935578e-02,4.108032041249718436e-01,-7.675915553697996163e-01
8.002840212637298833e-01,3.573159324782412827e-02,3.624857505488359166e-01,-7.984448944361558498e-01
7.987441483535610010e-01,3.631020838365773412e-02,2.893224694832781108e-01,-8.430169218448239077e-01
7.971906146953829930e-01,3.686409766923659515e-02,2.633034692856237591e-01,-8.583102764818654196e-01
7.956100941000501248e-01,3.734997275471298173e-02,2.309592046190516168e-01,-8.769497108620016856e-01
7.940012721503328930e-01,3.776767831625478522e-02,2.982084787673946469e-01,-8.377299810992832052e-01
7.923949995314174544e-01,3.821338058993001274e-02,3.187958367065261145e-01,-8.253509334177031587e-01
7.907976563558491989e-01,3.870631979726582572e-02,3.159905635210507047e-01,-8.270486300568723470e-01
7.892034281121871331e-01,3.922656526713332037e-02,2.739559766619851233e-01,-8.520821693581053236e-01
7.875892862996145549e-01,3.969717092410279813e-02,2.691697978073427366e-01,-8.548860755636725761e-01
7.859639003736600404e-01,4.014761969484807735e-02,3.081214071817772737e-01,-8.317923976679654219e-01
7.843376666759058757e-01,4.061261514285324087e-02,3.188726264678711786e-01,-8.253044126454970320e-01
7.827221598004783232e-01,4.112510140755485516e-02,3.330182607005975903e-01,-8.166894999321360205e-01
7.811134635164993512e-01,4.167541710875780070e-02,2.860113545422177106e-01,-8.449784881627355748e-01
7.794891088321770356e-01,4.219660056467415543e-02,2.887036254053256812e-01,-8.433838832908027161e-01
7.778625208841182248e-01,4.272834451131257705e-02,3.008496473741582022e-01,-8.361521109378614591e-01
7.762388800673092337e-01,4.328482286501787735e-02,2.857832178606352080e-01,-8.451134729368386944e-01
7.746122488429167952e-01,4.384669336884334384e-02,2.773174065415785483e-01,-8.501074011314225798e-01
7.729821210766656403e-01,4.441293103129106967e-02,2.709608069181351775e-01,-8.538379196790599757e-01
7.713487848666229496e-01,4.498481795151387796e-02,2.663562321728959459e-01,-8.565300740937845658e-01
7.697123697815517751e-01,4.556208859978422288e-02,2.610835777100242172e-01,-8.596024792251216740e-01
7.680727351729417229e-01,4.614401562731001993e-02,2.585745617598369517e-01,-8.610606472485913265e-01
7.664301130795156958e-01,4.673136061292258725e-02,2.567661088373355271e-01,-8.621101386497345143e-01
7.647840970488364309e-01,4.732307551227214748e-02,2.586118579458869249e-01,-8.610389898570871559e-01
7.631347649416322376e-01,4.791908552496020046e-02,2.672845087351971571e-01,-8.559880205147749610e-01
7.614781334335352092e-01,4.850785047790445725e-02,2.966021750769024523e-01,-8.386881571377394762e-01
7.598820727792967578e-01,4.922776902035289059e-02,3.366945663245782816e-01,-8.144356534898393729e-01
7.583156351186470800e-01,5.003267633962325128e-02,1.673717262318447085e-01,-9.124846704291285082e-01
7.567105549751225180e-01,5.078289173491744302e-02,1.489174770017540617e-01,-9.225413394521927435e-01
7.551014523189507610e-01,5.153498725496921673e-02,1.108112067243156584e-01,-9.429680764881090971e-01
7.534883519644850480e-01,5.228895130153527609e-02,6.213947775791395234e-02,-9.684319915420421809e-01
7.518712787877287473e-01,5.304477224755731884e-02,-1.606909866539418807e-02,-1.008002529096725164e+00
7.502199284123545198e-01,5.372363182919402680e-02,-9.314831981880478118e-02,-1.045537335449483018e+00
7.485196403007761123e-01,5.428735998932301965e-02,-2.960065930600563888e-02,-1.014692396397058660e+00
7.468057545454585000e-01,5.483030104764449741e-02,3.512457272510949302e-02,-9.822807273253866267e-01
7.450953910675759406e-01,5.539814358499442482e-02,4.506288309798445191e-02,-9.772088399630938227e-01
7.433835010680176492e-01,5.597510617855874782e-02,4.357531386249668959e-02,-9.779696754692873695e-01
7.416676128420519598e-01,5.655341630442849155e-02,4.358654237206749382e-02,-9.779639347276219974e-01
7.399477528507978352e-01,5.713306504434609995e-02,4.288314487065136849e-02,-9.783234920665805356e-01
7.382239476166239101e-01,5.771404345941096026e-02,4.149913626014167800e-02,-9.790305734449044062e-01
7.364962237227392627e-01,5.829634259021720943e-02,3.963132299608596032e-02,-9.799840187492416810e-01
7.347646078127838543e-01,5.887995345699190836e-02,3.747579435846026819e-02,-9.810831797770970253e-01
7.330291265904169684e-01,5.946486705973352827e-02,3.522019061855141686e-02,-9.822320547515482891e-01
7.312898068189059853e-01,6.005107437835073558e-02,3.306212575511136009e-02,-9.833299925482231751e-01
7.295466753207134891e-01,6.063856637280152367e-02,3.123917311216273252e-02,-9.842564843006305075e-01
7.277997589770834885e-01,6.122733398323254583e-02,3.007799930546861678e-02,-9.848461812356950063e-01
7.260490847276269699e-01,6.181736813011892706e-02,3.008906912168662906e-02,-9.848405611459721820e-01
7.242946795699065632e-01,6.240865971440420767e-02,3.218558045733799222e-02,-9.837755940978928360e-01
7.225365705590203191e-01,6.300119961764069632e-02,3.832354868889265020e-02,-9.806510344210662700e-01
7.207747848071838215e-01,6.359497870213010051e-02,5.398533234318148022e-02,-9.726328534739192566e-01
7.190166459138427335e-01,6.420903029796959371e-02,7.784153802117310672e-02,-9.602908215633568778e-01
7.172798450518484970e-01,6.489007086395753854e-02,7.074758057475960538e-02,-9.639773957024305728e-01
7.155571635518788165e-01,6.561918172877566346e-02,4.371669187097193543e-03,-9.978117712338849810e-01
7.138310148972293323e-01,6.634976003847381509e-02,-3.703581472683947773e-02,-1.018349554292061088e+00
7.121014257072477704e-01,6.708179452663071141e-02,-7.357210367273414597e-02,-1.036133246099522731e+00
7.103684226543387492e-01,6.781527390436895009e-02,-1.099449694582177450e-01,-1.053539258622201436e+00
7.086320324635533296e-01,6.855018686052918864e-02,-1.490940782696983380e-01,-1.071958058073961384e+00
7.068922819121763457e-01,6.928652206184451878e-02,-1.943906519975506786e-01,-1.092881810626176842e+00
7.051491978293134011e-01,7.002426815311521557e-02,-2.517252725918077694e-01,-1.118805288060352288e+00
7.034028070954772005e-01,7.076341375738395834e-02,-3.357994768555228049e-01,-1.155767916519368832e+00
7.016531366421734361e-01,7.150394747611113488e-02,-5.123858116169823784e-01,-1.229790962569241808e+00
6.998467831831700625e-01,7.207052916141003240e-02,-6.002479287690583032e-01,-1.265009062722104893e+00
6.979791225799485410e-01,7.244788479006913917e-02,-3.825602555333358357e-01,-1.175823224610458073e+00
6.961035069386576346e-01,7.281098627442141036e-02,-2.732441509169469818e-01,-1.128381208154827009e+00
6.942245102145323532e-01,7.317474230449658168e-02,-1.955431636827673625e-01,-1.093408964515458548e+00
6.923421613840268218e-01,7.353914727072669022e-02,-1.067176629273571820e-01,-1.052006493766724393e+00
6.904755377057855137e-01,7.398274388165126947e-02,-5.979432767081327427e-02,-1.029463125940319079e+00
6.886283048561629982e-01,7.451940901747133861e-02,-1.185531894921336704e-01,-1.057616749816365997e+00
6.867814827341496287e-01,7.507074761596628509e-02,-1.600349097261015707e-01,-1.077049167738456381e+00
6.849315025721895989e-01,7.562302899573798698e-02,-1.870722372138193812e-01,-1.089528447179705095e+00
6.830783928992657517e-01,7.617624463992435369e-02,-2.114868568465015919e-01,-1.100675636528083423e+00
6.812221822926214365e-01,7.673038601725579166e-02,-2.385928095510887470e-01,-1.112920846040314160e+00
6.793628993773206393e-01,7.728544458218677971e-02,-2.772335480212329006e-01,-1.130147577983173335e+00
6.774967077143784211e-01,7.782607778293482159e-02,-3.291118979907665665e-01,-1.152871154115136410e+00
6.756110435974911343e-01,7.830481954706519643e-02,-3.318864781206267711e-01,-1.154073861639984822e+00
6.737104131817385211e-01,7.873981731506700388e-02,-2.792319722646701141e-01,-1.131031375455460175e+00
6.718074127656847860e-01,7.917842559770817135e-02,-2.622029347307954783e-01,-1.123478052625326296e+00
6.699014342347766604e-01,7.961772028368946374e-02,-2.522136437556010691e-01,-1.119023522431767725e+00
6.679925069815607630e-01,8.005769459854336634e-02,-2.460452178270315926e-01,-1.116263955266419750e+00
6.660806604440570045e-01,8.049834175732165087e-02,-2.422553153066564491e-01,-1.114565078991198499e+00
6.641659241053039509e-01,8.093965496470006959e-02,-2.401259501802452956e-01,-1.113609424430417327e+00
6.622483274929045205e-01,8.138162741508302156e-02,-2.392590703199815039e-01,-1.113220135606602046e+00
6.603279001785706814e-01,8.182425229270856581e-02,-2.394201932597923577e-01,-1.113292501214210306e+00
6.584046717776674829e-01,8.226752277175353179e-02,-2.404693520674454632e-01,-1.113763597927067028e+00
6.564786719487556432e-01,8.271143201643879617e-02,-2.423279561311950658e-01,-1.114597665586643416e+00
6.545499303931355817e-01,8.315597318113465697e-02,-2.449627527351256884e-01,-1.115778989197737880e+00
6.526184768543877857e-01,8.360113941046640185e-02,-2.483794402304517757e-01,-1.117309017340526012e+00
6.506843411179150660e-01,8.404692383942012623e-02,-2.526232776140859837e-01,-1.119206539300984460e+00
6.487475530104833688e-01,8.449331959344844045e-02,-2.577868363295210408e-01,-1.121510961306005694e+00
6.468081423997609214e-01,8.494031978857660703e-02,-2.640279246698242765e-01,-1.124289964675405429e+00
6.448661391938587117e-01,8.538791753150867803e-02,-2.716058627750250754e-01,-1.127655028266634885e+00
6.429215733408685240e-01,8.583610591973370174e-02,-2.809568250474965279e-01,-1.131793631828478031e+00
6.409744748284013083e-01,8.628487804163233188e-02,-2.928663162789806318e-01,-1.137042794392093548e+00
6.390248736831247722e-01,8.673422697658331182e-02,-3.089355143245686719e-01,-1.144087196993554656e+00
6.370727999703004185e-01,8.718414579507015316e-02,-3.332559892284778780e-01,-1.154667046913731676e+00
6.351182837933198044e-01,8.763462755878809185e-02,-3.832281439255924571e-01,-1.176107199164086570e+00
6.331505279123592622e-01,8.803051125623051476e-02,-4.019369563175572146e-01,-1.184034187140539096e+00
6.311686875348402337e-01,8.836824139622631580e-02,-3.454432028469978100e-01,-1.159932413051294020e+00
6.291836063080058494e-01,8.870289510863878235e-02,-3.181684821557995146e-01,-1.148115186797822762e+00
6.271961756860056081e-01,8.903794489240771104e-02,-3.019021684476197454e-01,-1.141009276232064495e+00
6.252064263174781367e-01,8.937338558065097138e-02,-2.904495862909679538e-01,-1.135979571247198061e+00
6.232143888868202364e-01,8.970921200045817168e-02,-2.817619646779061515e-01,-1.132149267843205465e+00
6.212200941137132615e-01,9.004541897297049791e-02,-2.748795560064449806e-01,-1.129105644307230039e+00
6.192235727526498312e-01,9.038200131346052490e-02,-2.692719480774725671e-01,-1.126619699844394029e+00
6.172248555924590985e-01,9.071895383141215241e-02,-2.646136871618782749e-01,-1.124550437802537273e+00
6.152239734558320183e-01,9.105627133060076317e-02,-2.606896824176199168e-01,-1.122804382970435277e+00
6.132209571988466168e-01,9.139394860917321450e-02,-2.573494110807938995e-01,-1.121315928309588372e+00
6.112158377104912610e-01,9.173198045972817682e-02,-2.544823966998959186e-01,-1.120036783636991107e+00
6.092086459121890396e-01,9.207036166939631949e-02,-2.520039541994016918e-01,-1.118929825413283785e+00
6.071994127573203670e-01,9.240908701992080199e-02,-2.498462250310871102e-01,-1.117965216377990512e+00
6.051881692307459204e-01,9.274815128773769568e-02,-2.479519743704337031e-01,-1.117117708377426855e+00
6.031749463483292439e-01,9.308754924405654441e-02,-2.462696348737338781e-01,-1.116364472237330707e+00
6.011597751564574654e-01,9.342727565494102215e-02,-2.447483449747707152e-01,-1.115682905208630782e+00
5.991426867315631233e-01,9.376732528138960465e-02,-2.433312650382088993e-01,-1.115047651465267631e+00
5.971237121796451053e-01,9.410769287941636585e-02,-2.419433875580512261e-01,-1.114425137709146973e+00
5.951028826357886992e-01,9.444837320013192705e-02,-2.404621263774568973e-01,-1.113760354105611361e+00
5.930802292636853101e-01,9.478936098982426728e-02,-2.386192960442301558e-01,-1.112932745517100086e+00
5.910557832551520674e-01,9.513065099003986669e-02,-2.354300193224609927e-01,-1.111498996545863260e+00
5.890301593320046436e-01,9.547557365005622521e-02,-2.335469850357276833e-01,-1.110651603805499210e+00
5.870036522795898382e-01,9.582573866611732161e-02,-2.365545525406036464e-01,-1.112004744837270742e+00
5.849757105716347771e-01,9.617780916112533829e-02,-2.398379942281665400e-01,-1.113480127450942270e+00
5.829461026586241212e-01,9.653016892561108730e-02,-2.419163830681489991e-01,-1.114413021759952827e+00
5.809148598396225438e-01,9.688281252575112190e-02,-2.436461038643178423e-01,-1.115188819825736033e+00
5.788820134389072170e-01,9.723573452334485778e-02,-2.452372865125935775e-01,-1.115902005783927953e+00
5.768475948054843094e-01,9.758892947589850597e-02,-2.467774926378740741e-01,-1.116591909624046197e+00
5.748116353126058176e-01,9.794239193670897792e-02,-2.483114687365772788e-01,-1.117278599426560826e+00
5.727741663572858410e-01,9.829611645494787386e-02,-2.498649774479295704e-01,-1.117973603198183508e+00
5.707352193598161927e-01,9.865009757574555449e-02,-2.514541538492502948e-01,-1.118684117098857511e+00
5.686948257632816750e-01,9.900432984027524030e-02,-2.530898282797353627e-01,-1.119414949104993617e+00
5.666530170330756899e-01,9.935880778583719430e-02,-2.547797602872241551e-01,-1.120169523013023305e+00
5.646098246564146272e-01,9.971352594594301566e-02,-2.565298931570165752e-01,-1.120950441882698323e+00
5.625652801418528082e-01,1.000684788503998363e-01,-2.583451019574807273e-01,-1.121759823650981369e+00
5.605194150187954305e-01,1.004236610253947948e-01,-2.602296479206189783e-01,-1.122599504685717786e+00
5.584722608370137342e-01,1.007790669935793582e-01,-2.621874186386354832e-01,-1.123471147221251742e+00
5.564238491661577246e-01,1.011346912741538234e-01,-2.642219194829329432e-01,-1.124376235733810292e+00
5.543742115952693394e-01,1.014905283829518751e-01,-2.663357754797464061e-01,-1.125315855873250559e+00
5.523233797322955052e-01,1.018465728325251007e-01,-2.685288998330868093e-01,-1.126289882682556476e+00
5.502713852036003050e-01,1.022028191322276458e-01,-2.707921933480295085e-01,-1.127294191126712697e+00
5.482182596534781460e-01,1.025592617883008539e-01,-2.730820824381714473e-01,-1.128309391274472828e+00
5.461640347436645948e-01,1.029158953039580604e-01,-2.751660643100874992e-01,-1.129232511181859078e+00
5.441088623448986361e-01,1.032733897016208241e-01,-2.771117270254548348e-01,-1.130093680641323983e+00
5.420535316689367722e-01,1.036357962070770244e-01,-2.851993156755374681e-01,-1.133666315842337013e+00
5.399965180950747623e-01,1.039944545709246826e-01,-2.938557898114531053e-01,-1.137477819481089059e+00
5.379370955737144966e-01,1.043453010472241149e-01,-2.904725399517507078e-01,-1.135989674227609658e+00
5.358767317352581827e-01,1.046963078877921061e-01,-2.908566712013203048e-01,-1.136158735037195555e+00
5.338154583530647646e-01,1.050474696796689367e-01,-2.921870790558560582e-01,-1.136744069285543279e+00
5.317533072145197437e-01,1.053987810075054099e-01,-2.939815861903700700e-01,-1.137533114326950034e+00
5.296903101205447939e-01,1.057502364536462292e-01,-2.960770613845769006e-01,-1.138453802920688096e+00
5.276264988851070425e-01,1.061018305982136256e-01,-2.984031713841692746e-01,-1.139474954259271700e+00
5.255619053347289071e-01,1.064535580191909858e-01,-3.009267196683580448e-01,-1.140581746157792065e+00
5.234965613079967106e-01,1.068054132925063682e-01,-3.036328637757106375e-01,-1.141767429810340406e+00
5.214304986550706289e-01,1.071573909921161721e-01,-3.065176207981561429e-01,-1.143030017452803415e+00
5.193637492371924180e-01,1.075094856900888629e-01,-3.095847041849046910e-01,-1.144370877025846278e+00
5.172963449261948066e-01,1.078616919566886545e-01,-3.128443860856422454e-01,-1.145794216290884515e+00
5.152283176040097779e-01,1.082140043604591650e-01,-3.163135609890590505e-01,-1.147307090969570842e+00
5.131596991621769632e-01,1.085664174683073357e-01,-3.200167822050166144e-01,-1.148919832801669649e+00
5.110905215013517022e-01,1.089189258455870862e-01,-3.239883847844089448e-01,-1.150646941848110449e+00
5.090208165308132138e-01,1.092715240561831502e-01,-3.282761425197220362e-01,-1.152508630128088019e+00
5.069506161679725453e-01,1.096242066625949529e-01,-3.329474219747436958e-01,-1.154533421766015255e+00
5.048799523378801890e-01,1.099769682260203912e-01,-3.380998081908934694e-01,-1.156762641249661661e+00
5.028088569727339197e-01,1.103298033064397943e-01,-3.438804491645472972e-01,-1.159258577352157094e+00
5.007373620113863000e-01,1.106827064626997453e-01,-3.505241125839979599e-01,-1.162120524121314169e+00
4.986654993988522411e-01,1.110356722525970008e-01,-3.584367121393368105e-01,-1.165519932107270673e+00
4.965933010858163410e-01,1.113886952329624369e-01,-3.684107389739097460e-01,-1.169790895405631748e+00
4.945207990281399457e-01,1.117417699597449826e-01,-3.823500910050712243e-01,-1.175733852113254096e+00
4.924480251863685432e-01,1.120948909880956079e-01,-4.074622829522838163e-01,-1.186365155823570161e+00
4.903719342382800161e-01,1.124282471801167083e-01,-4.290711000287454890e-01,-1.195437618627063880e+00
4.882898190338517130e-01,1.127232234355767942e-01,-4.128427115332313768e-01,-1.188630603481683590e+00
4.862047883831261408e-01,1.129996170375077991e-01,-3.847443960070415780e-01,-1.176751628852512610e+00
4.841196130200597914e-01,1.132760298226412471e-01,-3.701123423348520181e-01,-1.170517980355215260e+00
4.820343251006363738e-01,1.135524575283500676e-01,-3.592992314346608040e-01,-1.165889888211858905e+00
4.799489567825750425e-01,1.138288958917770821e-01,-3.498990773798693610e-01,-1.161851572869731619e+00
4.778635402248350150e-01,1.141053406499007716e-01,-3.406012419269788261e-01,-1.157843358113254784e+00
4.757781075871195808e-01,1.143817875396009598e-01,-3.301138209617096031e-01,-1.153305606056655552e+00
4.736926910293797199e-01,1.146582322977246216e-01,-3.161485413039648584e-01,-1.147235172623279009e+00
4.716073227113183330e-01,1.149346706611516500e-01,-2.909049501169496121e-01,-1.136179981392450689e+00
4.695260282918712891e-01,1.152374264371849588e-01,-2.758083266783524223e-01,-1.129516855420206856e+00
4.674507579883075414e-01,1.155791406132511967e-01,-2.991363313496449017e-01,-1.139796618414726126e+00
4.653775500007741872e-01,1.159334778510366648e-01,-3.248833816736063085e-01,-1.151035786443499909e+00
4.633045178764571559e-01,1.162877850315935796e-01,-3.404057445878887478e-01,-1.157758931983635664e+00
4.612316935840760079e-01,1.166420566910669754e-01,-3.526478314674645897e-01,-1.163033890936745030e+00
4.591591090891455895e-01,1.169962873661495872e-01,-3.633690037272736539e-01,-1.167633933956731873e+00
4.570867963534829270e-01,1.173504715941661863e-01,-3.733572855011704217e-01,-1.171903274806061157e+00
4.550147873347137883e-01,1.177046039131578459e-01,-3.830770029089882733e-01,-1.176042942629642374e+00
4.529431139857805211e-01,1.180586788619661098e-01,-3.928744154989771697e-01,-1.180201006396358387e+00
4.508718082544489469e-01,1.184126909803172728e-01,-4.030793785157977815e-01,-1.184516516776274342e+00
4.488009020828157003e-01,1.187666348089065349e-01,-4.140945684510666247e-01,-1.189157083169026352e+00
4.467304274068158443e-01,1.191205048894821983e-01,-4.265429376162570563e-01,-1.194379729238677745e+00
4.446604161557302648e-01,1.194742957649298498e-01,-4.416637379778449723e-01,-1.200693024039802159e+00
4.425909002516930091e-01,1.198280019793565576e-01,-4.631129018357502680e-01,-1.209592039423106558e+00
4.405210871903039171e-01,1.201762340663687922e-01,-4.934456324317757492e-01,-1.222066132593394361e+00
4.384471618232844148e-01,1.204943130099184745e-01,-5.024230865966328174e-01,-1.225733693179979822e+00
4.363694827307352808e-01,1.207841795640472865e-01,-4.786419324714203949e-01,-1.215994215640609166e+00
4.342919304532815161e-01,1.210705121919652127e-01,-4.664260228203160885e-01,-1.210960785005161133e+00
4.322150362835256443e-01,1.213567541180949894e-01,-4.608450400900543364e-01,-1.208654226853178359e+00
4.301388322497449734e-01,1.216429009282319895e-01,-4.580528982119818071e-01,-1.207498612095261104e+00
4.280633503695741027e-01,1.219289482096384131e-01,-4.568698617453819111e-01,-1.207008641951407890e+00
4.259886226495111505e-01,1.222148915511113432e-01,-4.567569650776752699e-01,-1.206961873912210770e+00
4.239146810844239832e-01,1.225007265430507197e-01,-4.574233027618261893e-01,-1.207237881596591622e+00
4.218415576570572201e-01,1.227864487775273961e-01,-4.586960598715017490e-01,-1.207764902566514253e+00
4.197692843375386840e-01,1.230720538483510151e-01,-4.604664688209207934e-01,-1.208497608115514987e+00
4.176978930828864067e-01,1.233575373511381079e-01,-4.626640321620283380e-01,-1.209406479295537906e+00
4.156274158365160787e-01,1.236428948833799002e-01,-4.652431015925628799e-01,-1.210472263867521603e+00
4.135578845277482207e-01,1.239281220445102166e-01,-4.681755591955745199e-01,-1.211682944996575584e+00
4.114893310713155228e-01,1.242132144359734125e-01,-4.714468800881264077e-01,-1.213032101837427268e+00
4.094217873668712926e-01,1.244981676612921251e-01,-4.750543601785086611e-01,-1.214518159674242481e+00
4.073552852984971828e-01,1.247829773261351360e-01,-4.790070655851887960e-01,-1.216144344058380566e+00
4.052898567342114733e-01,1.250676390383850534e-01,-4.833276185598702757e-01,-1.217919380977193544e+00
4.032255335254775752e-01,1.253521484082061321e-01,-4.880566138419484279e-01,-1.219859259850065047e+00
4.011623475067131461e-01,1.256365010481119704e-01,-4.932617554852274377e-01,-1.221990898282482085e+00
3.991003304947988717e-01,1.259206925730330939e-01,-4.990570360760167024e-01,-1.224359847461528261e+00
3.970395142885878026e-01,1.262047186003846244e-01,-5.056471485176046166e-01,-1.227048144335667335e+00
3.949799306684153022e-01,1.264885747501338087e-01,-5.134510688042359661e-01,-1.230223991313872833e+00
3.929216113956087164e-01,1.267722566448677424e-01,-5.235966107488965182e-01,-1.234340557038006603e+00
3.908644924210858962e-01,1.270550448131531895e-01,-5.388525680540230400e-01,-1.240504964945333466e+00
3.888072693612822928e-01,1.273268061867013912e-01,-5.478393902452702857e-01,-1.244121935440923865e+00
3.867496983672338851e-01,1.275853305883521416e-01,-5.411462892839717931e-01,-1.241429131800914298e+00
3.846931484602100770e-01,1.278407517788497372e-01,-5.371244918041695460e-01,-1.239808247998120727e+00
3.826380239036498709e-01,1.280959959424193273e-01,-5.369594531528587567e-01,-1.239741688075729265e+00
3.805843563901163407e-01,1.283510591428801417e-01,-5.383664024422185612e-01,-1.240308994743736681e+00
3.785321775897030339e-01,1.286059374468421779e-01,-5.407296704232080753e-01,-1.241261322374627163e+00
3.764815191495458624e-01,1.288606269237665969e-01,-5.437843979735677014e-01,-1.242491206396877379e+00
3.744324126933346597e-01,1.291151236460266194e-01,-5.473957093784034278e-01,-1.243943611816228367e+00
3.723848898208257929e-01,1.293694236889680049e-01,-5.514900786155230161e-01,-1.245588246016926304e+00
3.703389821073549415e-01,1.296235231309694758e-01,-5.560280035222813222e-01,-1.247408515091299686e+00
3.682947211033499313e-01,1.298774180535032796e-01,-5.609915939555518705e-01,-1.249396491893406846e+00
3.662521383338442904e-01,1.301311045411956413e-01,-5.663786624300566341e-01,-1.251550503347770071e+00
3.642112652979911935e-01,1.303845786818871311e-01,-5.722001720646427980e-01,-1.253874065472542876e+00
3.621721334685774063e-01,1.306378365666929220e-01,-5.784798153228172257e-01,-1.256375666479901732e+00
3.601347742915383399e-01,1.308908742900631028e-01,-5.852553795335704301e-01,-1.259069251285873658e+00
3.580992191854727724e-01,1.311436879498429908e-01,-5.925821504453123723e-01,-1.261975495184162632e+00
3.560654995411586254e-01,1.313962736473331949e-01,-6.005392925587209607e-01,-1.265124220208719619e+00
3.540336467210686289e-01,1.316486274873497897e-01,-6.092413591362408898e-01,-1.268558772440694149e+00
3.520036920588868190e-01,1.319007455782844063e-01,-6.188597831362196988e-01,-1.272344207805505611e+00
3.499756668590252029e-01,1.321526240321641565e-01,-6.296662036203219959e-01,-1.276583802035856197e+00
3.479496023961411999e-01,1.324042589647117518e-01,-6.421309522858980046e-01,-1.281456574483075483e+00
3.459255299146551388e-01,1.326556464954052050e-01,-6.571933999146115646e-01,-1.287320239845008985e+00
3.439034806282686429e-01,1.329067827475378105e-01,-6.773164860206259963e-01,-1.295112537975223965e+00
3.418833714566682502e-01,1.331566403026107626e-01,-7.096355186749252475e-01,-1.307530312717424259e+00
3.398629232991299265e-01,1.333845004929040678e-01,-7.271111263661791391e-01,-1.314195999981045082e+00
3.378417363253714556e-01,1.335863001454785093e-01,-7.092403994260469968e-01,-1.307379210262289204e+00
3.358221550616320439e-01,1.337827789969734393e-01,-6.990396393207951586e-01,-1.303472147504807666e+00
3.338047590069896375e-01,1.339790452561941958e-01,-6.970547754881044611e-01,-1.302710549388506500e+00
3.317895792721870518e-01,1.341750958964723073e-01,-6.985998497551175745e-01,-1.303303437329587311e+00
3.297766469337887196e-01,1.343709278944643926e-01,-7.024435551539187639e-01,-1.304777205178692112e+00
3.277659930337014638e-01,1.345665382301987623e-01,-7.081317704749421349e-01,-1.306955152434444489e+00
3.257576485786954912e-01,1.347619238871220482e-01,-7.155442085228733706e-01,-1.309787848669727639e+00
3.237516445399268861e-01,1.349570818521457771e-01,-7.247917176351010848e-01,-1.313313259521543541e+00
3.217480118524594368e-01,1.351520091156926395e-01,-7.362530864640679518e-01,-1.317669566493841371e+00
3.197467814147879617e-01,1.353467026717430910e-01,-7.507941968355005269e-01,-1.323175799671192809e+00
3.177479840883611351e-01,1.355411595178817041e-01,-7.705856066026977036e-01,-1.330633535802663303e+00
3.157516506971065895e-01,1.357353766553433538e-01,-8.040717933578998000e-01,-1.343157397090117611e+00
3.137564408408214378e-01,1.359130072690638014e-01,-8.331152971426376563e-01,-1.353925883179222467e+00
3.117611734594649686e-01,1.360585803707339836e-01,-8.214056647811802669e-01,-1.349594629798585244e+00
3.097672537854124775e-01,1.361884778998548040e-01,-7.984547892900797361e-01,-1.341064796827535766e+00
3.077759276727675131e-01,1.363182064666935145e-01,-7.911374656894964996e-01,-1.338333839402372938e+00
3.057872258302424262e-01,1.364477640706751593e-01,-7.893759147216596883e-01,-1.337675564074360945e+00
3.038011789260796069e-01,1.365771487138611184e-01,-7.909276312805861853e-01,-1.338255443209773077e+00
3.018178175875790847e-01,1.367063584009802490e-01,-7.949787793011204862e-01,-1.339768181179535445e+00
2.998371724006263506e-01,1.368353911394592781e-01,-8.012489194898155809e-01,-1.342106150604271519e+00
2.978592739092203456e-01,1.369642449394537775e-01,-8.097727426725018773e-01,-1.345277942535482829e+00
2.958841526150026713e-01,1.370929178138787230e-01,-8.208944675027447513e-01,-1.349405227314147027e+00
2.939118389767868544e-01,1.372214077784392472e-01,-8.354557603452315018e-01,-1.354789932183300349e+00
2.919423634100891674e-01,1.373497128516611432e-01,-8.555095030920383259e-01,-1.362170878815150088e+00
2.899757562866591698e-01,1.374778310549214511e-01,-8.882752264518967156e-01,-1.374145271232956933e+00
2.880115481102950570e-01,1.375962093701005862e-01,-9.300976593046166307e-01,-1.389279546853194214e+00
2.860485953917290547e-01,1.376787050961243986e-01,-9.280518730418634288e-01,-1.388543075688278172e+00
2.840874307329839255e-01,1.377349214886963713e-01,-8.925432325409203838e-01,-1.375697362264288293e+00
2.821292606645797174e-01,1.377910520419353135e-01,-8.806522435879438060e-01,-1.371368748217613343e+00
2.801741153839211185e-01,1.378470958902387189e-01,-8.765504119680576078e-01,-1.369872407185449337e+00
2.782220250417668517e-01,1.379030521693410671e-01,-8.770095226851224446e-01,-1.370039971199790374e+00
2.762730197417652134e-01,1.379589200163273688e-01,-8.809695475424907940e-01,-1.371484432118166952e+00
2.743271295399889453e-01,1.380146985696462658e-01,-8.882046994511729743e-01,-1.374119608859131647e+00
2.723843844444718831e-01,1.380703869691234931e-01,-8.990949476779330762e-01,-1.378076539121805499e+00
2.704448144147467148e-01,1.381259843559750622e-01,-9.149022820882355411e-01,-1.383799942942705696e+00
2.685084493613828505e-01,1.381814898728204177e-01,-9.392040204340177389e-01,-1.392553058390960441e+00
2.665753191455246252e-01,1.382369026636958709e-01,-9.880412351343290656e-01,-1.409979161241161405e+00
2.646451214451528422e-01,1.382627418662165375e-01,-1.007876657193108816e+00,-1.416995644733288762e+00
2.627178697960830256e-01,1.382513872964559187e-01,-9.707814233047598051e-01,-1.403845227688850228e+00
2.607939266459667893e-01,1.382323824631801201e-01,-9.469317544613569115e-01,-1.395324963749074776e+00
2.588733384883772359e-01,1.382134107707347070e-01,-9.371730310439643219e-01,-1.391823635035690954e+00
2.569561349411598750e-01,1.381944725116866501e-01,-9.337197987638761187e-01,-1.390582539356753244e+00
2.550423455699649677e-01,1.381755679780873047e-01,-9.345515456041744162e-01,-1.390881571379883663e+00
2.531319998877922806e-01,1.381566974614680254e-01,-9.390357125540862437e-01,-1.392492625673143802e+00
2.512251273545352825e-01,1.381378612528354477e-01,-9.472528387230778613e-01,-1.395440016168046471e+00
2.493217573765271200e-01,1.381190596426672967e-01,-9.600288055594259351e-01,-1.400010287661996422e+00
2.474219193060877842e-01,1.381002929209075858e-01,-9.797298126649423011e-01,-1.407028717782598193e+00
2.455256424410703908e-01,1.380815613769624250e-01,-1.015208349669798782e+00,-1.419580342801984196e+00
2.436331996452457682e-01,1.380528842760837538e-01,-1.061613468065853549e+00,-1.435831977658198477e+00
2.417455388717832387e-01,1.379858226587050707e-01,-1.052516675150120040e+00,-1.432660697845138831e+00
2.398624433752981622e-01,1.378904324133687354e-01,-1.008158169758213152e+00,-1.417094975560287962e+00
2.379830211914791271e-01,1.377952282436706311e-01,-9.912711334833601562e-01,-1.411124067360258749e+00
2.361073013033411216e-01,1.377002116177768465e-01,-9.838357878484957908e-01,-1.408487056329768228e+00
2.342353126368053595e-01,1.376053840009613116e-01,-9.821328955759065504e-01,-1.407882415394093423e+00
2.323670840602526377e-01,1.375107468555831769e-01,-9.850430447207734197e-01,-1.408915556277512859e+00
2.305026443840788586e-01,1.374163016410643035e-01,-9.925747784755962755e-01,-1.411585908995834471e+00
2.286420223602502744e-01,1.373220498138667256e-01,-1.005840849391083758e+00,-1.416277108969527854e+00
2.267852466818601198e-01,1.372279928274702243e-01,-1.028399063000969171e+00,-1.424218755318497065e+00
2.249323459826862992e-01,1.371341321323498730e-01,-1.076470149303258683e+00,-1.440996235006621662e+00
2.230850229304488508e-01,1.370162439066766602e-01,-1.101625680972548427e+00,-1.449698479330287615e+00
2.212443815457641183e-01,1.368601520701974161e-01,-1.066677609595814147e+00,-1.437594382847892982e+00
2.194087702584505695e-01,1.366901661513059696e-01,-1.032505122763989647e+00,-1.425659539568963741e+00
2.175771359818457484e-01,1.365205485216184345e-01,-1.017900801965424762e+00,-1.420528353101558006e+00
2.157495069620159467e-01,1.363513017968485397e-01,-1.011506089148398679e+00,-1.418275745103327434e+00
2.139259113832616133e-01,1.361824285869901452e-01,-1.010681578743085396e+00,-1.417985041791021583e+00
2.121063773676824527e-01,1.360139314962769963e-01,-1.014745986493938545e+00,-1.419417481396484160e+00
2.102909329747439382e-01,1.358458131231427557e-01,-1.024084173266419207e+00,-1.422703121971136797e+00
2.084796062008442974e-01,1.356780760601806746e-01,-1.040413266374466517e+00,-1.428430350550724759e+00
2.066724249788831624e-01,1.355107228941037634e-01,-1.068831600020490491e+00,-1.438343352618035587e+00
2.048694171778304707e-01,1.353437562057048238e-01,-1.133615080334081870e+00,-1.460689932988545658e+00
2.030746066024014529e-01,1.351421958827675462e-01,-1.149706402880212863e+00,-1.466187710656521981e+00
2.012893775969393506e-01,1.348957496244380938e-01,-1.094197353293496988e+00,-1.447134186346759277e+00
1.995097490835633369e-01,1.346395105526713709e-01,-1.056163307773718252e+00,-1.433932811457258705e+00
1.977343792319860571e-01,1.343838846625535488e-01,-1.037808731782890348e+00,-1.427518382292462862e+00
1.959632954206067257e-01,1.341288758961520777e-01,-1.028575295982555815e+00,-1.424280624028339437e+00
1.941965249617290390e-01,1.338744881860176594e-01,-1.025862134982072238e+00,-1.423327838195428630e+00
1.924340951011387635e-01,1.336207254551233792e-01,-1.029241109231643136e+00,-1.424514341532454820e+00
1.906760330176845986e-01,1.333675916168045039e-01,-1.039904187337008512e+00,-1.428252144173782989e+00
1.889223658228587344e-01,1.331150905746979751e-01,-1.062273356413575343e+00,-1.436061752298129823e+00
1.871731205603787696e-01,1.328632262226822069e-01,-1.117959799805770871e+00,-1.455321201592889135e+00
1.854331078528302368e-01,1.325837993089638567e-01,-1.137555399534693201e+00,-1.462038097839688078e+00
1.837050188405938145e-01,1.322611876858220126e-01,-1.086024447356340961e+00,-1.444307601363484128e+00
1.819840773626272834e-01,1.319237122349483093e-01,-1.039838685644232985e+00,-1.428229213272236953e+00
1.802676264874922551e-01,1.315871173882291467e-01,-1.016179529637907919e+00,-1.419922367468696489e+00
1.785556926849846127e-01,1.312514083363734430e-01,-1.002098409605611362e+00,-1.414955267704817388e+00
1.768483023552412936e-01,1.309165902564301542e-01,-9.943866211893919171e-01,-1.412227538744869504e+00
1.751454818283334769e-01,1.305826683117081721e-01,-9.921229403711659955e-01,-1.411425853656920193e+00
1.734472573638600190e-01,1.302496476516970536e-01,-9.956406807859921049e-01,-1.412671469516529887e+00
1.717536551505430553e-01,1.299175334119872516e-01,-1.006926157029626623e+00,-1.416660212270262953e+00
1.700647013058237955e-01,1.295863307141912890e-01,-1.033265547083326297e+00,-1.425926206745400382e+00
1.683811334694969575e-01,1.292527076712720047e-01,-1.090412068458048722e+00,-1.445825739312331049e+00
1.667105765619525115e-01,1.288822587822648358e-01,-1.074907666714721710e+00,-1.440453979381056682e+00
1.650529682060796199e-01,1.284757235008809340e-01,-1.013044933302823303e+00,-1.418818146663913815e+00
1.634007098303230654e-01,1.280676324467900640e-01,-9.799358104542261749e-01,-1.407101919000264267e+00
1.617531782834432663e-01,1.276607088714707683e-01,-9.602895614401796287e-01,-1.400103410980838792e+00
1.601103989724149967e-01,1.272549590501880212e-01,-9.480210868498841759e-01,-1.395715259947344800e+00
1.584723972309272644e-01,1.268503892401059152e-01,-9.413359417553450736e-01,-1.393318320325741322e+00
1.568391983189933170e-01,1.264470056801914599e-01,-9.399733303547761487e-01,-1.392829253840820236e+00
1.552108274225606210e-01,1.260448145911181039e-01,-9.449857088006612393e-01,-1.394627444445526887e+00
1.535873096531227833e-01,1.256438221751700057e-01,-9.601985561794503798e-01,-1.400070911125379514e+00
1.519686700473323882e-01,1.252440346161463047e-01,-1.004792520055488136e+00,-1.415906960239792012e+00
1.503611224534021074e-01,1.248226600373444073e-01,-1.015304734467536107e+00,-1.419614290737993390e+00
1.487684434024057478e-01,1.243658846256164713e-01,-9.671939876236501643e-01,-1.402566928037179306e+00
1.471844380910951600e-01,1.238966257372423607e-01,-9.243702686208667973e-01,-1.387216734551910857e+00
1.456053487285481896e-01,1.234288231903563071e-01,-9.005234588460988565e-01,-1.378594740613099390e+00
1.440311996662760607e-01,1.229624841990521744e-01,-8.849559104915187824e-01,-1.372936965228745976e+00
1.424620151796049394e-01,1.224976159548542276e-01,-8.749018482531296659e-01,-1.369270553343322927e+00
1.408978194673006779e-01,1.220342256266058051e-01,-8.695105983804163330e-01,-1.367300478453955748e+00
1.393386366511960572e-01,1.215723203603590041e-01,-8.689337567701247433e-01,-1.367089520393644397e+00
1.377844907758190574e-01,1.211119072792644913e-01,-8.745078904721506063e-01,-1.369126688978105744e+00
1.362354058080215702e-01,1.206529934834614792e-01,-8.908057662798176679e-01,-1.375065731621516907e+00
1.346917263118451169e-01,1.201945157941314568e-01,-9.328119269341621500e-01,-1.390256065239120709e+00
1.331601618630811890e-01,1.197156149873896958e-01,-9.411389671991827743e-01,-1.393247633121686979e+00
1.316449531428434128e-01,1.192034631433650793e-01,-8.939810814242881154e-01,-1.376219852140016187e+00
1.301393990766702979e-01,1.186790545135568836e-01,-8.518496998275888465e-01,-1.360826844175109906e+00
1.286389464738276200e-01,1.181564228052523619e-01,-8.281913822787225765e-01,-1.352106276251509254e+00
1.271436184731505326e-01,1.176355760780789517e-01,-8.127405538278724695e-01,-1.346380538268387328e+00
1.256534381344465434e-01,1.171165223641374709e-01,-8.028717495967920836e-01,-1.342710597856735522e+00
1.241684284381398551e-01,1.165992696678782442e-01,-7.978929585501148836e-01,-1.340855308581099248e+00
1.226886122849171479e-01,1.160838259659777993e-01,-7.982506193251577287e-01,-1.340988672332901421e+00
1.212140124953740850e-01,1.155701992072156181e-01,-8.060539514602624855e-01,-1.343895067131456678e+00
1.197446518096635659e-01,1.150583973123516929e-01,-8.295133525920124207e-01,-1.352595043829457611e+00
1.182821826137086946e-01,1.145440963975569992e-01,-8.792708936790740726e-01,-1.370865016578610485e+00
1.168383921927033664e-01,1.139960340013954770e-01,-8.449157072629294163e-01,-1.358276741780896968e+00
1.154116243990043894e-01,1.134186797587077439e-01,-7.863233469016801536e-01,-1.336534079962677257e+00
1.139900878169121945e-01,1.128434423721958457e-01,-7.553832567856610947e-01,-1.324908773005017526e+00
1.125738043682794620e-01,1.122703307127319028e-01,-7.346751270877875939e-01,-1.317070661387530706e+00
1.111627958939489513e-01,1.116993536184066604e-01,-7.199956163383607333e-01,-1.311486033604003287e+00
1.097570841534167702e-01,1.111305198943932371e-01,-7.098638058152115793e-01,-1.307617606877183203e+00
1.083566908244969484e-01,1.105638383128113300e-01,-7.038650759116800160e-01,-1.305321828482033819e+00
1.069616375029869698e-01,1.099993176125919486e-01,-7.023521769259282177e-01,-1.304742187915270968e+00
1.055719457023348296e-01,1.094369664993426472e-01,-7.068314581296435417e-01,-1.306457599055416585e+00
1.041876368533072583e-01,1.088767936452132434e-01,-7.225884517069436352e-01,-1.312474171824704383e+00
1.028094705393969577e-01,1.083169988307497722e-01,-7.628220725814585101e-01,-1.327713098745906928e+00
1.014469037322983103e-01,1.077357540166726385e-01,-7.526858132284539593e-01,-1.323890408314998712e+00
1.001023927133323221e-01,1.071275921358207650e-01,-7.065055141563303387e-01,-1.306332849681248076e+00
9.876646931514929117e-02,1.065144824779055699e-01,-6.741631852625773469e-01,-1.293894580428628815e+00
9.743592745204013306e-02,1.059038426256189852e-01,-6.552373600099061779e-01,-1.286560282307015024e+00
9.611078764260633234e-02,1.052956819957829027e-01,-6.433994494793993102e-01,-1.281951422433548871e+00
9.479107032214302564e-02,1.046900099669865747e-01,-6.370413437315056715e-01,-1.279469164822468752e+00
9.347679584232390648e-02,1.040868358794419524e-01,-6.361050449783665073e-01,-1.279103219047769580e+00
9.216798447088730972e-02,1.034861690348396479e-01,-6.417985874724208006e-01,-1.281326885487236167e+00
9.086465639132353111e-02,1.028880186962053966e-01,-6.577108612796285225e-01,-1.287521208089260405e+00
8.956683170256382609e-02,1.022923940877573379e-01,-6.970747772191490110e-01,-1.302718226332597595e+00
8.827759702813564591e-02,1.016932861992900228e-01,-7.792935501598519110e-01,-1.333901626867533219e+00
8.702019541104150102e-02,1.010451290093991178e-01,-7.173787466229863963e-01,-1.310487980342813552e+00
8.579146597556014386e-02,1.003541737597494765e-01,-6.316283460970877339e-01,-1.277352083842621555e+00
8.456809085186553498e-02,9.966622941691991033e-02,-5.855516840516159505e-01,-1.259186913866093160e+00
8.335008890591538711e-02,9.898130658986316333e-02,-5.541042915825349358e-01,-1.246637193245306197e+00
8.213747892080656976e-02,9.829941584093659923e-02,-5.309444540603818208e-01,-1.237313401713721728e+00
8.093027959648502190e-02,9.762056768573902643e-02,-5.137565308775335904e-01,-1.230348134016357786e+00
7.972850954945770452e-02,9.694477259294879967e-02,-5.017621652317691971e-01,-1.225464061175099983e+00
7.853218731250552476e-02,9.627204098416229650e-02,-4.952047339826615158e-01,-1.222785645149083944e+00
7.734133133439724528e-02,9.560238323373311531e-02,-4.956992367228671981e-01,-1.222987831796730207e+00
7.615595997960517005e-02,9.493580966861213388e-02,-5.085753565117698827e-01,-1.228240756737770001e+00
7.497625024741652600e-02,9.427204910264266879e-02,-5.602311852936274761e-01,-1.249092144436761531e+00
7.381793841481984475e-02,9.358534315309460783e-02,-5.493569356807268544e-01,-1.244731672161003111e+00
7.268993972489751210e-02,9.286118811028895581e-02,-4.782236771387162744e-01,-1.215822222670204455e+00
7.157643510071413917e-02,9.212555770568761626e-02,-4.239860537233282045e-01,-1.193308867696594389e+00
7.046826722634767781e-02,9.139345299405765566e-02,-3.881985299551220514e-01,-1.178218371082000226e+00
6.936545319111769858e-02,9.066488526535942949e-02,-3.609288924062559190e-01,-1.166588570322140583e+00
6.826801000178076007e-02,8.993986575500852176e-02,-3.389785953578516864e-01,-1.157142426565481941e+00
6.717595458226852112e-02,8.921840564370270288e-02,-3.210218403496132300e-01,-1.149357142210206684e+00
6.608930377342633888e-02,8.850051605724931769e-02,-3.065214732982619594e-01,-1.143031702665443072e+00
6.500807433275408720e-02,8.778620806639393648e-02,-2.954556258050544670e-01,-1.138180840554370965e+00
6.393228293414729424e-02,8.707549268664943609e-02,-2.883898871033150346e-01,-1.135072635166276545e+00
6.286194616764002874e-02,8.636838087812608034e-02,-2.870936775126080587e-01,-1.134501510581897854e+00
6.179708053914940991e-02,8.566488354536277994e-02,-2.983568959340590077e-01,-1.139454648476216914e+00
6.073979344233079031e-02,8.496199097100348707e-02,-3.314638785610928284e-01,-1.153890756770801440e+00
5.970612184910736864e-02,8.423678728216237033e-02,-2.913447606103358734e-01,-1.136373512807446584e+00
5.869634285368964532e-02,8.348911151624013871e-02,-2.413036685047880159e-01,-1.114138083230614695e+00
5.769434347801437324e-02,8.274205553560240456e-02,-2.076050213788886989e-01,-1.098910834134821268e+00
5.669767916546938902e-02,8.199897719299049925e-02,-1.828941889241841867e-01,-1.087609391704661643e+00
5.570636528585137109e-02,8.125988794759175793e-02,-1.632233574574635249e-01,-1.078528329464490065e+00
5.472041712644662437e-02,8.052479919707661304e-02,-1.471412572242509764e-01,-1.071046804404107711e+00
5.373984989179549088e-02,7.979372227742297097e-02,-1.340800448726455762e-01,-1.064931943775115464e+00
5.276467870345769029e-02,7.906666846274129634e-02,-1.239384217368231234e-01,-1.060159620876414577e+00
5.179491859977935347e-02,7.834364896510084830e-02,-1.170192101233311632e-01,-1.056891295320067981e+00
5.083058453566092344e-02,7.762467493435667998e-02,-1.142040046866841241e-01,-1.055558622098594856e+00
4.987169138232653426e-02,7.690975745797773433e-02,-1.176164558986634301e-01,-1.057173805908311115e+00
4.891825392709481246e-02,7.619890756087588368e-02,-1.333308290744923408e-01,-1.064580118673316367e+00
4.797028687315087192e-02,7.549213620523595458e-02,-1.963319382813863978e-01,-1.093769600181585977e+00
4.705373162289830380e-02,7.475772478004483190e-02,-1.602927972349823538e-01,-1.077168880554475683e+00
4.617789490553154963e-02,7.398458941038318915e-02,-8.678753451808485231e-02,-1.042491023711036524e+00
4.531665624600198644e-02,7.320472346672515784e-02,-3.764430825245734802e-02,-1.018648275045148877e+00
4.446052913294106651e-02,7.242948611348885846e-02,-2.932182468328159430e-03,-1.001465018095154536e+00
4.360952676888800450e-02,7.165888930579333849e-02,2.454209124720585500e-02,-9.876527267986425773e-01
4.276366227735192704e-02,7.089294492719457053e-02,4.752182398972104593e-02,-9.759498839644784596e-01
4.192294870260959705e-02,7.013166478950233484e-02,6.724578662793789796e-02,-9.657920135163999831e-01
4.108739900950444945e-02,6.937506063259818445e-02,8.432306289123203680e-02,-9.569100987599451491e-01
4.025702608324640414e-02,6.862314412425422894e-02,9.900902881910944586e-02,-9.492054420308021490e-01
3.943184272921316375e-02,6.787592685995312569e-02,1.112748971462227399e-01,-9.427221769184054301e-01
3.861186167275279524e-02,6.713342036270940338e-02,1.207333801686658603e-01,-9.376921775461999342e-01
3.779709555898763673e-02,6.639563608289184016e-02,1.262906429424681676e-01,-9.347242144384255713e-01
3.698755695261902315e-02,6.566258539804670225e-02,1.246940506066386289e-01,-9.355778692302214594e-01
3.618325833773376049e-02,6.493427961272238425e-02,9.708629546044100778e-02,-9.502177142842365143e-01
3.540066927254422596e-02,6.419382496924080916e-02,1.182740768667678299e-01,-9.390026214730351484e-01
3.465023107997686203e-02,6.343051982974065583e-02,1.698914623787357581e-01,-9.111029237255603430e-01
3.391531930775542464e-02,6.266146469184787071e-02,2.047654889688886870e-01,-8.917592225657726690e-01
3.318533716466465222e-02,6.189756820939394666e-02,2.312410878648367696e-01,-8.767889781099915680e-01
3.246029590793206299e-02,6.113884216260744714e-02,2.530581294224562017e-01,-8.642579884372164623e-01
3.174020671859083265e-02,6.038529825198268169e-02,2.719106207213329851e-01,-8.532815357656973188e-01
3.102508070130719636e-02,5.963694809809909347e-02,2.885693226267568301e-01,-8.434635009134913153e-01
3.031492888420879786e-02,5.889380324144158352e-02,3.034124823862933695e-01,-8.346181867259463427e-01
2.960976221871526939e-02,5.815587514222328447e-02,3.165950202161023075e-01,-8.266831193292250024e-01
2.890959157936888804e-02,5.742317518020831346e-02,3.280896300223489215e-01,-8.197013907379022690e-01
2.821442776366697366e-02,5.669571465453637771e-02,3.376372854963101133e-01,-8.138566916255526307e-01
2.752428149189567463e-02,5.597350478354885112e-02,3.445232058497323946e-01,-8.096152136356304929e-01
2.683916340696422542e-02,5.525655670461532276e-02,3.465592044814356232e-01,-8.083568491195979311e-01
2.615940544805182150e-02,5.454457608395443802e-02,3.352008767846340609e-01,-8.153521467533926259e-01
2.549401255379916270e-02,5.382951036488389102e-02,3.348637105090909172e-01,-8.155588816823154952e-01
2.485917804735541733e-02,5.309708052017274998e-02,3.827232757010641251e-01,-7.856696025040906806e-01
2.424572147613074033e-02,5.235553551077541667e-02,4.107513211766036232e-01,-7.676253505606731586e-01
2.363695207801474671e-02,5.161965634634569505e-02,4.329100434032199241e-01,-7.530537541216961728e-01
2.303287924098444683e-02,5.088945437505040803e-02,4.512437756324400029e-01,-7.407808207341494144e-01
2.243351228059024816e-02,5.016494085750722309e-02,4.671135593682899101e-01,-7.299907127023672615e-01
2.183886043981227848e-02,4.944612696661103424e-02,4.811138590896629763e-01,-7.203375187440517191e-01
2.124893288891753496e-02,4.873302378736124596e-02,4.934956645568001621e-01,-7.116911798267558931e-01
2.066373872531852840e-02,4.802564231669091688e-02,5.042881029460223319e-01,-7.040681054088288038e-01
2.008328697343312458e-02,4.732399346329732581e-02,5.132866801652375965e-01,-6.976484213662081935e-01
1.950758658454552347e-02,4.662808804747391872e-02,5.198800771054656877e-01,-6.929068645168225959e-01
1.893664643666792546e-02,4.593793680094313686e-02,5.223456798748198349e-01,-6.911254011575469480e-01
1.837047533440351946e-02,4.525355036669074377e-02,5.123589665512906510e-01,-6.983129910353302883e-01
1.781656160585036452e-02,4.456936763052091188e-02,4.975070425594388945e-01,-7.088673764820617729e-01
1.730291599668295696e-02,4.386453986593166765e-02,5.580077711663631312e-01,-6.648249610488740080e-01
1.682176023361060466e-02,4.314487799962379855e-02,5.848190079550175113e-01,-6.443453980940521131e-01
1.634479293570891348e-02,4.243148079622349744e-02,6.071304317846273335e-01,-6.267930824565414172e-01
1.587202145840375250e-02,4.172435925719830685e-02,6.255585625035866570e-01,-6.119162013678125511e-01
1.540345309241604975e-02,4.102352428723696209e-02,6.415406066670912288e-01,-5.987147846286315911e-01
1.493909506364962669e-02,4.032898669408163661e-02,6.557529834894566534e-01,-5.867256739827765299e-01
1.447895453307979606e-02,3.964075718836129747e-02,6.685307171000558490e-01,-5.757336909543718795e-01
1.402303859664274198e-02,3.895884638342626827e-02,6.800101928366446558e-01,-5.656764155976058417e-01
1.357135428512610056e-02,3.828326479518460307e-02,6.901511150298620390e-01,-5.566407144380817185e-01
1.312390856406085195e-02,3.761402284194031997e-02,6.986366067105337363e-01,-5.489657487398155178e-01
1.268070833361352803e-02,3.695113084423221061e-02,7.043785954259937920e-01,-5.437107729059690309e-01
1.224176042847981843e-02,3.629459902467473131e-02,7.007547486388060465e-01,-5.470331355239771431e-01
1.181666338617152340e-02,3.563836081852408966e-02,7.071442443798137134e-01,-5.411614875618795395e-01
1.142376504729189501e-02,3.497149688065716300e-02,7.449622924906046384e-01,-5.050125815357429104e-01
1.105320141814654725e-02,3.430026360509107197e-02,7.601159754764955645e-01,-4.897795672784894805e-01
1.068635864392334170e-02,3.363577022907490721e-02,7.747469374981844625e-01,-4.746083253608342489e-01
1.032324238179161552e-02,3.297802699991844722e-02,7.875456542687520045e-01,-4.609277011975392302e-01
9.963858231453341652e-03,3.232704406083599519e-02,7.990280802542092387e-01,-4.482989178503454242e-01
9.608211735056737882e-03,3.168283145078984453e-02,8.094766027034345779e-01,-4.364898593284446959e-01
9.256308377110687713e-03,3.104539910433529171e-02,8.190319619626362790e-01,-4.254033827291030523e-01
8.908153584400328728e-03,3.041475685146770996e-02,8.277317549640332839e-01,-4.150520991827010842e-01
8.563752725903246363e-03,2.979091441747077490e-02,8.354919182562883240e-01,-4.055959587369081798e-01
8.223111112706679021e-03,2.917388142276646987e-02,8.419785800235675133e-01,-3.975190812733804258e-01
7.886233997925741479e-03,2.856366738276695794e-02,8.459803550895644841e-01,-3.924533665423645123e-01
7.553126576622295335e-03,2.796028170772763000e-02,8.374674413301138598e-01,-4.031532694520610915e-01
7.249180245150574353e-03,2.735123476043325313e-02,8.718242661361521595e-01,-3.580163877029204356e-01
6.977191627872316414e-03,2.673516132098659182e-02,8.828609785286472000e-01,-3.422557836930630870e-01
6.711449754447205637e-03,2.612473176892748244e-02,8.924928242505030251e-01,-3.278828689478865410e-01
6.448837880494964932e-03,2.552149206674616394e-02,9.014874634435503520e-01,-3.138670682891877006e-01
6.189360055815641692e-03,2.492545151714527923e-02,9.096148236244681051e-01,-3.006412752360059226e-01
5.933020281878175969e-03,2.433661931180720189e-02,9.170323783278702123e-01,-2.880410069280583962e-01
5.679822511759071921e-03,2.375500453125314534e-02,9.238434100625050327e-01,-2.759648346030613708e-01
5.429770650081151666e-03,2.318061614470248721e-02,9.301017110217034700e-01,-2.643828454690214658e-01
5.182868552953379462e-03,2.261346300993453268e-02,9.358084639880359656e-01,-2.533604862877477659e-01
4.939120027911609624e-03,2.205355387315241500e-02,9.408640974897322096e-01,-2.431787460085026442e-01
4.698528833859605056e-03,2.150089736884761016e-02,9.447354097319399235e-01,-2.350842195215581132e-01
4.461700325669530273e-03,2.095525508376962220e-02,9.444315697029829204e-01,-2.357295702643541768e-01
4.245692080604114224e-03,2.040989565278968770e-02,9.612196624092907982e-01,-1.969272393314576153e-01
4.051506025614879866e-03,1.986449039893867230e-02,9.653656653734075110e-01,-1.861030215407383503e-01
3.861825547097658129e-03,1.932589196946552998e-02,9.696915689095042534e-01,-1.740931678455410192e-01
3.674787646545458336e-03,1.879479715002568135e-02,9.738942918493442846e-01,-1.615726095309961141e-01
3.490395208314098913e-03,1.827121413075827663e-02,9.777090470696976343e-01,-1.493015503278594114e-01
3.308651075963117867e-03,1.775515098596127869e-02,9.811446426948177146e-01,-1.373148109461697075e-01
3.129558052211846124e-03,1.724661567396672951e-02,9.842146754228253691e-01,-1.256396616406405542e-01
2.953118898896224184e-03,1.674561603701813298e-02,9.869104342083145909e-01,-1.144096402917404443e-01
2.779336336926281452e-03,1.625215980114971120e-02,9.891414702771529344e-01,-1.042042692160310147e-01
2.608213046244093475e-03,1.576625457606702085e-02,9.898490479683227372e-01,-1.007519331411427937e-01
2.451007045142434768e-03,1.528437584945013805e-02,9.949721329582604801e-01,-7.090745406330334344e-02
2.312777091235114317e-03,1.480494434473468568e-02,9.970773809515280917e-01,-5.406125274604652031e-02
2.182005716651779469e-03,1.433158237480770814e-02,9.979557696829418623e-01,-4.521316530677868539e-02
2.053374384558511942e-03,1.386596686110674534e-02,9.988713643045723511e-01,-3.359517369247631835e-02
1.926885078609521379e-03,1.340810498399881354e-02,9.995272920796293148e-01,-2.174184721615592814e-02
1.802539749426456360e-03,1.295800380428073148e-02,9.999026167965552325e-01,-9.868292833348391024e-03
1.680340314568102037e-03,1.251567026306944601e-02,9.999960438713197952e-01,1.989001930680245334e-03
1.560288658500905016e-03,1.208111118169533094e-02,9.998090157241412701e-01,1.381970606991016898e-02
1.442386632569912178e-03,1.165433326159699343e-02,9.993455714880644658e-01,2.558180040449634096e-02
1.326636054970212588e-03,1.123534308421790008e-02,9.986273991060320432e-01,3.704862877311274755e-02
1.213038710718909773e-03,1.082414711090492684e-02,9.978872721619604924e-01,4.596441926141930923e-02
1.105194743581077235e-03,1.041987811527444324e-02,9.967224272381483008e-01,5.725008962308927862e-02
1.018400688006084430e-03,1.001915413310582037e-02,9.898226180082104753e-01,1.008830114131684663e-01
9.486828312291145735e-04,9.622939873906687092e-03,9.901539896164084364e-01,9.922706477363726907e-02
8.803707177407805486e-04,9.234714608653722678e-03,9.883037211248009157e-01,1.081493359905601748e-01
8.134654009983790113e-04,8.854484324260775488e-03,9.859678276391393714e-01,1.184574706840416380e-01
7.479679127646786082e-04,8.482254884349307161e-03,9.832952314601520749e-01,1.292469285509250942e-01
6.838792630919504362e-04,8.118032029157624951e-03,9.803180522429569832e-01,1.402923652842272273e-01
6.212004403064420519e-04,7.761821375452654555e-03,9.770392859813473718e-01,1.515279314801485921e-01
5.599324109931581991e-04,7.413628416443443329e-03,9.734575387450810080e-01,1.629185724677177094e-01
5.000761199809113967e-04,7.073458521696202213e-03,9.696382429752716803e-01,1.742462539761711338e-01
4.416324903277386057e-04,6.741316937051425838e-03,9.672028124341712774e-01,1.810999380613607657e-01
3.935680263352421028e-04,6.416002516571209929e-03,9.537917971270419848e-01,2.149609333645489673e-01
3.596120493483596935e-04,6.097018618971794882e-03,9.494225889716132460e-01,2.248942218652731362e-01
3.304725175763711421e-04,5.785620422176953118e-03,9.485145322683429248e-01,2.269040936864231139e-01
3.020943378501333250e-04,5.482358377192235455e-03,9.451398835011923794e-01,2.342223654965674973e-01
2.744779477962632614e-04,5.187237160693317951e-03,9.411421861396359612e-01,2.426062939421894937e-01
2.476237732936563602e-04,4.900261323814414892e-03,9.367797029096827099e-01,2.514364673040037079e-01
2.215322284669180247e-04,4.621435292078091006e-03,9.321318047802520379e-01,2.605152494955871312e-01
1.962037156799296988e-04,4.350763365326503103e-03,9.272236267051631176e-01,2.697709645140427548e-01
1.716386255297045848e-04,4.088249717655739052e-03,9.220539810292999183e-01,2.791881426040512815e-01
1.478373368403159489e-04,3.833898397350934788e-03,9.166016938398918734e-01,2.887876489050529849e-01
1.248002166570733019e-04,3.587713326824035903e-03,9.108239845683080427e-01,2.986235346246037814e-01
1.025276202408747627e-04,3.349698302553445750e-03,9.046569004503508538e-01,3.087767794858434223e-01
8.101989106270408251e-05,3.119856995025219182e-03,8.982020050168952885e-01,3.190579805977351580e-01
6.065744966759817249e-05,2.898166830619255431e-03,8.926043232074940548e-01,3.277127961989063643e-01
4.813440757972896328e-05,2.684243083004153683e-03,8.684345623226481514e-01,3.627195027529563354e-01
4.363240013836224159e-05,2.478105574953940772e-03,8.723980091503067413e-01,3.572142086335499123e-01
4.014719130441633251e-05,2.280162866922929785e-03,8.720380876121234248e-01,3.577176433835443370e-01
3.680679578096244039e-05,2.090444842175896191e-03,8.691645536378931336e-01,3.617118277885130184e-01
3.361126508103198167e-05,1.908954426399483897e-03,8.655515194891093556e-01,3.666721703523334597e-01
3.056064848366108963e-05,1.735694418400400996e-03,8.615871179261087587e-01,3.720388179664740336e-01
2.765499303313229294e-05,1.570667490062349191e-03,8.574289158663945809e-01,3.775858632597430820e-01
2.489434353824546760e-05,1.413876186304618109e-03,8.531575424676989261e-01,3.832002838364045871e-01
2.227874257163183511e-05,1.265322925043124280e-03,8.488203673120480186e-01,3.888182514851276084e-01
1.980823046909528594e-05,1.125009997153001394e-03,8.444478089916527264e-01,3.944010535081610147e-01
1.748284532898499919e-05,9.929395664329679957e-04,8.400604149321565517e-01,3.999244742046221268e-01
1.530262301161886384e-05,8.691136695725801319e-04,8.356721754194360585e-01,4.053736851111131578e-01
1.326759713872450479e-05,7.535342161204850462e-04,8.312920462915441844e-01,4.107407378243066454e-01
1.137779909291351257e-05,6.462029884545604074e-04,8.269244697954204470e-01,4.160234731413355869e-01
9.633258017212380188e-06,5.471216417552726436e-04,8.225692040583370002e-01,4.212253505448870228e-01
8.034000814603194459e-06,4.562917039795913628e-04,8.182205314971485732e-01,4.263560349084452583e-01
6.580052147609281025e-06,3.737145758374560943e-04,8.138657456737108387e-01,4.314327923631780526e-01
5.271434437918000256e-06,2.993915307703516951e-04,8.094826255508963397e-01,4.364829600902006557e-01
4.108167866030878600e-06,2.333237149314396942e-04,8.050353072049393210e-01,4.415480639693267206e-01
3.090270370960675721e-06,1.755121471683513540e-04,8.004674035704796298e-01,4.466907167487593200e-01
2.217757649944074305e-06,1.259577190068702102e-04,7.956900721786572817e-01,4.520065572769300655e-01
1.490643158207136646e-06,8.466119463761199830e-05,7.905602114510731360e-01,4.576459204985081630e-01
9.089381087561789797e-07,5.162321090414635077e-05,7.848382822922712609e-01,4.638552766841493868e-01
4.726514721999081200e-07,2.684427729289571955e-05,7.781036504634177842e-01,4.710587538052787293e-01
1.817899766204318949e-07,1.032477592580920492e-05,7.695966371951503682e-01,4.800035029089366745e-01
3.635810746185059550e-08,2.064961554034934824e-06,7.566786574810029364e-01,4.932761321197257076e-01
1.195065141048568522e-07,-2.025829163858016593e-06,7.300125961395005358e-01,5.196031214884101468e-01
5.975307275834701435e-07,-1.012911457845541942e-05,7.551784091869436777e-01,4.947944935152939760e-01
1.553571782813575741e-06,-2.633556044492412309e-05,7.678995242110898678e-01,4.817680726126525870e-01
2.987614936461383043e-06,-5.064491683985375078e-05,7.750898897231964790e-01,4.742468874719195093e-01
4.899638073808403166e-06,-8.305680888291249982e-05,7.795785046470916635e-01,4.694906765345913668e-01
7.289611709090439048e-06,-1.235707367425934301e-04,7.824298556206606969e-01,4.664441492604868289e-01
1.015749898595873433e-05,-1.721860756440318177e-04,7.841395172510977618e-01,4.646078806358133750e-01
1.350325567804265436e-05,-2.289020758785434775e-04,7.849725701346136342e-01,4.637105022159692114e-01
1.732683018963625726e-05,-2.937178628152632264e-04,7.850836836281520625e-01,4.635906776153376763e-01
2.162816355649155547e-05,-3.666324369145918362e-04,7.845676981556477525e-01,4.641468537481991952e-01
2.640718944672360100e-05,-4.476446737435392292e-04,7.834836882783524636e-01,4.653131329778340541e-01
3.166383416184295079e-05,-5.367533239932255340e-04,7.818674233786589989e-01,4.670466535811395592e-01
3.739801663788788890e-05,-6.339570134980749335e-04,7.797381629532970093e-01,4.693206122116340140e-01
4.360964844666851461e-05,-7.392542432569044813e-04,7.771023953391662520e-01,4.721203285824852047e-01
5.029863379713643535e-05,-8.526433894561428334e-04,7.739557349970803690e-01,4.754411267474866198e-01
5.746486953686635608e-05,-9.741227034949454661e-04,7.702835330377386658e-01,4.792874575474110888e-01
6.510824515363735428e-05,-1.103690312012000057e-03,7.660603812757220688e-01,4.836730494086660670e-01
7.322864277714165033e-05,-1.241344216914492355e-03,7.612483987379893291e-01,4.886221456933881879e-01
8.182593718080162872e-05,-1.387082295408908691e-03,7.557938401128927453e-01,4.941721965945749528e-01
9.089999578370225222e-05,-1.540902300033792542e-03,7.496209684193937406e-01,5.003788880244711690e-01
1.004506786526352980e-04,-1.702801858694397586e-03,7.426208844608949144e-01,5.073254532734436939e-01
1.104778385042571096e-04,-1.872778474699266513e-03,7.346300700546367635e-01,5.151406894678027815e-01
1.209813207073582794e-04,-2.050829526798703725e-03,7.253862657414806847e-01,5.240360047349029715e-01
1.319609632852485818e-04,-2.236952269225205014e-03,7.144422197574863409e-01,5.343760663077208317e-01
1.434165969182571161e-04,-2.431143831735840984e-03,7.020843488907917429e-01,5.458164994842207296e-01
1.578110622352850380e-04,-2.633187001109953650e-03,6.791365492547418725e-01,5.664481006634748406e-01
1.801487727587176759e-04,-2.842589887091095859e-03,6.567502258768740386e-01,5.858752206085575676e-01
2.082472403688654912e-04,-3.059537038234553738e-03,6.669497424912222971e-01,5.771050662650413221e-01
2.373822698941377039e-04,-3.284487442708055108e-03,6.636344607181747790e-01,5.799702917234857980e-01
2.675534120363415335e-04,-3.517437631498119416e-03,6.566147898155425544e-01,5.859907936004262741e-01
2.987602015191415084e-04,-3.758384012224661418e-03,6.472523062543430461e-01,5.939256634846291627e-01
3.310021570952318424e-04,-4.007322869196368320e-03,6.358507466842651112e-01,6.034478049638881680e-01
3.642787815537789405e-04,-4.264250363468164232e-03,6.223096970858408294e-01,6.145651331747995494e-01
3.985895617280664884e-04,-4.529162532900238465e-03,6.061812221418048097e-01,6.275498210167820279e-01
4.339339685034183133e-04,-4.802055292219213622e-03,5.864476473417786773e-01,6.430803625195076201e-01
4.703114568253652459e-04,-5.082924433081207130e-03,5.634927486848957390e-01,6.606869540978573818e-01
5.170099369654133740e-04,-5.370245414385602274e-03,5.108393314835097954e-01,6.994002205579364917e-01
5.747440429580813991e-04,-5.663896725913001445e-03,5.229516405782979049e-01,6.906868750900816423e-01
6.344894666063526393e-04,-5.965350668639218985e-03,5.160714740009557655e-01,6.956497150139890895e-01
6.957949857707188641e-04,-6.274676292837226554e-03,5.019849448871065434e-01,7.057018174221272311e-01
7.586596550442355029e-04,-6.591868828323244056e-03,4.833369430719224313e-01,7.187927774595941344e-01
8.230825049759431591e-04,-6.916923383596024905e-03,4.602390328944120368e-01,7.346842635483544770e-01
8.890625420857900269e-04,-7.249834945912163840e-03,4.316772150671744912e-01,7.538718624095380738e-01
9.565987488799874462e-04,-7.590598381363561006e-03,3.952385101746782592e-01,7.776641240441285463e-01
1.027045477336641002e-03,-7.938903047272342917e-03,3.446407846229299077e-01,8.095425963944516967e-01
1.114023256394853275e-03,-8.291420274923612388e-03,2.682362959678573633e-01,8.554318815850521229e-01
1.216585586797874676e-03,-8.648348273818284165e-03,2.857196097202442386e-01,8.451511049982457502e-01
1.321436857732276315e-03,-9.012925418706792952e-03,2.636784260316475947e-01,8.580918214086138418e-01
1.428492802883002226e-03,-9.385168410885788223e-03,2.230555197546602031e-01,8.814445417865719445e-01
1.546922361750114076e-03,-9.762085578687108856e-03,1.541050478524015332e-01,9.197254765132900634e-01
1.681000819286905664e-03,-1.014227848822251907e-02,1.418155077959486476e-01,9.263824761965498977e-01
1.821818550105923709e-03,-1.052864156459316913e-02,1.290570780904434223e-01,9.332432276258727510e-01
1.965359304043335503e-03,-1.092247582788703070e-02,8.888323895095684435e-02,9.545243637797010683e-01
2.115507819935871781e-03,-1.132224229791008868e-02,2.371444162712688097e-02,9.880716362556275500e-01
2.279709862059524014e-03,-1.172497604471636062e-02,-3.282158886003472276e-02,1.016278302858048210e+00
2.454280888495466526e-03,-1.213212255301574991e-02,-5.931411019574261978e-02,1.029229862662244477e+00
2.640552002951102473e-03,-1.254266024288816853e-02,-1.284900189988475994e-01,1.062304108529590341e+00
2.838798823954146247e-03,-1.295645638322339387e-02,-1.520805302500223277e-01,1.073350143359576014e+00
3.047424783818333989e-03,-1.337386206507148317e-02,-2.217289114252853910e-01,1.105318466065452698e+00
3.269212457062481252e-03,-1.379344607632540173e-02,-2.626673382873292439e-01,1.123684714805416096e+00
3.502473503738512579e-03,-1.421574469611243223e-02,-3.269968776260312460e-01,1.151953504975800291e+00
3.750340961485813286e-03,-1.463879556179552288e-02,-3.852667218032947982e-01,1.176973543374401743e+00
4.011967896972806757e-03,-1.506278711243129106e-02,-4.412680664164065902e-01,1.200528244739125894e+00
4.289755749803759143e-03,-1.548574244536530392e-02,-5.054117233129371556e-01,1.226952209058257193e+00
4.582871718154272675e-03,-1.590793908183264771e-02,-5.493799628772406685e-01,1.244740921990291405e+00
4.892363902243875365e-03,-1.632795618912911279e-02,-6.153297453196797662e-01,1.270956232653068119e+00
5.218918120530343860e-03,-1.674497921411503484e-02,-6.496425897637909674e-01,1.284384128586067098e+00
5.562157071063461404e-03,-1.715850837282687641e-02,-6.984029993826141869e-01,1.303227915363469380e+00
5.919792515855169454e-03,-1.757029350575913668e-02,-7.353126087681240985e-01,1.317312646552869060e+00
6.294388446125148695e-03,-1.797715354563141771e-02,-7.989508381832508555e-01,1.341249729984409278e+00
6.685585112547685546e-03,-1.837935853187829677e-02,-8.233345411424040083e-01,1.350309053936321613e+00
7.093274361638037331e-03,-1.877583171649793714e-02,-8.840167095994180269e-01,1.372594881820349055e+00
7.518233969604678699e-03,-1.916562269961916143e-02,-9.064711322880603106e-01,1.380750206332796548e+00
7.959470776925887947e-03,-1.954861659986907585e-02,-9.652642479780957352e-01,1.401878827851428699e+00
8.419970403875562046e-03,-1.992081215764815449e-02,-9.810369912490248812e-01,1.407493158508781095e+00
8.898027196485809587e-03,-2.028303903258536767e-02,-9.999248722444251669e-01,1.414187000450939369e+00
9.391878766941932910e-03,-2.063715964904180855e-02,-1.025488596495169435e+00,1.423196612030526609e+00
9.903489385080021384e-03,-2.097887041245003609e-02,-1.055902698783699911e+00,1.433841936471276446e+00
1.043466754540260666e-02,-2.130442817497834804e-02,-1.051161668299768870e+00,1.432187721040705242e+00
1.098650998120220129e-02,-2.160927509608150457e-02,-9.883720301736749203e-01,1.410096461301025617e+00
1.155543419294193831e-02,-2.189969232042627417e-02,-8.854653886469929791e-01,1.373122495863713155e+00
1.213123003817991388e-02,-2.219361728918777671e-02,-8.674538355042280546e-01,1.366548146061538516e+00
1.271388863743190892e-02,-2.249104546967939378e-02,-9.236836431470107911e-01,1.386969229343971710e+00
1.331078347248035310e-02,-2.277571687956170959e-02,-9.593429235250932052e-01,1.399765310159204246e+00
1.392706030265513165e-02,-2.303632871908301016e-02,-8.955523725381049349e-01,1.376790605915839683e+00
1.455547025169989274e-02,-2.328881788211764614e-02,-8.603602551220999040e-01,1.363950239239723805e+00
1.519099175916274400e-02,-2.354416440193917576e-02,-9.578286528321031668e-01,1.399224303974206718e+00
1.584598515787667694e-02,-2.376419098516390285e-02,-9.137111351910911505e-01,1.383369486142834948e+00
1.652296306308632598e-02,-2.394110931560290700e-02,-7.291994434086752630e-01,1.314990282628991647e+00
1.720970665513913561e-02,-2.411259086059493878e-02,-6.165710186541708548e-01,1.271444461490226052e+00
1.790384438109130644e-02,-2.428591873880305355e-02,-5.463879091297003665e-01,1.243538463068071032e+00
1.860536553648038660e-02,-2.446109027729694713e-02,-4.958112845300108873e-01,1.223033639982977316e+00
1.931425930298229926e-02,-2.463810277471478738e-02,-4.574405934775853666e-01,1.207245042846557093e+00
2.003051474857825767e-02,-2.481695350130490307e-02,-4.279317641640016934e-01,1.194960988553183556e+00
2.075412082772325195e-02,-2.499763969896784399e-02,-4.056404240352586843e-01,1.185597074910046622e+00
2.148506638151639198e-02,-2.518015858129891288e-02,-3.898905435258488428e-01,1.178936191456454008e+00
2.222334013787299889e-02,-2.536450733363115884e-02,-3.807800862080601423e-01,1.175065992277906091e+00
2.296893071169846257e-02,-2.555068311307877316e-02,-3.793287873233790464e-01,1.174448290612821744e+00
2.372182660506381990e-02,-2.573868304858092926e-02,-3.881611431956506486e-01,1.178202505172880166e+00
2.448201620738299500e-02,-2.592850424094604936e-02,-4.138399314375207361e-01,1.189050012168336279e+00
2.524948779559194056e-02,-2.612014376289652912e-02,-4.790023961073275327e-01,1.216142424269183842e+00
2.602561942678436463e-02,-2.630646421641293781e-02,-6.336824944952292871e-01,1.278155896006128556e+00
2.682022794865127069e-02,-2.642204014158954298e-02,-5.488796978513108549e-01,1.244539954300909912e+00
2.763227405798079905e-02,-2.646953553833338718e-02,-3.599877725403850537e-01,1.166185136477216888e+00
2.845202236525121164e-02,-2.651366768121101933e-02,-2.597301931932696206e-01,1.122377028094066809e+00
2.927920333567460287e-02,-2.655819997051081516e-02,-1.923300146018562806e-01,1.091938649651094773e+00
3.011380421309717281e-02,-2.660313171948978234e-02,-1.409582370487139080e-01,1.068156466557551587e+00
3.095581212694095002e-02,-2.664846223524477628e-02,-9.969343383205497844e-02,1.048662688299748291e+00
3.180521409240227165e-02,-2.669419081872316177e-02,-6.597400020133759035e-02,1.032460168820733548e+00
3.266199701065210237e-02,-2.674031676473361679e-02,-3.884512677268658898e-02,1.019237522255085793e+00
3.352614766903787291e-02,-2.678683936195698501e-02,-1.859548418783663060e-02,1.009254915364714345e+00
3.439765274128750439e-02,-2.683375789295727384e-02,-7.286505819154909247e-03,1.003636640333121166e+00
3.527649878771467462e-02,-2.688107163419269086e-02,-1.153781363131467508e-02,1.005752361981474330e+00
3.616267225542610375e-02,-2.692877985602681878e-02,-6.390518797164124187e-02,1.031457797474836680e+00
3.705453366313758018e-02,-2.694514365128999195e-02,-1.078330757530996387e-01,1.052536496162056912e+00
3.794884021857182488e-02,-2.686712745415670289e-02,4.016986961879154272e-02,9.797092070513619966e-01
3.884716477297572856e-02,-2.672570593115378840e-02,1.755042211618461634e-01,9.080174991915925808e-01
3.975268333891161798e-02,-2.658315186862229840e-02,2.578017691891943963e-01,8.615092749418346019e-01
4.066538195216304330e-02,-2.643946746492222000e-02,3.203122064268448810e-01,8.244318004378258236e-01
4.158524653778826463e-02,-2.629465493584481200e-02,3.716884134212989910e-01,7.926610792631999525e-01
4.251226291033746718e-02,-2.614871651457841006e-02,4.150527284571517983e-01,7.648184565913980215e-01
4.344641677407146824e-02,-2.600165445167400627e-02,4.509652185973995753e-01,7.409688127057713070e-01
4.438769372318202011e-02,-2.585347101501053735e-02,4.767066700977582450e-01,7.233901643665344716e-01
4.533607924201413231e-02,-2.570416848975990917e-02,4.715064199772570630e-01,7.269756392223489794e-01
4.627940206297161130e-02,-2.550473582513087395e-02,5.138877359656544019e-01,6.972175155820066195e-01
4.720877851822041782e-02,-2.522006682592945609e-02,5.860185005953073567e-01,6.434139409468003779e-01
4.813619682320073589e-02,-2.489856270716183859e-02,5.503710876701461974e-01,6.705437437854847582e-01
4.892858823175194605e-02,-2.437247360547195943e-02,7.900345794974059643e-01,4.582198386174413662e-01
4.957032463542750123e-02,-2.361961432014297868e-02,9.034138835258908040e-01,3.107830697996741831e-01
5.020204320648818941e-02,-2.284064341268172288e-02,9.566725393661242860e-01,2.081524937008340237e-01
5.083822769036416833e-02,-2.205616559705323582e-02,9.962661547915793170e-01,6.110519788381909428e-02
5.165027550052293803e-02,-2.167161611585811942e-02,9.411010827199034479e-01,2.426909913451601453e-01
5.265490145714731701e-02,-2.172656546273721984e-02,9.515923574579497890e-01,2.200173687281307688e-01
5.368197631444046602e-02,-2.181864865774776202e-02,9.472833636366202459e-01,2.296010373743544442e-01
5.471605033634657778e-02,-2.191135901232305061e-02,9.446067559889690379e-01,2.353576937578863437e-01
5.573883146662478305e-02,-2.209510380457119227e-02,9.496535211453775993e-01,2.243802104790490748e-01
5.669641571862364671e-02,-2.249902734314038893e-02,9.616426243378071170e-01,1.958503910187388286e-01
5.754442983960320751e-02,-2.312052795756224660e-02,9.660688380066350112e-01,1.842041313145961479e-01
5.832785393989533412e-02,-2.384237547617301667e-02,9.389328353399328808e-01,2.471177141770034558e-01
5.907204597158481618e-02,-2.461225448927722992e-02,9.352615467902840596e-01,2.544375231952156202e-01
5.976499925819733772e-02,-2.543866985336214540e-02,9.140765256748231149e-01,2.931270617414517554e-01
6.040377636896640534e-02,-2.631579306964206694e-02,9.054705822594436571e-01,3.074563672142054394e-01
6.099158932034733083e-02,-2.723706480163707450e-02,8.715986096815315776e-01,3.583313973383693840e-01
6.156697466640664168e-02,-2.817543849273041953e-02,8.244373887626736952e-01,4.190019227131616120e-01
6.218691850612777239e-02,-2.909172788891225409e-02,7.397430523336185892e-01,5.101538470563379279e-01
6.285993156365238255e-02,-2.997916080098817632e-02,7.104787932190474997e-01,5.380717487296210466e-01
6.360260681689933193e-02,-3.081517857285796802e-02,6.261721782977049955e-01,6.114146070403413402e-01
6.440706354317526916e-02,-3.160600870996465445e-02,6.508402209350179213e-01,5.908974353176548178e-01
6.521636482490170139e-02,-3.240160113124467001e-02,6.438792066686820359e-01,5.967585720635422142e-01
6.603049849453918041e-02,-3.320194324939959585e-02,6.326732327703505909e-01,6.060748858265366801e-01
6.684945189463857573e-02,-3.400702282643094931e-02,6.218741099822655549e-01,6.149194174993455331e-01
6.768180249853097963e-02,-3.480770518651300771e-02,6.048293685736894076e-01,6.286259869161555658e-01
6.853611423635616595e-02,-3.559486989828307413e-02,6.039616678295725016e-01,6.293157650738041564e-01
6.940388256528945421e-02,-3.637752221854081980e-02,6.237037076044207318e-01,6.134299409024467353e-01
7.027661637377680126e-02,-3.716465299036678105e-02,6.435240450350782071e-01,5.970560735516571294e-01
7.115430218555110486e-02,-3.795625009478052064e-02,6.691421565663568938e-01,5.752024369155985806e-01
7.203692647368435675e-02,-3.875230131542444639e-02,6.708050809918174595e-01,5.737551036881349820e-01
7.282582848021802724e-02,-3.959764897767178993e-02,6.925446110498532093e-01,5.544865994324360559e-01
7.318217683444193378e-02,-4.064634029705335716e-02,9.854043779165904127e-01,1.208123424299419463e-01
7.320221427286058291e-02,-4.185459526922850892e-02,7.712151959500253007e-01,4.783145450955623157e-01
7.322236075888720330e-02,-4.306942579820668970e-02,5.477510139891190732e-01,6.724945992429091080e-01
7.331408980761187910e-02,-4.426779937786035068e-02,6.741869968790237255e-02,9.657024905798357040e-01
7.375064918445056739e-02,-4.536019199543624147e-02,-5.515903656296134994e-01,1.245628502254831016e+00
7.446239044084188019e-02,-4.636900140680575572e-02,-2.014817209295496347e-01,1.096121216348606930e+00
7.517788247235973609e-02,-4.738312057443458403e-02,-1.875639366394343810e-01,1.089754071632418553e+00
7.589711118722965166e-02,-4.840253601657628496e-02,-2.407736968426252844e-01,1.113900218530647912e+00
7.662006549405508959e-02,-4.942723201258360233e-02,-3.372151092517730042e-01,1.156380175051342274e+00
7.734673424398630370e-02,-5.045719276037670398e-02,-4.884007151888560827e-01,1.220000293110151679e+00
7.807710623089225699e-02,-5.149240237668675779e-02,-7.609381562791990294e-01,1.327003449987677719e+00
7.887846468253088827e-02,-5.246527641744894166e-02,-1.213953876285428279e+00,1.487936112971732561e+00
7.983934283900870343e-02,-5.328689376917017384e-02,-1.177561754658933868e+00,1.475656380956940072e+00
8.089320679252098856e-02,-5.402403168318589688e-02,-8.576859889530148440e-01,1.362969548065185110e+00
8.195227009425920528e-02,-5.476480634432892569e-02,-7.640922842116497637e-01,1.328191358280744749e+00
8.301651641215704314e-02,-5.550920632893757006e-02,-7.293903333892419738e-01,1.315062862903991325e+00
8.408592933421982218e-02,-5.625722015744321486e-02,-7.247684696425527040e-01,1.313304408597851580e+00
8.516049236877734629e-02,-5.700883629454729651e-02,-7.417142821204121272e-01,1.319740232818721104e+00
8.624018894473826913e-02,-5.776404314939916074e-02,-7.797978181882285753e-01,1.334090633423467454e+00
8.732500241184577849e-02,-5.852282907577488480e-02,-8.475665899923729985e-01,1.359252217210762170e+00
8.841491604093426604e-02,-5.928518237225683524e-02,-9.859789739323545632e-01,1.409247662383143584e+00
8.954220469499610258e-02,-5.999841947155409860e-02,-1.118565878804779867e+00,1.455529415300419016e+00
9.072337283059203616e-02,-6.063371474941889328e-02,-1.012056995333514564e+00,1.418469948688908522e+00
9.192633498342520082e-02,-6.124335560227703312e-02,-8.990954351736690775e-01,1.378076715997215151e+00
9.313477518317053727e-02,-6.185577263656671237e-02,-8.547841703155143467e-01,1.361904611312963587e+00
9.434867479418523883e-02,-6.247095640805964967e-02,-8.342156331917247591e-01,1.354332172397792800e+00
9.556801509663573335e-02,-6.308889742986110993e-02,-8.272918970025395780e-01,1.351773611594241586e+00
9.679277728678609138e-02,-6.370958617255609302e-02,-8.302656818344069656e-01,1.352873121114617661e+00
9.802294247728823851e-02,-6.433301306435634803e-02,-8.418230097264192135e-01,1.357137800566478703e+00
9.925849169747312517e-02,-6.495916849124799830e-02,-8.622499969561143729e-01,1.364642809293374892e+00
1.004994058936433954e-01,-6.558804279713975616e-02,-8.939825920750643640e-01,1.376220400980549430e+00
1.017456659293670407e-01,-6.621962628401188711e-02,-9.459191196751195463e-01,1.394962049546552896e+00
1.030006648913170259e-01,-6.684670470080317228e-02,-1.022966919979736655e+00,1.422310416181972847e+00
1.042771230091748130e-01,-6.744237088213765607e-02,-1.052727093749314502e+00,1.432734132262268201e+00
1.055716762802272612e-01,-6.801367660937956972e-02,-1.012474449472247517e+00,1.418617090504780132e+00
1.068716331449380552e-01,-6.858736702334988777e-02,-1.023298153391060339e+00,1.422426853441350225e+00
1.081769735563641865e-01,-6.916343327703275423e-02,-1.065661837889595454e+00,1.437241050725171609e+00
1.094890313616231348e-01,-6.973867769155861485e-02,-1.159273895828903722e+00,1.469446799250964331e+00
1.108251815184745359e-01,-7.026916159406090823e-02,-1.191989544686251179e+00,1.480536910950298157e+00
1.121844606907529407e-01,-7.075719861156942736e-02,-1.102423169848986806e+00,1.449973506602443729e+00
1.135495299164628047e-01,-7.124651770209391999e-02,-1.081562288630711688e+00,1.442762034651144942e+00
1.149200340896287115e-01,-7.173778498945425353e-02,-1.091067381729962094e+00,1.446052344049122640e+00
1.162959520753809456e-01,-7.223099289770114340e-02,-1.135292848779701824e+00,1.461264126973526256e+00
1.176789831520504703e-01,-7.272051274044866176e-02,-1.243492612958640553e+00,1.497829300340542957e+00
1.190877515460986302e-01,-7.314541958143044864e-02,-1.239904786551514704e+00,1.496631145790944251e+00
1.205205936413117074e-01,-7.351107113468793863e-02,-1.089904007786217210e+00,1.445650029497532740e+00
1.219589203924068554e-01,-7.387812233480747781e-02,-1.024102562948782325e+00,1.422709584893832924e+00
1.234027096186062766e-01,-7.424656752140548766e-02,-9.828457971103921054e-01,1.408135574833045744e+00
1.248519390548940566e-01,-7.461640101260140490e-02,-9.541764004992101533e-01,1.397918595805639264e+00
1.263065863523594734e-01,-7.498761710510526424e-02,-9.335482155766101631e-01,1.390520843272983864e+00
1.277666290785416936e-01,-7.536021007430571128e-02,-9.187923566188278546e-01,1.385204806741164862e+00
1.292320447177757736e-01,-7.573417417435827914e-02,-9.087936701615473289e-01,1.381590992356836134e+00
1.307028106715397708e-01,-7.610950363827390097e-02,-9.030453466336518797e-01,1.379509096248970668e+00
1.321789042588031871e-01,-7.648619267800790822e-02,-9.015307597417077101e-01,1.378960028333565457e+00
1.336603027163769108e-01,-7.686423548454937582e-02,-9.048519735330913250e-01,1.380163748811383373e+00
1.351469831992641590e-01,-7.724362622801053679e-02,-9.148826084078540699e-01,1.383792834353413603e+00
1.366389227810128060e-01,-7.762435905771680744e-02,-9.381635579151554882e-01,1.392179427342307596e+00
1.381371803986693181e-01,-7.800175383981824973e-02,-9.815251247520921929e-01,1.407666553112665309e+00
1.396481960577533599e-01,-7.834802021449975562e-02,-9.749322415905745665e-01,1.405322824688539196e+00
1.411708009429995525e-01,-7.866814288217946483e-02,-9.164587835593054344e-01,1.384362229894800844e+00
1.426985342493246045e-01,-7.898979066010389238e-02,-8.907198482928688765e-01,1.375034489855752273e+00
1.442314617719987202e-01,-7.931253202428437121e-02,-8.745182384662886221e-01,1.369130468022053959e+00
1.457695598713831253e-01,-7.963636199764982659e-02,-8.636275921220009089e-01,1.365147461676576857e+00
1.473128048281023839e-01,-7.996127558634147370e-02,-8.563872152314777608e-01,1.362493014745939091e+00
1.488611728434102166e-01,-8.028726777978981155e-02,-8.520162887956752584e-01,1.360888051529469234e+00
1.504146400395564576e-01,-8.061433355079199170e-02,-8.501361502730544473e-01,1.360197099788502895e+00
1.519731824601551762e-01,-8.094246785558920076e-02,-8.506038761649130642e-01,1.360369022054278121e+00
1.535367760705541595e-01,-8.127166563394452869e-02,-8.534575051574175841e-01,1.361417461749854896e+00
1.551053967582057824e-01,-8.160192180922101746e-02,-8.589218936594871234e-01,1.363422859445845958e+00
1.566790203330384601e-01,-8.193323128845987624e-02,-8.674756493682416192e-01,1.366556127412350996e+00
1.582576225278301552e-01,-8.226558896245911301e-02,-8.800284122361572425e-01,1.371141280917527183e+00
1.598411789985820786e-01,-8.259898970585222155e-02,-8.983863848273687669e-01,1.377819431140150819e+00
1.614296653248944724e-01,-8.293342837718729876e-02,-9.267623988120139433e-01,1.388078671694084498e+00
1.630230570103432530e-01,-8.326889981900634230e-02,-9.801337207101954441e-01,1.407172242730148293e+00
1.646239822278377507e-01,-8.359014680345690229e-02,-1.051374762644584404e+00,1.432262113806193060e+00
1.662396872843746598e-01,-8.385535952292967610e-02,-1.028335944234146204e+00,1.424196596061845010e+00
1.678675244985939896e-01,-8.407961357207768827e-02,-9.419526352817653159e-01,1.393539606642654860e+00
1.695002277517790035e-01,-8.430453797630285684e-02,-9.020054136761819219e-01,1.379132123357360573e+00
1.711377718656258429e-01,-8.453012926699265961e-02,-8.762999829027633414e-01,1.369780998153633078e+00
1.727801315871785870e-01,-8.475638396525032869e-02,-8.579731893830144784e-01,1.363074902337730876e+00
1.744272815892185524e-01,-8.498329858194850206e-02,-8.443866705791300831e-01,1.358081982274682131e+00
1.760791964706551749e-01,-8.521086961778311097e-02,-8.342931116099860933e-01,1.354360776015750556e+00
1.777358507569173907e-01,-8.543909356332723970e-02,-8.270759947477817065e-01,1.351693750354636236e+00
1.793972189003467388e-01,-8.566796689908533213e-02,-8.225002697800973817e-01,1.350000099918550855e+00
1.810632752805912682e-01,-8.589748609554742620e-02,-8.206714109480330865e-01,1.349322574830804866e+00
1.827339942050005828e-01,-8.612764761324356866e-02,-8.221969961755972722e-01,1.349887771696446359e+00
1.844093499090220800e-01,-8.635844790279845196e-02,-8.289234128255000833e-01,1.352376949236232750e+00
1.860893165565982721e-01,-8.658988340498607883e-02,-8.488255887303759462e-01,1.359715260166765916e+00
1.877753523501068944e-01,-8.680979437305469393e-02,-8.622467385522469829e-01,1.364641615425913557e+00
1.894688809377156336e-01,-8.700657912681755701e-02,-8.397805431903664353e-01,1.356385101359627310e+00
1.911684000016727891e-01,-8.719232677581839619e-02,-8.098408162710446501e-01,1.345303243239621693e+00
1.928724415924623070e-01,-8.737856871096436051e-02,-7.934004797708489320e-01,1.339179032008360304e+00
1.945809794316548658e-01,-8.756530206017437701e-02,-7.819074627455633308e-01,1.334881066891565160e+00
1.962939871714834417e-01,-8.775252394378924015e-02,-7.733054363496820738e-01,1.331655149184533427e+00
1.980114383952495949e-01,-8.794023147461588197e-02,-7.667608675757036085e-01,1.329195571605511939e+00
1.997333066177309213e-01,-8.812842175797197530e-02,-7.618755178997538291e-01,1.327356590332738673e+00
2.014595652855892816e-01,-8.831709189173053698e-02,-7.584651325400777466e-01,1.326071315027995690e+00
2.031901877777805843e-01,-8.850623896636472532e-02,-7.564874475342384663e-01,1.325325411940116105e+00
2.049251474059651246e-01,-8.869586006499266539e-02,-7.560344694523239983e-01,1.325154507765914813e+00
2.066644174149191437e-01,-8.888595226342241307e-02,-7.573810681318804416e-01,1.325662501593780629e+00
2.084079709829475824e-01,-8.907651263019715493e-02,-7.611325141669984529e-01,1.327076679836925788e+00
2.101557812222974997e-01,-8.926753822664026949e-02,-7.684496437723147277e-01,1.329830682369870232e+00
2.119075749196311087e-01,-8.946113867127299113e-02,-7.934315478533704447e-01,1.339190631632916739e+00
2.136651169387328852e-01,-8.963920500403281533e-02,-8.032400530402867833e-01,1.342847740080865160e+00
2.154291751457518833e-01,-8.979400617797955730e-02,-7.764454604558328477e-01,1.332833620695333732e+00
2.171979354237737470e-01,-8.994359453779120217e-02,-7.557276732363553684e-01,1.325038744051039163e+00
2.189708267523035601e-01,-9.009353227059445357e-02,-7.437147462307522883e-01,1.320497916026660112e+00
2.207478217911637841e-01,-9.024381706416398363e-02,-7.352615948513083755e-01,1.317293283536854709e+00
2.225288931368927248e-01,-9.039444660092239847e-02,-7.289506018641711549e-01,1.314895661968724871e+00
2.243140133231668609e-01,-9.054541855797587635e-02,-7.241705378525822301e-01,1.313076744844939414e+00
2.261031548212247277e-01,-9.069673060715006951e-02,-7.206110360315314267e-01,1.311720639477602868e+00
2.278962900402911052e-01,-9.084838041502601991e-02,-7.181068666039047699e-01,1.310765755809902400e+00
2.296933913280026496e-01,-9.100036564297607489e-02,-7.165780166968482856e-01,1.310182436417481666e+00
2.314944309708344972e-01,-9.115268394720002498e-02,-7.160055911769700465e-01,1.309963965602477964e+00
2.332993811945272555e-01,-9.130533297876117227e-02,-7.164255845303379999e-01,1.310124263011084755e+00
2.351082141645156609e-01,-9.145831038362259302e-02,-7.179360970228911842e-01,1.310700613039793794e+00
2.369209019863576793e-01,-9.161161380268351140e-02,-7.207213313823332967e-01,1.311762681044987389e+00
2.387374167061647734e-01,-9.176524087181553435e-02,-7.251066048896237515e-01,1.313433136817258706e+00
2.405577303110327247e-01,-9.191918922189921959e-02,-7.316870412395648504e-01,1.315935804376324736e+00
2.423818147294739545e-01,-9.207345647886054640e-02,-7.416756461938311951e-01,1.319725595036267851e+00
2.442096418318502882e-01,-9.222804026370759467e-02,-7.581507884776157447e-01,1.325952785161528924e+00
2.460411834308066925e-01,-9.238293819256718220e-02,-7.946375955154718618e-01,1.339640845717788631e+00
2.478779469876651598e-01,-9.251298897176735148e-02,-8.067701280526387020e-01,1.344161496269194123e+00
2.497206180299680334e-01,-9.260924736239789512e-02,-7.709267998757129980e-01,1.330761736704100251e+00
2.515676369122541445e-01,-9.269680289065397594e-02,-7.421579889794356344e-01,1.319908325975495789e+00
2.534182657752637180e-01,-9.278452954535185149e-02,-7.257388705590683831e-01,1.313673806756863183e+00
2.552724760800102466e-01,-9.287242597363797036e-02,-7.141478515181955977e-01,1.309254693143467652e+00
2.571302392322771802e-01,-9.296049082004068098e-02,-7.053230491224489196e-01,1.305880181763414694e+00
2.589915265830585178e-01,-9.304872272649108988e-02,-6.983688532251246528e-01,1.303214814689092060e+00
2.608563094290007878e-01,-9.313712033234408660e-02,-6.928183630792024150e-01,1.301083534243363760e+00
2.627245590128456376e-01,-9.322568227439920197e-02,-6.884053620255961015e-01,1.299386532955300488e+00
2.645962465238733685e-01,-9.331440718692177172e-02,-6.849742257835909065e-01,1.298065570679536540e+00
2.664713430983471909e-01,-9.340329370166386425e-02,-6.824397107964825793e-01,1.297088937118994423e+00
2.683498198199583129e-01,-9.349234044788545805e-02,-6.807689814754929181e-01,1.296444746788498081e+00
2.702316477202718059e-01,-9.358154605237556378e-02,-6.799761654125864307e-01,1.296138945257253816e+00
2.721167977791736359e-01,-9.367090913947342945e-02,-6.801268896085488347e-01,1.296197087486524513e+00
2.740052409253178056e-01,-9.376042833108970409e-02,-6.813550053594212841e-01,1.296670738992525163e+00
2.758969480365748850e-01,-9.385010224672771240e-02,-6.839002114191192749e-01,1.297651806695123922e+00
2.777918899404810960e-01,-9.393992950350471549e-02,-6.881892267711828826e-01,1.299303362102624204e+00
2.796900374146880086e-01,-9.402990871617331048e-02,-6.950108090138051864e-01,1.301925807799279022e+00
2.815913611874135691e-01,-9.412003849714274673e-02,-7.055535966157988614e-01,1.305968451615810988e+00
2.834956012243334822e-01,-9.421436803341580457e-02,-7.405958211824505977e-01,1.319316421933135253e+00
2.854037167552283538e-01,-9.428622897964572536e-02,-7.563153193868330515e-01,1.325260472279631951e+00
2.873161331940284335e-01,-9.432210697760277929e-02,-7.219124417170517116e-01,1.312216613870229809e+00
2.892318340398768450e-01,-9.434861651867187948e-02,-6.937071108190722146e-01,1.301425030810100969e+00
2.911505672109123699e-01,-9.437516802117210113e-02,-6.771703903497316990e-01,1.295056134053552022e+00
2.930723031178958937e-01,-9.440176107564643426e-02,-6.650460284565604674e-01,1.290366625597764161e+00
2.949970121252823985e-01,-9.442839527199706207e-02,-6.553467893778639475e-01,1.286602809486231402e+00
2.969246645516779859e-01,-9.445507019949173078e-02,-6.471911651508297503e-01,1.283429454684140270e+00
2.988552306702977335e-01,-9.448178544677007795e-02,-6.400872804516934966e-01,1.280658924324385994e+00
3.007886807094238280e-01,-9.450854060184993299e-02,-6.337031075749377518e-01,1.278163959582235165e+00
3.027249848528648091e-01,-9.453533525213370092e-02,-6.277554253914352511e-01,1.275835187393510983e+00
3.046641132404155905e-01,-9.456216898441474616e-02,-6.219088907563661284e-01,1.273541868474046712e+00
3.066060359683174807e-01,-9.458904138488369306e-02,-6.155600849636166938e-01,1.271046846093257354e+00
3.085507230897197584e-01,-9.461595203913489294e-02,-6.067263870624699518e-01,1.267567113435209780e+00
3.104980880930163223e-01,-9.464577249029762496e-02,-5.968187215901323839e-01,1.263652927662549441e+00
3.124479331608612798e-01,-9.468702771872469781e-02,-6.005253883309029650e-01,1.265118724994181321e+00
3.144002844363635862e-01,-9.473686088121030524e-02,-6.140702788767573583e-01,1.270460656170334657e+00
3.163552792884269382e-01,-9.478676152017001533e-02,-6.234553025742592958e-01,1.274148854166678335e+00
3.183128875686122017e-01,-9.483672886607426300e-02,-6.337375522074741863e-01,1.278177433773368676e+00
3.202730790881779255e-01,-9.488676214836475054e-02,-6.485604062601881825e-01,1.283962774483819791e+00
3.222358236185462466e-01,-9.493686059546638245e-02,-6.815322886085681819e-01,1.296739098125975431e+00
3.242009533988805536e-01,-9.495573464850218248e-02,-6.753993538448601619e-01,1.294372185209825998e+00
3.261688962458180185e-01,-9.494933217503520595e-02,-6.377324818743814738e-01,1.279739224168104261e+00
3.281397597054108717e-01,-9.494890969616884280e-02,-6.274662557956816045e-01,1.275721856752357164e+00
3.301130556644144010e-01,-9.494848669586625212e-02,-6.192929417993573438e-01,1.272514417128292274e+00
3.320887536921638961e-01,-9.494806318065063255e-02,-6.129091715282386499e-01,1.270003610832756147e+00
3.340668233209516114e-01,-9.494763915705310697e-02,-6.077512403169600397e-01,1.267971308948652842e+00
3.360472340464969454e-01,-9.494721463161265307e-02,-6.034887039265801612e-01,1.266289344473284340e+00
3.380299553284165093e-01,-9.494678961087596458e-02,-5.999242936999558129e-01,1.264881138170680375e+00
3.400149565906955829e-01,-9.494636410139738192e-02,-5.969353649784838733e-01,1.263699080073449998e+00
3.420022072221590714e-01,-9.494593810973880887e-02,-5.944442221285266559e-01,1.262713040294003886e+00
3.439916765769438500e-01,-9.494551164246955999e-02,-5.924027943748186864e-01,1.261904431553680928e+00
3.459833339749713854e-01,-9.494508470616627727e-02,-5.907848213697306505e-01,1.261263184815021310e+00
3.479771487024207466e-01,-9.494465730741286080e-02,-5.895825813448818398e-01,1.260786493164041566e+00
3.499730900122024480e-01,-9.494422945280031612e-02,-5.888072146640350724e-01,1.260478962404385062e+00
3.519711271244324591e-01,-9.494380114892667089e-02,-5.884932742651141080e-01,1.260354424066942425e+00
3.539712292269066030e-01,-9.494337240239694720e-02,-5.887105676089170458e-01,1.260440624388518005e+00
3.559733654755764531e-01,-9.494294321982291174e-02,-5.895926560429303187e-01,1.260790488559828226e+00
3.579775049950242316e-01,-9.494251360782310356e-02,-5.914138849626420225e-01,1.261512538567350905e+00
3.599836168789392055e-01,-9.494208357302268142e-02,-5.948618766523332546e-01,1.262878409290590920e+00
3.619916701905945278e-01,-9.494165312205329887e-02,-6.028679067052939988e-01,1.266044196189569870e+00
3.640016052402678115e-01,-9.493475418858671189e-02,-6.062418528998252398e-01,1.267375971406995427e+00
3.660133710841823595e-01,-9.491817071714962750e-02,-5.988537563368183658e-01,1.264457890297979947e+00
3.680269653759615789e-01,-9.489836196856710204e-02,-5.919538908449610837e-01,1.261726551533635998e+00
3.700423769660668993e-01,-9.487853534229898078e-02,-5.884506902699080388e-01,1.260337530294923791e+00
3.720595747743583592e-01,-9.485869114409638259e-02,-5.864038935388056206e-01,1.259525265145088557e+00
3.740785276931505310e-01,-9.483882967998139013e-02,-5.853465390081480368e-01,1.259105451901526784e+00
3.760992045876916934e-01,-9.481895125624234533e-02,-5.851384763362943442e-01,1.259022825979058346e+00
3.781215742966444471e-01,-9.479905617942915863e-02,-5.858023666484208913e-01,1.259286451387618522e+00
3.801456056325661637e-01,-9.477914475634849345e-02,-5.875316507116223885e-01,1.259972876974588818e+00
3.821712673823898232e-01,-9.475921729405911709e-02,-5.908810996597491094e-01,1.261301351644304347e+00
3.841985283079053515e-01,-9.473927409986718229e-02,-5.980008713280036137e-01,1.264120592082892847e+00
3.862273004973183488e-01,-9.471566099125569571e-02,-6.062118575577370994e-01,1.267364137711706418e+00
3.882574310352881475e-01,-9.468053188889612171e-02,-6.022701475346916578e-01,1.265808100596094166e+00
3.902889451292396172e-01,-9.463753315598320837e-02,-5.918064349070186747e-01,1.261668115990500327e+00
3.923219329455027715e-01,-9.459450323047741138e-02,-5.870654010160989422e-01,1.259787839684166411e+00
3.943563631328905750e-01,-9.455144277595341207e-02,-5.843950060073384023e-01,1.258727534459836317e+00
3.963922043179726740e-01,-9.450835245645669569e-02,-5.830138765618122498e-01,1.258178793559092012e+00
3.984294251055596758e-01,-9.446523293649328190e-02,-5.826719117007050919e-01,1.258042889451987278e+00
4.004679940791868176e-01,-9.442208488101952457e-02,-5.833322969880441189e-01,1.258305327409863672e+00
4.025078798015988002e-01,-9.437890895543180059e-02,-5.851085497022388004e-01,1.259010941057399524e+00
4.045490508152342901e-01,-9.433570582555629580e-02,-5.882608831931899207e-01,1.260262227948290903e+00
4.065914756427110310e-01,-9.429247615763872159e-02,-5.925832458792874569e-01,1.261975929199637081e+00
4.086351691384685347e-01,-9.425492428721878035e-02,-6.168549894819581603e-01,1.271556129111868216e+00
4.106795061874213282e-01,-9.419934958959483295e-02,-6.239757403469530228e-01,1.274353067382408389e+00
4.127243794519925846e-01,-9.411909719608851921e-02,-5.995515323624938109e-01,1.264733779244665346e+00
4.147703506665608719e-01,-9.403785877069817389e-02,-5.876495121659492948e-01,1.260019647531715803e+00
4.168174174099841256e-01,-9.395657684565421330e-02,-5.802084059868184429e-01,1.257063405714611726e+00
4.188655481139608172e-01,-9.387525267442446697e-02,-5.748897823507166382e-01,1.254946127270297085e+00
4.209147111937815988e-01,-9.379388751112827105e-02,-5.708915272422936393e-01,1.253352116223646728e+00
4.229648750488171349e-01,-9.371248261051706718e-02,-5.678454057166784086e-01,1.252136336712851072e+00
4.250160080630045467e-01,-9.363103922795516787e-02,-5.655609793526747975e-01,1.251223792673666679e+00
4.270680786053352440e-01,-9.354955861940025819e-02,-5.639385354217953950e-01,1.250575281789063409e+00
4.291210550303429794e-01,-9.346804204138411953e-02,-5.629346015505121148e-01,1.250173828533661213e+00
4.311749056785916800e-01,-9.338649075099322849e-02,-5.625491544507768005e-01,1.250019661625678902e+00
4.332295988771636130e-01,-9.330490600584935568e-02,-5.628254730603325928e-01,1.250130182445145399e+00
4.352851029401477723e-01,-9.322328906409022009e-02,-5.638623907447748440e-01,1.250544837558723810e+00
4.373413861691288762e-01,-9.314164118435000472e-02,-5.658470669245552198e-01,1.251338110553880334e+00
4.393984168536757551e-01,-9.305996362574003866e-02,-5.691356520249530870e-01,1.252651448737817530e+00
4.414561632718305706e-01,-9.297825764782929880e-02,-5.744790858779975640e-01,1.254782485484236210e+00
4.435145936905979802e-01,-9.289652451062505034e-02,-5.838645924469696435e-01,1.258516822472774743e+00
4.455736763664346345e-01,-9.281476547455337622e-02,-6.067036832091456944e-01,1.267558157722613377e+00
4.476319922768260406e-01,-9.270955495499989818e-02,-6.042706483009006035e-01,1.266598061067875092e+00
4.496897854694035246e-01,-9.258228128489309761e-02,-5.776149658927349773e-01,1.256031435073475810e+00
4.517484111489755705e-01,-9.245636678389540508e-02,-5.664789227213000711e-01,1.251590557139714122e+00
4.538075614491914322e-01,-9.233042019481715879e-02,-5.587245793303681207e-01,1.248488918385088464e+00
4.558672046154063073e-01,-9.220444345991060664e-02,-5.528549810842908752e-01,1.246136020298061586e+00
4.579273088853745843e-01,-9.207843852189281919e-02,-5.481999642291481845e-01,1.244266838033204259e+00
4.599878424897400064e-01,-9.195240732391581073e-02,-5.444218309382058418e-01,1.242747693998345726e+00
4.620487736525255018e-01,-9.182635180953657716e-02,-5.413320268848393901e-01,1.241503937522889789e+00
4.641100705916228475e-01,-9.170027392268707833e-02,-5.388198365913663412e-01,1.240491772077254140e+00
4.661717015192833324e-01,-9.157417560764430364e-02,-5.368209962461125695e-01,1.239685845787598106e+00
4.682336346426076990e-01,-9.144805880900028217e-02,-5.353031209642697963e-01,1.239073492963298717e+00
4.702958381640365282e-01,-9.132192547163200946e-02,-5.342596630899620891e-01,1.238652357641143009e+00
4.723582802818403481e-01,-9.119577754067162423e-02,-5.337095673459526513e-01,1.238430283603381810e+00
4.744209291906104076e-01,-9.106961696147627960e-02,-5.337026610946014049e-01,1.238427495291751557e+00
4.764837530817489508e-01,-9.094344567959813941e-02,-5.343338585264056917e-01,1.238682307343737632e+00
4.785467201439597695e-01,-9.081726564075445762e-02,-5.357756857154485353e-01,1.239264171077114840e+00
4.806097985637386438e-01,-9.069107879079754686e-02,-5.383586760637100177e-01,1.240305880040770470e+00
4.826729565258642274e-01,-9.056488707568473295e-02,-5.428158055345233546e-01,1.242101366851563915e+00
4.847361622138884885e-01,-9.043869244144836506e-02,-5.514983021616961523e-01,1.245591547081825734e+00
4.867991243041935867e-01,-9.030999969091263457e-02,-5.668784318176500747e-01,1.251750147520522605e+00
4.888607647785558896e-01,-9.016271369819503501e-02,-5.629383857906153921e-01,1.250175342018316815e+00
4.909213113664967487e-01,-8.999933412612214079e-02,-5.434606892994560123e-01,1.242360933585508365e+00
4.929817785127689755e-01,-8.983596085293416023e-02,-5.337585096932591089e-01,1.238450043277184109e+00
4.950421344424202341e-01,-8.967259639804908700e-02,-5.271016122212002220e-01,1.235759528476798819e+00
4.971023473822133720e-01,-8.950924328074888470e-02,-5.220204127492482638e-01,1.233701914057544258e+00
4.991623855611161398e-01,-8.934590402014069843e-02,-5.179419481246314572e-01,1.232047867627159787e+00
5.012222172107916318e-01,-8.918258113511799701e-02,-5.145841431467170768e-01,1.230684420615909547e+00
5.032818105660875618e-01,-8.901927714432170125e-02,-5.117896232984686655e-01,1.229548544506669172e+00
5.053411338655264817e-01,-8.885599456610136782e-02,-5.094645544596190234e-01,1.228602683726361944e+00
5.074001553517958341e-01,-8.869273591847634530e-02,-5.075520360538843256e-01,1.227824106317303210e+00
5.094588432722370053e-01,-8.852950371909693028e-02,-5.060194316752035792e-01,1.227199833635583381e+00
5.115171658793353782e-01,-8.836630048520560665e-02,-5.048523526935422279e-01,1.226724236612916297e+00
5.135750914312103843e-01,-8.820312873359807682e-02,-5.040525138870679545e-01,1.226398187330309142e+00
5.156325881921042242e-01,-8.803999098058462591e-02,-5.036386225912750092e-01,1.226229433096137633e+00
5.176896244328713648e-01,-8.787688974195123626e-02,-5.036507624555890406e-01,1.226234383164812813e+00
5.197461684314683694e-01,-8.771382753292072953e-02,-5.041604376462385240e-01,1.226442186834030279e+00
5.218021884734429516e-01,-8.755080686811414492e-02,-5.052921971115809097e-01,1.226903499510691331e+00
5.238576528524223619e-01,-8.738783026151174249e-02,-5.072737243325760037e-01,1.227710765747607180e+00
5.259125298706034402e-01,-8.722490022641443685e-02,-5.105721096359052691e-01,1.229053338808330675e+00
5.279667878392402258e-01,-8.706201927540491159e-02,-5.163893929254623760e-01,1.231417635461447446e+00
5.300203950791337881e-01,-8.689918992030895573e-02,-5.301926305109259108e-01,1.237009551503514437e+00
5.320719803280365978e-01,-8.672295360999243696e-02,-5.316235739909140889e-01,1.237587804558090365e+00
5.341214803156348889e-01,-8.653101776126752298e-02,-5.166465053613036318e-01,1.231522027964300658e+00
5.361702034962942953e-01,-8.633685179338437821e-02,-5.070310530452437625e-01,1.227611930964033871e+00
5.382181503756071628e-01,-8.614275939879006971e-02,-5.010372411405981108e-01,1.225168250135710180e+00
5.402652893716992644e-01,-8.594874357062942671e-02,-4.966246148180946118e-01,1.223366100077198704e+00
5.423115889151548519e-01,-8.575480730086651460e-02,-4.931608042711057571e-01,1.221949591542591307e+00
5.443570174495035996e-01,-8.556095358023853292e-02,-4.903565225938761873e-01,1.220801590183218988e+00
5.464015434317071040e-01,-8.536718539820967178e-02,-4.880551886450668064e-01,1.219858675685452809e+00
5.484451353326453837e-01,-8.517350574292498200e-02,-4.861636249754646144e-01,1.219083108313565589e+00
5.504877616376036009e-01,-8.497991760116435644e-02,-4.846233613010515473e-01,1.218451214165364727e+00
5.525293908467572290e-01,-8.478642395829641409e-02,-4.833970128483440210e-01,1.217947869511804670e+00
5.545699914756581084e-01,-8.459302779823246743e-02,-4.824612512595256586e-01,1.217563653884069286e+00
5.566095320557200576e-01,-8.439973210338061471e-02,-4.818030515611944065e-01,1.217293330122692474e+00
5.586479811347047075e-01,-8.420653985459951307e-02,-4.814177851900920402e-01,1.217135072697394627e+00
5.606853072772053359e-01,-8.401345403115266508e-02,-4.813085330147350849e-01,1.217090190994379428e+00
5.627214790651324794e-01,-8.382047761066233060e-02,-4.814864046552966848e-01,1.217163261298703780e+00
5.647564650981984347e-01,-8.362761356906361909e-02,-4.819719357675469329e-01,1.217362696885175177e+00
5.667902339944010937e-01,-8.343486488055865125e-02,-4.827979279480771879e-01,1.217701904387143985e+00
5.688227543905082229e-01,-8.324223451757065129e-02,-4.840144795901133445e-01,1.218201329661937837e+00
5.708539949425409654e-01,-8.304972545069808088e-02,-4.856972919113360376e-01,1.218891829454663345e+00
5.728839243262573433e-01,-8.285734064866892568e-02,-4.879583570712384688e-01,1.219818985370878073e+00
5.749125112376348712e-01,-8.266508307829480151e-02,-4.909275259905234723e-01,1.221035431914456515e+00
5.769397243933540587e-01,-8.247295570442531032e-02,-4.940581936113723760e-01,1.222316732116259796e+00
5.789659753291539479e-01,-8.228602432182124948e-02,-5.114305875940239332e-01,1.229402532775178525e+00
5.809897559833878677e-01,-8.208901850283417678e-02,-5.209905629228954727e-01,1.233284461477925031e+00
5.830102252115334505e-01,-8.187330625943051166e-02,-5.077949585172272240e-01,1.227923026299786891e+00
5.850288296883119354e-01,-8.165417425752491409e-02,-4.988256154598578185e-01,1.224265337032727441e+00
5.870459064402971938e-01,-8.143520809959524376e-02,-4.941519707344173007e-01,1.222355091916590863e+00
5.890614243616706380e-01,-8.121641116237054980e-02,-4.912242320393787054e-01,1.221156923593105903e+00
5.910753523706524515e-01,-8.099778681997024665e-02,-4.893261308219378769e-01,1.220379502786710146e+00
5.930876594099816490e-01,-8.077933844385215556e-02,-4.881486206759675373e-01,1.219896971336500879e+00
5.950983144473941389e-01,-8.056106940276049067e-02,-4.875329013890801200e-01,1.219644579944944462e+00
5.971072864761018950e-01,-8.034298306267384504e-02,-4.873899107062491520e-01,1.219585958719699770e+00
5.991145445152711302e-01,-8.012508278675339879e-02,-4.876681458255760493e-01,1.219700022884961710e+00
6.011200576104998028e-01,-7.990737193529091897e-02,-4.883388130533503624e-01,1.219974923124795385e+00
6.031237948342952349e-01,-7.968985386565707874e-02,-4.893883479871794506e-01,1.220404993429303975e+00
6.051257252865503977e-01,-7.947253193224959600e-02,-4.908145018900391676e-01,1.220989148964903404e+00
6.071258180950211969e-01,-7.925540948644155259e-02,-4.926243664758300778e-01,1.221730071036900567e+00
6.091240424158024247e-01,-7.903848987652961622e-02,-4.948335976047832929e-01,1.222633877170423933e+00
6.111203674338030467e-01,-7.882177644768253999e-02,-4.974665126360320322e-01,1.223710142409562662e+00
6.131147623632218213e-01,-7.860527254188945379e-02,-5.005569655083761393e-01,1.224972230504992377e+00
6.151071964480216980e-01,-7.838898149790843317e-02,-5.041500694999276888e-01,1.226437959906626407e+00
6.170976389624042158e-01,-7.817290665121495730e-02,-5.083050079674749089e-01,1.228130696614767814e+00
6.190860592112836791e-01,-7.795705133395042230e-02,-5.130994105723052368e-01,1.230081058537324745e+00
6.210724265307601133e-01,-7.774141887487087677e-02,-5.186361708415538896e-01,1.232329570708077249e+00
6.230567102885919972e-01,-7.752601259929556288e-02,-5.250543280728527940e-01,1.234930900120671859e+00
6.250388798846693295e-01,-7.731083582905572127e-02,-5.325471614628398687e-01,1.237960888502879886e+00
6.270189047514846958e-01,-7.709589188244336810e-02,-5.413940358751780924e-01,1.241528910607875513e+00
6.289967543546052253e-01,-7.688118407416003053e-02,-5.520209016118549084e-01,1.245801309042439131e+00
6.309723981931434356e-01,-7.666671571526573192e-02,-5.651279590612126036e-01,1.251050742000983984e+00
6.329458058002273013e-01,-7.645249011312788001e-02,-5.820037826711745854e-01,1.257777318395897348e+00
6.349169467434702119e-01,-7.623851057137023823e-02,-6.055222157837920616e-01,1.267092031299933641e+00
6.368857906254405954e-01,-7.602478038982207753e-02,-6.458004105484438373e-01,1.282887528409425215e+00
6.388505721249169156e-01,-7.579731749619281200e-02,-6.954916231930743376e-01,1.302110449690453198e+00
6.408064893970220055e-01,-7.552303949123488624e-02,-6.980160276737823466e-01,1.303079440277446155e+00
6.427531384655433833e-01,-7.520167020324676488e-02,-6.530273634163927809e-01,1.285701117451638842e+00
6.446952712891873549e-01,-7.486637473627527628e-02,-6.170938880842959939e-01,1.271650065106079364e+00
6.466349771235514465e-01,-7.453149827180144404e-02,-5.981297750481029407e-01,1.264171576586067269e+00
6.485722260559723118e-01,-7.419704597403461999e-02,-5.861131141364599451e-01,1.259409827711559515e+00
6.505069882116749636e-01,-7.386302300064295778e-02,-5.782971685232061176e-01,1.256302976404659377e+00
6.524392337542335163e-01,-7.352943450267393488e-02,-5.735561143823506569e-01,1.254414650098742534e+00
6.543689328860313736e-01,-7.319628562447483278e-02,-5.714029767385837566e-01,1.253556132264759704e+00
6.562960558487207496e-01,-7.286358150361348096e-02,-5.717063416794310182e-01,1.253677128163161125e+00
6.582205729236816349e-01,-7.253132727079901476e-02,-5.746199264099747239e-01,1.254838605721857236e+00
6.601424544324798749e-01,-7.219952804980273031e-02,-5.806369530892674380e-01,1.257233849802520842e+00
6.620616707373252474e-01,-7.186818895737903667e-02,-5.908193362033842266e-01,1.261276867386135869e+00
6.639781922415282089e-01,-7.153731510318664388e-02,-6.074911492952155267e-01,1.267868742928547565e+00
6.658919893899560849e-01,-7.120691158970970935e-02,-6.368555975719352169e-01,1.279396575566753347e+00
6.678030326694895935e-01,-7.087698351217910919e-02,-7.089167939704821286e-01,1.307255443274374818e+00
6.696995906140831289e-01,-7.049144475732374571e-02,-7.141656636037734263e-01,1.309261495501862438e+00
6.715787683525038521e-01,-7.003721566336551518e-02,-6.398605271092598912e-01,1.280570391313675449e+00
6.734522603529400353e-01,-6.957049629682822423e-02,-5.901014947371410191e-01,1.260992265930739542e+00
6.753229247998308038e-01,-6.910448132294341739e-02,-5.596673735629797974e-01,1.248866435437745226e+00
6.771907328452160257e-01,-6.863917792823850950e-02,-5.372779026644658451e-01,1.239870115239683379e+00
6.790556556851853331e-01,-6.817459328826741549e-02,-5.195219505012353967e-01,1.232688910675047600e+00
6.809176645603214340e-01,-6.771073456750001385e-02,-5.048647118885623009e-01,1.226729274081515664e+00
6.827767307561437571e-01,-6.724760891921163775e-02,-4.924839706679402518e-01,1.221672611900561645e+00
6.846328256035520976e-01,-6.678522348537267728e-02,-4.818945349284524671e-01,1.217330906092691123e+00
6.864859204792677083e-01,-6.632358539653851470e-02,-4.727946317379227992e-01,1.213587504771667769e+00
6.883359868062752795e-01,-6.586270177173952911e-02,-4.649924096796207440e-01,1.210368708154511364e+00
6.901829960542632536e-01,-6.540257971837137863e-02,-4.583623599922139746e-01,1.207626746967875864e+00
6.920269197400643613e-01,-6.494322633208532425e-02,-4.527940905465530630e-01,1.205319082461798974e+00
6.938677294280942709e-01,-6.448464869667883126e-02,-4.479949945732311090e-01,1.203326636692311880e+00
6.957053967307902376e-01,-6.402685388398635102e-02,-4.412564728188339558e-01,1.200523416189302806e+00
6.975422043271272132e-01,-6.357976196879082387e-02,-4.608355139275748247e-01,1.208650286032967758e+00
6.993732537392192139e-01,-6.312343150048735363e-02,-4.628562107547053994e-01,1.209485928299583568e+00
7.011966022833270307e-01,-6.264948045654467057e-02,-4.448454473408745002e-01,1.202017240866733339e+00
7.030170958272868864e-01,-6.217787959453556501e-02,-4.385858169500647108e-01,1.199410612321762271e+00
7.048343135595369624e-01,-6.170712733516570125e-02,-4.354185401787333820e-01,1.198089537630111057e+00
7.066482274563319343e-01,-6.123723093801720918e-02,-4.348234077066561731e-01,1.197841144604181673e+00
7.084588095448758338e-01,-6.076819764947381797e-02,-4.368893118030698908e-01,1.198703179191191515e+00
7.102660319037524816e-01,-6.030003470260913989e-02,-4.421852142134115038e-01,1.200910160758668743e+00
7.120698666633578089e-01,-5.983274931707489863e-02,-4.519207574537620342e-01,1.204956745055091982e+00
7.138702860063284028e-01,-5.936634869898980982e-02,-4.685664288864044291e-01,1.211844226328782081e+00
7.156672621679707191e-01,-5.890084004082837138e-02,-4.978996481936202034e-01,1.223887105983889390e+00
7.174607674366892951e-01,-5.843623052130997308e-02,-5.596964867820370948e-01,1.248878091241109489e+00
7.192460918701447659e-01,-5.795880635189591679e-02,-6.937149527548729377e-01,1.301428043633174880e+00
7.209830496272499056e-01,-5.735089509246539541e-02,-6.125851220894178439e-01,1.269876026267689584e+00
7.226744984768713742e-01,-5.662224234148045127e-02,-4.456931675888651245e-01,1.202369813156029421e+00
7.243521373421470955e-01,-5.587162330030336771e-02,-2.899763165505000462e-01,1.135771243054912061e+00
7.260286601112910798e-01,-5.513055890388773861e-02,-1.599656942191367559e-01,1.077017035250202870e+00
7.277400263816624637e-01,-5.448826280871662403e-02,-1.646976843049225980e-01,1.079211603118184870e+00
7.294757996869052352e-01,-5.391877805659009426e-02,-2.042283444938250980e-01,1.097373384265275975e+00
7.312084312984881151e-01,-5.335193177920097285e-02,-2.164225832715747089e-01,1.102915492352689153e+00
7.329374127307928255e-01,-5.278627969134512543e-02,-2.192215853647003776e-01,1.104183673744862260e+00
7.346630799166538051e-01,-5.222324219354188002e-02,-2.239994279583346071e-01,1.106345076347490464e+00
7.363830629142833484e-01,-5.165543256409124706e-02,-2.174140709738572319e-01,1.103364885690068187e+00
7.380969768899491301e-01,-5.108146083580596131e-02,-2.040253495123443006e-01,1.097280889067309140e+00
7.398071430292424422e-01,-5.050874421842506401e-02,-1.925959296989450120e-01,1.092060405700593595e+00
7.415135349592858471e-01,-4.993729154394729169e-02,-1.808039309325626398e-01,1.086648025320325450e+00
7.432161263654049055e-01,-4.936711162487975035e-02,-1.674056183065333325e-01,1.080465463726876019e+00
7.449148909915337402e-01,-4.879821325410222538e-02,-1.499021527374744256e-01,1.072334906984508507e+00
7.466098026406204902e-01,-4.823060520473131108e-02,-1.170616567188900170e-01,1.056911376000320146e+00
7.483083290098375695e-01,-4.768868954061650234e-02,-1.027429088792228828e-01,1.050115664524257530e+00
7.500188394082467624e-01,-4.720092288444354550e-02,-1.430711445255119507e-01,1.069145053080035490e+00
7.517337767940909243e-01,-4.674279696165209441e-02,-2.089517095661885815e-01,1.099523401099853137e+00
7.534446823897098522e-01,-4.628574808554040965e-02,-3.174218402177353404e-01,1.147789980884018401e+00
7.551223659965919932e-01,-4.574641849295112139e-02,-3.290826734734870751e-01,1.152858479377883993e+00
7.567519584344789552e-01,-4.508248513758685017e-02,-1.955011814033928985e-01,1.093389766461801527e+00
7.583620615975644741e-01,-4.437615993000686154e-02,-3.438291691772876746e-02,1.017046172461077980e+00
7.600023972889556889e-01,-4.376777169512778565e-02,-4.907871704455901707e-02,1.024245437892968624e+00
7.616672890056521705e-01,-4.323518399167775028e-02,-1.052832057063155524e-01,1.051324500668711526e+00
7.633172709301767611e-01,-4.266722068663501843e-02,-9.852587463298823067e-02,1.048105850872414591e+00
7.649552995764932195e-01,-4.207850705352728093e-02,-6.171297665165820234e-02,1.030394573283292425e+00
7.665919370243587938e-01,-4.149889109436245838e-02,-4.095799738878902474e-02,1.020273491466277882e+00
7.682340386432306989e-01,-4.094816866531138938e-02,-5.155296668611408784e-02,1.025452566765578943e+00
7.698729601593967686e-01,-4.040181117672259070e-02,-5.392341007529943830e-02,1.026607719664770269e+00
7.715048731020416328e-01,-3.984836592050042259e-02,-4.488147268671593970e-02,1.022194439765114371e+00
7.731322396602959834e-01,-3.929551697425519990e-02,-3.539409651799507728e-02,1.017543166906443863e+00
7.747557827779345541e-01,-3.874548012895032145e-02,-2.806463077872423106e-02,1.013935220208236121e+00
7.763754147432699870e-01,-3.819807149557892523e-02,-2.067626228437502434e-02,1.010285238080996129e+00
7.779907222716666571e-01,-3.765215756523068724e-02,-1.255931035969459764e-02,1.006260060997997918e+00
7.796019071674225032e-01,-3.710841914445463241e-02,-4.286721521317815586e-03,1.002141068673127355e+00
7.812088204840021977e-01,-3.656650455375188430e-02,5.233564693826187053e-03,9.973797848894742080e-01
7.828118786248698946e-01,-3.602773155794032622e-02,1.466103640462046442e-02,9.926424147674627330e-01
7.844118419636375572e-01,-3.549445753628223399e-02,2.065871054200230095e-02,9.896167386710865710e-01
7.860079872529952549e-01,-3.496460736019647852e-02,2.768470942165379700e-02,9.860604903241718677e-01
7.875997299173878030e-01,-3.443651838203330706e-02,3.703135581677829968e-02,9.813096576428980145e-01
7.891880712248879881e-01,-3.391330783800336479e-02,4.420870321140346615e-02,9.776457931114911348e-01
7.907728832836641297e-01,-3.339467626375834663e-02,5.137880926385496316e-02,9.739718634211899095e-01
7.923539375061749990e-01,-3.288003553965379577e-02,5.875318102955340294e-02,9.701787561941596083e-01
7.939314840089521930e-01,-3.237025194280884755e-02,6.602330463561179030e-02,9.664246972032473071e-01
7.955057546902136734e-01,-3.186616841072216488e-02,7.197753423438757459e-02,9.633392267345975979e-01
7.970769496031417933e-01,-3.136852622464088303e-02,7.550861087123150739e-02,9.615047525253156424e-01
7.986441803847266208e-01,-3.087463198967718703e-02,8.001239940530391337e-02,9.591598410039361422e-01
8.002066709326945970e-01,-3.038212282160041022e-02,8.840167751213812153e-02,9.547765824986816918e-01
8.017654104624167832e-01,-2.989424520374691155e-02,9.569034796332676063e-02,9.509519714668418500e-01
8.033210348903789821e-01,-2.941314617448802932e-02,1.009951773227734106e-01,9.481586484746244992e-01
8.048731938739404068e-01,-2.893783206993923857e-02,1.055888464443438535e-01,9.457331301988188832e-01
8.064216525924288170e-01,-2.846764725543545621e-02,1.104849152677964685e-01,9.431410736110497073e-01
8.079663786654979196e-01,-2.800261424138580230e-02,1.149007619617918863e-01,9.407971290550413146e-01
8.095072530170193126e-01,-2.754244145222403684e-02,1.196718271700832892e-01,9.382580523661476768e-01
8.110441269674222298e-01,-2.708675845496013451e-02,1.250509902279653973e-01,9.353870908730965716e-01
8.125773429282079352e-01,-2.663683279986133606e-02,1.293402158637013688e-01,9.330915197001302674e-01
8.141063898335691995e-01,-2.619102873023811118e-02,1.375070118646868345e-01,9.287050059816158720e-01
8.156335022814891200e-01,-2.575857950094042476e-02,1.305527663641927738e-01,9.324415443532142467e-01
8.171540688126707197e-01,-2.532287892279393854e-02,1.404444687912790313e-01,9.271221770666048245e-01
8.186696057374660551e-01,-2.488746560595936352e-02,1.505500161796941017e-01,9.216561093055836151e-01
8.201842687931791831e-01,-2.446748119870495106e-02,1.497579463923812693e-01,9.220857083848652547e-01
8.216942006555225664e-01,-2.405019870614927280e-02,1.537457810469381458e-01,9.199207677583226550e-01
8.231992231713984864e-01,-2.363861098787180606e-02,1.577950944965382796e-01,9.177172252406847752e-01
8.247003699810881994e-01,-2.323310070549190406e-02,1.610349127786740997e-01,9.159503737765086750e-01
8.261984950492071711e-01,-2.283337726987816688e-02,1.641066271093553075e-01,9.142720453402503056e-01
8.276924518124106900e-01,-2.243892476673518821e-02,1.681233411533568090e-01,9.120727267310667630e-01
8.291827523470534089e-01,-2.205184944382701517e-02,1.697905101283214702e-01,9.111583231643546332e-01
8.306689136856907352e-01,-2.167043244507566371e-02,1.721692452732689338e-01,9.098520510097952707e-01
8.321506060154636453e-01,-2.129355816835037940e-02,1.761567085323187953e-01,9.076581357910483705e-01
8.336284243286079532e-01,-2.092371385018891236e-02,1.787891790490860888e-01,9.062068312206181808e-01
8.351023076033698977e-01,-2.056083222999204041e-02,1.808929365600907557e-01,9.050453377814335898e-01
8.365722071584347219e-01,-2.020491775419357150e-02,1.822971722938500072e-01,9.042692230227400429e-01
8.380379745821109339e-01,-1.985554171407455382e-02,1.837661912393412367e-01,9.034565893061263786e-01
8.394995698933378492e-01,-1.951273099073572853e-02,1.850842493102676789e-01,9.027268416801021989e-01
8.409571180284054481e-01,-1.917725892712179511e-02,1.850924658143059398e-01,9.027222907327003831e-01
8.424102380456621741e-01,-1.884759950559981856e-02,1.862925251948909233e-01,9.020573567158072237e-01
8.438591845516549839e-01,-1.852504610448337669e-02,1.865836671468908969e-01,9.018959656485381338e-01
8.453041922258430763e-01,-1.821093152114428362e-02,1.842585943662259362e-01,9.031840375215751671e-01
8.467447525392169938e-01,-1.790314296268676053e-02,1.811810015634015558e-01,9.048861798240696031e-01
8.481801979184899754e-01,-1.759870903772875472e-02,1.806939716650766137e-01,9.051552509569412708e-01
8.496105566512575091e-01,-1.729815556603794130e-02,1.816541074025381786e-01,9.046247247325610585e-01
8.510364618715375862e-01,-1.700443712359408013e-02,1.804628239956173053e-01,9.052829259432559894e-01
8.524578191891580836e-01,-1.671706535357578294e-02,1.781710987439325544e-01,9.065477931449987814e-01
8.538743299217435023e-01,-1.643499538808610577e-02,1.757599566878412789e-01,9.078766674566313144e-01
8.552858481313083683e-01,-1.615766713649098921e-02,1.736309643246953804e-01,9.090484231740928456e-01
8.566924381527392107e-01,-1.588559521192367541e-02,1.704687099150659080e-01,9.107860836030237106e-01
8.580939273244627685e-01,-1.561803499107696121e-02,1.670807298189758150e-01,9.126441092676949030e-01
8.594901420393481484e-01,-1.535424689764380499e-02,1.639236416729928925e-01,9.143721115208004457e-01
8.608811703811934946e-01,-1.509484229544017474e-02,1.590748030619882902e-01,9.170197363950307601e-01
8.622665074603254043e-01,-1.483725393277653473e-02,1.559343848733402149e-01,9.187304365953377072e-01
8.636461046661063623e-01,-1.458134938634054502e-02,1.540760797832634310e-01,9.197412245934921682e-01
8.650203081560987606e-01,-1.432911237375459126e-02,1.505346040428241494e-01,9.216644703780090264e-01
8.663889993657918343e-01,-1.408005418502398902e-02,1.455897785818012213e-01,9.243431296970832101e-01
8.677517885863993419e-01,-1.383215807375020104e-02,1.413594016854797797e-01,9.266286194126103215e-01
8.691084303889733409e-01,-1.358418736606190232e-02,1.387547053532951491e-01,9.280330245453040083e-01
8.704590513345200620e-01,-1.333696421853342029e-02,1.356920771658812752e-01,9.296816244468418811e-01
8.718033693975957288e-01,-1.308907882994821310e-02,1.348246153648964274e-01,9.301480444720096052e-01
8.731416601764223628e-01,-1.284214581541833974e-02,1.329117874311555036e-01,9.311757151949595634e-01
8.744738843847206233e-01,-1.259606674391460478e-02,1.303998775995133252e-01,9.325235237786158038e-01
8.757995997460739090e-01,-1.234858237448762004e-02,1.306209850543015305e-01,9.324049629563854191e-01
8.771191424323665498e-01,-1.210161184421633396e-02,1.302156054765375437e-01,9.326223214803849304e-01
8.784324808518630956e-01,-1.185508797148750702e-02,1.297334522920903233e-01,9.328807789358239955e-01
8.797394094201379522e-01,-1.160804995895464709e-02,1.312916441888015706e-01,9.320452541648385214e-01
8.810403429659898755e-01,-1.136280729841673484e-02,1.307967453280771686e-01,9.323107071528905498e-01
8.823351536181263111e-01,-1.111878986870886571e-02,1.297769629974946382e-01,9.328574580301672858e-01
8.836234122300438143e-01,-1.087386981179297440e-02,1.315199371761217595e-01,9.319227772856923941e-01
8.849055422857505793e-01,-1.063036685977662536e-02,1.318609736751924499e-01,9.317397846635119274e-01
8.861814827153020602e-01,-1.038803306608952412e-02,1.319097451053878878e-01,9.317136120582397707e-01
8.874510071783459075e-01,-1.014581959468497524e-02,1.332137449504589011e-01,9.310135633005252043e-01
8.887142186143398570e-01,-9.904381727825303794e-03,1.351914300341988673e-01,9.299508427684772816e-01
8.899714234665208057e-01,-9.665429114267602012e-03,1.348015050904747270e-01,9.301604672902010762e-01
8.912223719482541551e-01,-9.427745158674505355e-03,1.347239656931733531e-01,9.302021470125870772e-01
8.924668175758903033e-01,-9.190141546196484504e-03,1.361991043391955758e-01,9.294088958369208786e-01
8.937050141500300082e-01,-8.954065683996884073e-03,1.369477235225912137e-01,9.290060691284038885e-01
8.949369271317757502e-01,-8.719434402601615106e-03,1.372212131077686914e-01,9.288588627408532750e-01
8.961624781727901556e-01,-8.485935792394972560e-03,1.371827388313150431e-01,9.288795730172372256e-01
8.973813542796680309e-01,-8.252043760936661476e-03,1.400290944384109393e-01,9.273461627470019897e-01
8.985940066467026366e-01,-8.020231452146527745e-03,1.407216863811776575e-01,9.269726606641763844e-01
8.998004623832307480e-01,-7.790723038221061131e-03,1.399389558920978160e-01,9.273947617427554801e-01
9.010002263237461007e-01,-7.561019909564376494e-03,1.413538655301598279e-01,9.266316066646119731e-01
9.021935531864628821e-01,-7.332569171882644121e-03,1.418012894818241332e-01,9.263901502704872115e-01
9.033803986133288610e-01,-7.105239175860725460e-03,1.416944334831048424e-01,9.264478217994228659e-01
9.045607513412095013e-01,-6.879069264320088195e-03,1.390119507424952827e-01,9.278944170849960926e-01
9.057343384677889464e-01,-6.652913962756978189e-03,1.284984954280358194e-01,9.335424492608593861e-01
9.068964259107272774e-01,-6.404525849128527362e-03,1.589346829881153056e-01,9.170961329173101806e-01
9.080510425211010261e-01,-6.153002876842638726e-03,1.887669742295972064e-01,9.006847538236687489e-01
9.092045577043350590e-01,-5.928658907752546586e-03,1.844567165539470199e-01,9.030743510066339130e-01
9.103532480524720860e-01,-5.714003343647244826e-03,1.790284174311600474e-01,9.060748217276760608e-01
9.114953477248126656e-01,-5.500579377973354236e-03,1.799455855737046583e-01,9.055685586559945044e-01
9.126308391087669669e-01,-5.288390301992421973e-03,1.848966652333857708e-01,9.028307342833506999e-01
9.137597046936531964e-01,-5.077439387922492303e-03,1.984763967947120733e-01,8.952785059439816173e-01
9.148840821057477868e-01,-4.880346459425902519e-03,2.004776926990745611e-01,8.941601127879309496e-01
9.160047635704653413e-01,-4.701854122212490231e-03,1.863434567062006719e-01,9.020291255241148498e-01
9.171195590278220511e-01,-4.529244683120741376e-03,1.741713018568796789e-01,9.087511750435981472e-01
9.182276239786792971e-01,-4.357677362512720268e-03,1.664424479055516271e-01,9.129937305887967369e-01
9.193289413353046280e-01,-4.187154806168755239e-03,1.604020191632959946e-01,9.162957933095098317e-01
9.204234941140220227e-01,-4.017679643757615486e-03,1.552174047435757043e-01,9.191205553443053677e-01
9.215112654354736810e-01,-3.849254488795954103e-03,1.504775685906521998e-01,9.216954114073411253e-01
9.225922385248801483e-01,-3.681881938608014358e-03,1.459108994042365159e-01,9.241694111989227078e-01
9.236663967122992203e-01,-3.515564574285557579e-03,1.412791823596760699e-01,9.266719039877727715e-01
9.247337234328827371e-01,-3.350304960648113270e-03,1.362983357295360909e-01,9.293555101630720516e-01
9.257942022271322680e-01,-3.186105646203345014e-03,1.305038092427985852e-01,9.324677960965737089e-01
9.268478167411531299e-01,-3.022969163107792380e-03,1.228240467163878025e-01,9.365767204471890928e-01
9.278945507269060755e-01,-2.860898027127851788e-03,1.087672224115777686e-01,9.440512579242835711e-01
9.289330726275810690e-01,-2.692891098470921729e-03,9.582093237839650612e-02,9.508833091508145374e-01
9.299601646287578571e-01,-2.501681373388083864e-03,1.281921194494912708e-01,9.337065280646316134e-01
9.309808722508576828e-01,-2.313718635423058119e-03,1.452408888688309085e-01,9.245318334871812649e-01
9.319983866938397199e-01,-2.146307657258452600e-03,1.314755644236723642e-01,9.319465840788986322e-01
9.330089514632046166e-01,-1.980040104296514752e-03,1.248481263502859706e-01,9.354955230516680542e-01
9.340125509747934096e-01,-1.814918540588604697e-03,1.191226286444335702e-01,9.385506759656435660e-01
9.350091697518598810e-01,-1.650945512513499105e-03,1.128912415350404874e-01,9.418645117345485485e-01
9.359987924253099223e-01,-1.488123548738150455e-03,1.052397542073020276e-01,9.459176738980501487e-01
9.369814037339374568e-01,-1.326455160178630598e-03,9.493889131553168159e-02,9.513469969913544988e-01
9.379569885246609173e-01,-1.165942839961485455e-03,7.953418729552952371e-02,9.594090955919015729e-01
9.389255317527556155e-01,-1.006589063385282708e-03,5.224152301775430995e-02,9.735288783504296717e-01
9.398870184820868889e-01,-8.483962878823713295e-04,-2.373571801613816312e-02,1.011798259543936096e+00
9.408279192321080675e-01,-6.358877970553222618e-04,-6.437139366230359983e-03,1.003213406691831677e+00
9.417445738276459810e-01,-3.541010060864024358e-04,1.092548327934055319e-01,9.437929684028136812e-01
9.426506115512441886e-01,-5.904801212548840611e-05,2.124149779456560028e-01,8.874598706726654074e-01
9.435518536153535418e-01,2.246490813220089109e-04,3.210226731101980535e-01,8.240008051511854559e-01
9.444652846484344888e-01,4.217322884079373639e-04,3.018433530358902717e-01,8.355576861977332959e-01
9.453886823809376505e-01,5.419743445838464541e-04,2.192547290620304734e-01,8.835979124794091089e-01
9.463048866169798679e-01,6.612796854364559346e-04,1.612999032320360238e-01,9.158057090715060466e-01
9.472124432358671742e-01,7.891984267320989455e-04,1.177653770749618189e-01,9.392734548176255860e-01
9.481100593236286844e-01,9.342120968781375849e-04,8.979300278733071128e-02,9.540476912674068499e-01
9.489957070624881474e-01,1.104460442671345143e-03,9.807710003340974758e-02,9.496962145689484824e-01
9.498702863910235550e-01,1.293299461738152845e-03,1.242866425622269899e-01,9.357955745983056461e-01
9.507372913165118566e-01,1.482724772838246458e-03,1.389366178943650665e-01,9.279350096346375976e-01
9.515971273178829293e-01,1.670583800240015536e-03,1.479882080644074893e-01,9.230448482796448362e-01
9.524497811354022403e-01,1.856873646924911197e-03,1.546074563581624206e-01,9.194523063442918698e-01
9.532952396200929934e-01,2.041591440073052370e-03,1.598166537362417650e-01,9.166151571208923654e-01
9.541334897339394105e-01,2.224734331107513716e-03,1.640359654802262535e-01,9.143106881797750107e-01
9.549645185500879041e-01,2.406299495738404084e-03,1.674123312337711944e-01,9.124624204679493422e-01
9.557883132530460291e-01,2.586284134006233519e-03,1.698877793127598901e-01,9.111049449362241814e-01
9.566048611388802136e-01,2.764685470325230817e-03,1.711072452526771759e-01,9.104354753343714135e-01
9.574141496154120468e-01,2.941500753526117475e-03,1.699224048820410227e-01,9.110859427726667459e-01
9.582161662024124560e-01,3.116727256898526449e-03,1.606274718029694348e-01,9.161727611084224954e-01
9.590091173852370865e-01,3.297672579710416579e-03,1.574610620046125176e-01,9.178991981668724875e-01
9.597902353802589825e-01,3.495643467093134237e-03,1.893308248793132975e-01,9.003716872051712450e-01
9.605613315294945220e-01,3.703153195169856665e-03,2.407458579682159039e-01,8.713519048190484506e-01
9.613293717383399883e-01,3.891394585187901017e-03,2.505111093744666340e-01,8.657302643580928603e-01
9.620949353829331141e-01,4.057914837168497858e-03,2.374965708484929605e-01,8.732144233528824628e-01
9.628537847607548938e-01,4.220222642818716695e-03,2.312964731647481065e-01,8.767573933735899328e-01
9.636052710526086251e-01,4.380955582150013704e-03,2.294583029873101809e-01,8.778050449915913989e-01
9.643493826696464266e-01,4.540111176461657239e-03,2.293278788185980632e-01,8.778793317884878711e-01
9.650861081367465566e-01,4.697686971377503136e-03,2.300798140615535337e-01,8.774509592783213963e-01
9.658154360926909376e-01,4.853680536883861994e-03,2.313560185946754721e-01,8.767234349584391850e-01
9.665373552903403498e-01,5.008089467367006498e-03,2.329735430268122798e-01,8.758004664152604368e-01
9.672518545968076253e-01,5.160911381650186078e-03,2.348290197338610552e-01,8.747405216783654680e-01
9.679589229936296224e-01,5.312143923030425603e-03,2.368599681376601929e-01,8.735788641343950056e-01
9.686585495769369780e-01,5.461784759314874775e-03,2.390268491262410588e-01,8.723377504577908281e-01
9.693507235576221959e-01,5.609831582856701290e-03,2.413039012069507772e-01,8.710316290428546937e-01
9.700354342615062908e-01,5.756282110590760226e-03,2.436741060443075035e-01,8.696699914080584515e-01
9.707126711295032129e-01,5.901134084068732598e-03,2.461262557680279350e-01,8.682590306077858644e-01
9.713824237177826060e-01,6.044385269494015854e-03,2.486531609563015222e-01,8.668026528822454502e-01
9.720446816979313454e-01,6.186033457756121706e-03,2.512505184968157890e-01,8.653031153897368100e-01
9.726994348571116333e-01,6.326076464464719211e-03,2.539161956815950694e-01,8.637614278945343615e-01
9.733466730982200943e-01,6.464512129983438458e-03,2.566498118058848643e-01,8.621775850682474873e-01
9.739863864400423177e-01,6.601338319463080986e-03,2.594525630244566283e-01,8.605506591569977992e-01
9.746185650174070680e-01,6.736552922874500596e-03,2.623272642936875787e-01,8.588787665941639560e-01
9.752431990813388296e-01,6.870153855041249112e-03,2.652785934365952114e-01,8.571589155829885120e-01
9.758602789992076865e-01,7.002139055671717342e-03,2.683135391758882937e-01,8.553867317325606345e-01
9.764697952548777593e-01,7.132506489390807655e-03,2.714420996854544077e-01,8.535560323227442403e-01
9.770717384488545321e-01,7.261254145771443499e-03,2.746783704020291372e-01,8.516581647574165137e-01
9.776660992984291809e-01,7.388380039365477839e-03,2.780423283940788304e-01,8.496809234094414576e-01
9.782528686378221261e-01,7.513882209734368267e-03,2.815629388487824736e-01,8.476066665330196370e-01
9.788320374183244743e-01,7.637758721479408902e-03,2.852838501813065308e-01,8.454088654720232077e-01
9.794035967084369076e-01,7.760007664271503444e-03,2.892740644150255669e-01,8.430456307845823893e-01
9.799675376940082394e-01,7.880627152880768233e-03,2.936435688190452975e-01,8.404501360467226956e-01
9.805238516783707503e-01,7.999615327205441412e-03,2.983972390554449072e-01,8.376173117507511590e-01
9.810723660029569970e-01,8.117677731344544179e-03,3.085989456127506969e-01,8.315052942629104216e-01
9.816137235615156609e-01,8.231653273681064156e-03,3.133914965349768877e-01,8.286184305607877665e-01
9.821483212899937421e-01,8.339764723079384073e-03,3.111914420602266418e-01,8.299449125934644789e-01
9.826754890640723161e-01,8.445220549697311785e-03,3.101043853326957978e-01,8.305995513286196230e-01
9.831949670216969528e-01,8.549138088144822567e-03,3.108133315536133479e-01,8.301726738735663025e-01
9.837067471518750050e-01,8.651515735884962588e-03,3.122877065576283862e-01,8.292842054702185273e-01
9.842108215623239786e-01,8.752351914127739010e-03,3.142275528529251405e-01,8.281137887676275344e-01
9.847071824795925465e-01,8.851645067854531021e-03,3.165039089091454816e-01,8.267382240412345373e-01
9.851958222491814521e-01,8.949393665842082790e-03,3.190515207557564903e-01,8.251960247385123903e-01
9.856767333356610816e-01,9.045596200686092242e-03,3.218345660871044789e-01,8.235080047655247704e-01
9.861499083227872609e-01,9.140251188824449410e-03,3.248322065765953948e-01,8.216859457380323306e-01
9.866153399136167179e-01,9.233357170560164279e-03,3.280305707165103168e-01,8.197374148369035440e-01
9.870730209306184388e-01,9.324912710083826245e-03,3.314158651592128413e-01,8.176699424833880903e-01
9.875229443157846898e-01,9.414916395495718376e-03,3.349640127350848040e-01,8.154973864243313386e-01
9.879651031307405962e-01,9.503366838827694008e-03,3.386169273870833774e-01,8.132546173326755667e-01
9.883994905568503908e-01,9.590262676064536390e-03,3.422104528928705536e-01,8.110422597541570022e-01
9.888260998953223302e-01,9.675602567164910683e-03,3.451707425894624537e-01,8.092152108126351440e-01
9.892449245673126113e-01,9.759385196082090430e-03,3.438429003744840617e-01,8.100352459155810703e-01
9.896549609407918613e-01,9.846213522826760545e-03,3.583483729460611444e-01,8.010316017823134738e-01
9.900563876890531301e-01,9.935189944861810840e-03,3.849850365864210255e-01,7.842288973339218705e-01
9.904512660415989433e-01,1.001668788717162417e-02,3.927915652235440813e-01,7.792358017804725812e-01
9.908393997378880380e-01,1.009162866802136918e-02,3.920073403941939372e-01,7.797388406420485696e-01
9.912197073711872530e-01,1.016505839410558956e-02,3.973373525753010060e-01,7.763134981595379847e-01
9.915921830766826206e-01,1.023697593304708116e-02,4.056071151105030692e-01,7.709687963137658029e-01
9.919568211103376720e-01,1.030738017578838872e-02,4.166507244158417222e-01,7.637730524076888905e-01
9.923136158489830327e-01,1.037627003660903692e-02,4.312352548353507453e-01,7.541649323355265055e-01
9.926625617904025756e-01,1.044364445314216461e-02,4.513317614369125597e-01,7.407214311487736458e-01
9.930036535534181308e-01,1.050950238639091448e-02,4.825276506060248716e-01,7.193555097404725762e-01
9.933371126183285771e-01,1.057161904782378918e-02,5.330570912841046116e-01,6.833322096285929792e-01
9.936656626807707227e-01,1.060323019781321541e-02,5.411055939632760658e-01,6.774174533009346133e-01
9.939889995994077854e-01,1.060726854614799271e-02,4.738421902172923472e-01,7.253673619502793990e-01
9.943043172156635912e-01,1.061120673661477068e-02,4.385607331677451315e-01,7.492925108609153062e-01
9.946116106669509183e-01,1.061504470848178075e-02,4.131416989547525009e-01,7.660667732288403142e-01
9.949108752144243395e-01,1.061878240256274725e-02,3.927400693322044001e-01,7.792688436398542695e-01
9.952021062430542742e-01,1.062241976121780333e-02,3.755159952578203120e-01,7.902430036021702575e-01
9.954852992616982643e-01,1.062595672835438265e-02,3.607076845211150129e-01,7.995575748367874658e-01
9.957604499031692535e-01,1.062939324942807108e-02,3.481943997326051310e-01,8.073447840095301364e-01
9.960275539243043097e-01,1.063272927144346541e-02,3.385596581425717178e-01,8.132898264809589328e-01
9.962866072060289069e-01,1.063596474295498348e-02,3.337556390035572029e-01,8.162379316084512615e-01
9.965376057534208742e-01,1.063909961406764478e-02,3.397325354922769991e-01,8.125684368148463621e-01
9.967803613722270306e-01,1.063927794127227100e-02,3.605985477778060888e-01,7.996258201322627990e-01
9.970139117078296032e-01,1.062164707456589134e-02,3.571629523012398444e-01,8.017711941063735415e-01
9.972384774056668455e-01,1.058968175315050039e-02,2.239490986730028332e-01,8.809375127255038018e-01
9.974550535372115334e-01,1.055885368937047215e-02,1.132803978839377335e-01,9.416579007877873275e-01
9.976636367625919544e-01,1.052916335863268715e-02,-2.328944972393975910e-02,1.011577703255632121e+00
9.978642238651969087e-01,1.050061121879875686e-02,-2.421866668629333308e-01,1.114534282497821271e+00
9.980568117517250037e-01,1.047319771017801368e-02,-8.580979349667470224e-01,1.363120660457740607e+00
9.982307526836922129e-01,1.050041280102314081e-02,-1.044533583827024437e+00,1.429871876717289769e+00
9.983854118652597531e-01,1.058543241702402868e-02,-3.290109622846437709e-01,1.152827377487472660e+00
9.985319546791016077e-01,1.067213765120569695e-02,-6.080992027744192008e-02,1.029956271051078120e+00
9.986715339779694833e-01,1.075472277072102301e-02,8.258002313553747253e-02,9.578204303858122159e-01
9.988041476093776350e-01,1.083318650200529656e-02,1.796609676528827526e-01,9.057256937655667750e-01
9.989297935282600571e-01,1.090752763505079687e-02,2.531906841294990773e-01,8.641812980332893579e-01
9.990484697970012373e-01,1.097774502342521892e-02,3.127716075922970518e-01,8.289923958684439764e-01
9.991601745854663541e-01,1.104383758428960360e-02,3.633116576331179015e-01,7.979275295206214036e-01
9.992649061710294767e-01,1.110580429841495284e-02,4.076441430989545811e-01,7.696465792173998732e-01
9.993626629385996551e-01,1.116364421019771722e-02,4.475547802619420645e-01,7.432665872606261104e-01
9.994534433806467888e-01,1.121735642767506674e-02,4.842502073761844050e-01,7.181572199900350117e-01
9.995372460972241635e-01,1.126694012253811814e-02,5.185964504278133269e-01,6.938325082987872872e-01
9.996140697959901011e-01,1.131239453014487584e-02,5.512514653913036522e-01,6.698869565894653988e-01
9.996839132922283877e-01,1.135371894953222244e-02,5.827451365221569812e-01,6.459526789772166433e-01
9.997467755088658148e-01,1.139091274342649701e-02,6.135323835964600070e-01,6.216651963907421363e-01
9.998026554764891660e-01,1.142397533825342815e-02,6.440333649850285003e-01,5.966293950309282668e-01
9.998515523333603161e-01,1.145290622414685440e-02,6.746701317591073943e-01,5.703769527609724443e-01
9.998934653254291094e-01,1.147770495495668841e-02,7.059086001132962584e-01,5.423019453097174258e-01
9.999283938063453503e-01,1.149837114825582284e-02,7.383184995551304031e-01,5.115481408869253510e-01
9.999563372374686843e-01,1.151490448534599718e-02,7.726748953057944735e-01,4.767862253612256684e-01
9.999772951878769245e-01,1.152730471126278168e-02,8.101451040142590987e-01,4.357234168434614419e-01
9.999912673343727132e-01,1.153557163477930865e-02,8.525909924045357302e-01,3.839388070975168765e-01
9.999982534614877405e-01,1.153970512840932043e-02,9.027252558018394879e-01,3.118889933905339973e-01
