x,z_lower,z_upper
3.0005572569370269,8.9292959919393411,8.9468796177192633
3.0011145138740538,8.9249934602330345,8.9519199361418256
3.0016717708110807,8.9221026338618241,8.9550868867732056
3.0022290277481081,8.9192909073399136,8.9582538374045875
3.002786284685135,8.9170828029467071,8.9606841095465448
3.0033435416221619,8.9151451633564385,8.962701249768589
3.0039007985591888,8.9135526229400526,8.9647183899906313
3.0044580554962157,8.9120236720440644,8.9667355302126737
3.0050153121948244,8.9105803470779392,8.9687526695716997
3.00557256937027,8.9092806727940204,8.9707565518138281
3.0061298265457155,8.9080812355065362,8.9723388851897123
3.0066870832443238,8.9069189970446523,8.9739212172116147
3.0072443399429321,8.9058712178130826,8.9755035492335189
3.0078015971183776,8.9048333822995271,8.9770858826094013
3.0083588542938231,8.9038979465595034,8.9786682159852855
3.0089161109924318,8.9029754321821031,8.9802505480071897
3.0094733676910401,8.9021286640137056,8.9818328800290939
3.0100306243896484,8.9013137114257539,8.9832350289247902
3.0105878820419312,8.9005258808526584,8.9845150916722663
3.0111451387405395,8.8998017384753876,8.9857951522290804
3.0117023954391478,8.8990775960981168,8.9870752127858964
3.0122596530914305,8.898415348931449,8.9883552755333724
3.0128169097900392,8.8977704558615613,8.9896353360901884
3.0133741664886475,8.8971255627916754,8.9909153966470043
3.0139314231872558,8.8965258322015934,8.9921954572038185
3.0144886798858641,8.8959514608341141,8.9934755177606345
3.0150459375381469,8.89537708848367,8.9947555805081105
3.0156031942367552,8.8948299751125006,8.9960356410649265
3.0161604518890379,8.894315784556218,8.9973157038124025
3.0167177085876467,8.8938015948799034,8.9984596415485285
3.0172749652862549,8.8932966333372843,8.9994690472611083
3.0178322219848632,8.892836057283299,9.0004784529736881
3.0183894786834715,8.8923754812293119,9.0014878586862661
3.0189467353820802,8.8919149051753266,9.0024972643988459
3.0195039920806885,8.8915082950863198,9.0035066701114239
3.0200612487792968,8.8911035540833403,9.0045160758240037
3.0206185073852541,8.8906988116950352,9.0055254849915229
3.0211757640838623,8.8902940706920557,9.006534890704101
3.0217330207824706,8.8899282167091744,9.0075442964166808
3.0222902774810789,8.8895772879749178,9.0085537021292588
3.0228475341796877,8.8892263592406611,9.0095631078418386
3.0234047908782959,8.8888754305064044,9.0105725135544184
3.0239620475769042,8.8885706931392079,9.0115819192669964
3.0245193061828615,8.8882862303971155,9.0125913284345156
3.0250765628814698,8.8880017686286621,9.0136007341470954
3.025633819580078,8.8877173068602104,9.0146101398596734
3.0261910762786863,8.8874328450917588,9.0155929971215691
3.0267483329772951,8.8871483833233054,9.0164613979174053
3.0273055896759034,8.8868639215548537,9.0172948829022523
3.0278628463745116,8.8865794597864003,9.0181283678870994
3.0284201030731199,8.8862949980179486,9.0189618528719464
3.0289773597717287,8.886010536249497,9.0197953378567934
3.0295346183776855,8.8857250903028628,9.0206288256944482
3.0300918750762937,8.8854976693120875,9.0214623106792953
3.0306491317749025,8.8852737697443391,9.0222957956641441
3.0312063884735108,8.8850498701765908,9.0231292806489911
3.031763645172119,8.8848259706088424,9.0239627656338364
3.0323209037780763,8.8846020702747417,9.0247962534714929
3.0328781585693361,8.8843781714733439,9.0256297356035304
3.0334354171752929,8.8841542711392449,9.026463223441187
3.0339926719665526,8.8839303723378489,9.0272967055732245
3.0345499305725099,8.8837064720037482,9.0281301934108811
3.0351071853637697,8.8835210502222317,9.0289636755429186
3.0356644439697265,8.8833819013497841,9.0297971633805734
3.0362217025756837,8.8832427524773347,9.0306306512182299
3.0367789573669435,8.8831036045574265,9.0314641333502692
3.0373362159729003,8.8829644556849772,9.032297621187924
3.0378934707641601,8.882825307765069,9.0331311033199615
3.0384507293701173,8.8826861588926214,9.0339645911576181
3.0390079841613771,8.8825470109727114,9.0347980732896573
3.0395652427673339,8.8824078621002638,9.0355796160416411
3.0401224975585937,8.8822687141803538,9.0362532243044154
3.0406797561645509,8.8821295653079062,9.0369268371783882
3.0412370147705077,8.8819904164354568,9.0376004500523592
3.0417942695617675,8.8818512685155486,9.0382740583151335
3.0423515281677247,8.881712119643101,9.0389476711891064
3.0429087829589845,8.881572971723191,9.0396212794518807
3.0434660415649413,8.8814338228507417,9.0402948923258517
3.0440232963562011,8.8812946749308335,9.040968500588626
3.0445805549621583,8.8811555260583859,9.0416421134625971
3.0451378135681151,8.8810163771859365,9.0423157263365699
3.0456950683593749,8.8808772292660283,9.0429893345993442
3.0462523269653321,8.8807380803935789,9.0436629474733152
3.0468095817565919,8.8805989324736707,9.0443365557360913
3.0473668403625487,8.8804597836012213,9.0450101686100624
3.0479240951538085,8.8803206356813131,9.0456837768728366
3.0484813537597657,8.8801814868088655,9.0463573897468077
3.0490386123657225,8.8800423379364162,9.0470310026207805
3.0495958671569823,8.879903190016508,9.0477046108835548
3.0501531257629395,8.8797640411440586,9.0483782237575259
3.0507103805541993,8.8796248932241504,9.0490518320203002
3.0512676391601561,8.8794857443517028,9.049725444894273
3.0518248939514159,8.8793465964317928,9.0503990531570473
3.0523821525573731,8.8792074475593452,9.0510726660310183
3.0529394073486329,8.8790682996394352,9.0517462742937944
3.0534966659545897,8.8789291507669876,9.0524198871677637
3.0540539245605469,8.8787900018945383,9.0530935000417365
3.0546111793518067,8.8786508539746301,9.0537671083045108
3.0551684379577635,8.8785117051021807,9.0544407211784819
3.0557256927490233,8.8783725571822725,9.0551143294412579
3.0562829513549805,8.8782334083098249,9.055787942315229
3.0568402061462403,8.8780942603899149,9.0564208576587379
3.0573974647521971,8.8779551115174673,9.0570105811720119
3.0579547195434569,8.8778159635975573,9.0575990364369936
3.0585119781494141,8.8776816069777595,9.0581821846944699
3.0590692367553709,8.8775939630017078,9.0587653329519462
3.0596264915466307,8.8775510848929535,9.0593484772174975
3.0601837501525879,8.8775210843572037,9.0599316254749755
3.0607410049438477,8.877491084026822,9.0605147697405268
3.0612982635498045,8.8774610834910739,9.0610979179980031
3.0618555183410643,8.8774310831606922,9.0616810622635544
3.0624127769470215,8.8774010826249441,9.0622642105210325
3.0629700355529783,8.8773710820891942,9.062847358778507
3.0635272903442381,8.8773410817588143,9.0634305030440601
3.0640845489501953,8.8773110812230644,9.0640136513015364
3.0646418075561526,8.8772810806873164,9.0645967995590127
3.0651990585327149,8.8772510805623028,9.0651799398326407
3.0657563171386717,8.8772210800265547,9.065763088090117
3.0663135757446289,8.8771910794908049,9.0663462363475933
3.0668708343505857,8.8771610789550568,9.0669293846050696
3.067428092956543,8.8771310784193069,9.0675125328625459
3.0679853439331053,8.8771010782942952,9.0680956731361739
3.0685426025390625,8.8770710777585453,9.0686788213936502
3.0690998611450198,8.8770410772227972,9.0692619696511265
3.0696571197509765,8.8770110766870474,9.0698451179086028
3.0702143707275389,8.8769810765620338,9.0704282581822291
3.0707716293334961,8.8769510760262857,9.0710114064397072
3.0713288879394529,8.8769210754905359,9.0715945546971817
3.0718861465454101,8.8768910749547878,9.072177702954658
3.0724434051513674,8.8768610744190397,9.072760851212136
3.0730006561279297,8.8768310742940262,9.0733439914857641
3.0735579147338865,8.8768010737582763,9.0739271397432386
3.0741151733398437,8.8767710732225282,9.0745102880007167
3.074672431945801,8.8767410726867784,9.0750934362581912
3.0752296829223633,8.8767110725617666,9.0756765765318193
3.0757869415283201,8.8766810720260167,9.0762597247892955
3.0763442001342773,8.8766510714902687,9.0768428730467718
3.0769014587402346,8.8766210709545188,9.0774260213042481
3.0774587173461914,8.8765910704187707,9.0780091695617244
3.0780159683227537,8.8765610702937572,9.0785923098353525
3.0785732269287109,8.8765310697580091,9.0791754580928288
3.0791304855346682,8.8765010692222592,9.0797561634724602
3.079687744140625,8.8764710686865111,9.0802607705863316
3.0802449951171873,8.8764410685614976,9.0807653707916565
3.0808022537231445,8.8764110680257495,9.0812699779055279
3.0813595123291018,8.8763810674899997,9.0817745850194012
3.0819167709350586,8.8763510669542516,9.0822791921332726
3.0824740295410158,8.8763210664185017,9.0827837992471441
3.0830312805175781,8.8763034221493626,9.0832883994524707
3.0835885391235354,8.8763911502603623,9.0837930065663421
3.0841457977294922,8.876478878371362,9.0842976136802136
3.0847030563354494,8.8765666064823616,9.0848022207940851
3.0852603149414062,8.8766543345933613,9.0853068279079583
3.085817565917969,8.876742061503279,9.0858114281132831
3.0863748245239258,8.8768297896142787,9.0863160352271564
3.086932083129883,8.8769175177252784,9.0868206423410278
3.0874893417358398,8.877005245836278,9.0873252494548993
3.0880465927124021,8.8770929727461976,9.0878298496602241
3.0886038513183594,8.8771807008571972,9.0883344567740973
3.0891611099243166,8.8772684289681969,9.0888390638879688
3.0897183685302734,8.8773561570791966,9.0893436710018403
3.0902756271362306,8.8774438851901962,9.0898482781157135
3.0908328781127929,8.877531612100114,9.0903528783210383
3.0913901367187502,8.8776193402111137,9.0908574854349098
3.091947395324707,8.8777070683221133,9.0913620925487812
3.0925046539306642,8.877794796433113,9.0918666996626545
3.0930619049072265,8.8778825233430325,9.0923712998679793
3.0936191635131838,8.8779702514540322,9.0928759069818526
3.0941764221191406,8.8780579795650318,9.093380514095724
3.0947336807250978,8.8781457076760297,9.0938851212095955
3.0952909393310546,8.8782334357870294,9.0943897283234669
3.0958481903076174,8.8783211626969489,9.0948943285287935
3.0964054489135742,8.8784088908079486,9.095398935642665
3.0969627075195314,8.8784966189189483,9.0959035427565365
3.0975199661254882,8.8785843470299479,9.0964081498704079
3.0980772247314454,8.8786720751409476,9.0969127569842811
3.0986344757080078,8.8787598020508653,9.097417357189606
3.099191734313965,8.8788475301618668,9.0979219643034792
3.0997489929199218,8.8789352582728647,9.0984265714173507
3.100306251525879,8.8790229863838661,9.0989311785312221
3.1008635025024414,8.8791107132937839,9.099435778736547
3.1014207611083986,8.8791984414047835,9.0999403858504202
3.1019780197143554,8.8792861695157832,9.1004449929642917
3.1025352783203126,8.8793742593933462,9.1009496000781631
3.1030925369262694,8.8794699603130649,9.1014542071920346
3.1036497879028322,8.8796631397149071,9.1019588073973612
3.104207046508789,8.8798563217615936,9.1024634145112326
3.1047643051147462,8.8800495038082783,9.1029680216251059
3.105321563720703,8.8802426858549648,9.1034595282857378
3.1058788146972658,8.8804358652568069,9.1038951922926987
3.1064360733032226,8.8806290473034917,9.1043106650487768
3.1069933319091798,8.8808222293501782,9.104726137804855
3.1075505905151366,8.8810154113968629,9.1051416105609331
3.1081078491210938,8.8812085934435494,9.105557083317013
3.1086651000976562,8.8814807449122117,9.1059725503848785
3.1092223587036134,8.8821678991520301,9.1063880231409566
3.1097796173095702,8.8828550533918449,9.1068034958970348
3.1103368759155274,8.8835422076316632,9.1072189686531146
3.1108941268920898,8.8842293524636915,9.1076344357209802
3.111451385498047,8.8849165067035081,9.1080499084770583
3.1120086441040038,8.8856036609433247,9.1084653812331364
3.112565902709961,8.8862908151831412,9.1088808539892163
3.1131231613159178,8.8869779694229578,9.1092963267452944
3.1136804122924806,8.8876651142549878,9.10971179381316
3.1142376708984374,8.8882996015003588,9.1101272665692381
3.1147949295043946,8.8882496397932442,9.1105427393253162
3.1153521881103514,8.8881996780861314,9.1109582120813961
3.1159094390869142,8.8881497170630404,9.1113736791492617
3.116466697692871,8.8880997553559276,9.1117891519053398
3.1170239562988282,8.8880497936488148,9.1122046246614179
3.117581214904785,8.8879998319417002,9.112620097417496
3.1181384735107422,8.8879498702345856,9.1130355701735759
3.1186957244873046,8.8878999092114945,9.1134510372414415
3.1192529830932618,8.8878499475043817,9.1138665099975196
3.1198102416992186,8.8877999857972689,9.1142819827535977
3.1203675003051758,8.8877500240901544,9.1146974555096776
3.1209247589111326,8.8877000623830398,9.1151129282657557
3.1214820098876954,8.8876501013599505,9.1155283953336212
3.1220392684936522,8.8876001396528359,9.1159438680896994
3.1225965270996094,8.8875501779457231,9.1163593408457793
3.1231537857055662,8.8875002162386103,9.1167748136018574
3.123711036682129,8.8874011029936923,9.1171902806697229
3.1242682952880858,8.8872809020354495,9.117605753425801
3.124825553894043,8.8871138222976107,9.1180212261818792
3.1253828124999998,8.8869023083809182,9.1184366989379591
3.1259400711059571,8.8866378650054489,9.1188521716940372
3.1264973220825194,8.8863458945424281,9.1192676387619027
3.1270545806884766,8.8859617473732229,9.1196831115179808
3.1276118392944334,8.8855776002040177,9.120098584274059
3.1281690979003907,8.8850846424238856,9.1205140570301388
3.128726348876953,8.8845588511050444,9.1209295240980044
3.1292836151123047,8.8840330453888505,9.1213450025422951
3.129840866088867,8.8835072540700093,9.1217604696101606
3.1303981170654298,8.8829814627511681,9.1221759366780262
3.130955383300781,8.8824556570349742,9.1225914151223186
3.1315126342773438,8.8819298657161312,9.1230068821901842
3.1320699005126955,8.8812397582091869,9.1234223606344749
3.1326271514892579,8.8805409235378061,9.1238378277023422
3.1331844024658202,8.8798420888664236,9.1242526379818667
3.1337416687011719,8.879143235059372,9.1246565507357076
3.1342989196777342,8.8784444003879894,9.1250604524298087
3.1348561859130859,8.8775964659733795,9.125446080233484
3.1354134368896482,8.8766876703880619,9.1258142247148069
3.135970687866211,8.8757788748027409,9.1261823691961297
3.1365279541015623,8.8748700543325487,9.1265505237580786
3.137085205078125,8.8739612587472276,9.1269186682394015
3.1376424560546874,8.8730524631619083,9.1272868127207243
3.1381997222900391,8.8721973186588183,9.1276549672826732
3.1387569732666014,8.8714593457437321,9.1280231117639961
3.1393142395019531,8.8707213526212811,9.128391266325945
3.1398714904785154,8.8699833797061967,9.1287594108072678
3.1404287414550782,8.8692454067911086,9.1291275552885924
3.1409860076904295,8.8685755751385127,9.1294957098505414
3.1415432586669922,8.8680277644695202,9.1298638543318642
3.1421005249023439,8.8674799388002352,9.1302320088938131
3.1426577758789063,8.8669321281312428,9.130600153375136
3.1432150268554686,8.8663843174622503,9.1309682978564588
3.1437722930908203,8.8658364917929653,9.1313364524184077
3.1443295440673826,8.8652886811239746,9.1317045968997306
3.1448868103027343,8.8647408554546896,9.1320727514616813
3.1454440612792967,8.8641930447856971,9.1324408959430041
3.1460013122558594,8.8636452341167047,9.132809040424327
3.1465585784912111,8.8630974084474197,9.1331771949862759
3.1471158294677735,8.8625495977784272,9.1335453394675987
3.1476730957031251,8.8620017721091422,9.1339134940295477
3.1482303466796875,8.8614539614401515,9.1342816385108705
3.1487875976562498,8.8609061507711591,9.1346497829921933
3.1493448638916015,8.860358325101874,9.1350179375541423
3.1499021148681638,8.8598105144328816,9.1353860820354651
3.1504593658447266,8.8592627037638891,9.1357542265167897
3.1510166320800783,8.8587254217312807,9.1361223810787386
3.1515738830566407,8.8582228286108169,9.1364905255600615
3.1521311492919923,8.857720221728222,9.1368586801220104
3.1526884002685547,8.8572176286077582,9.1372268246033332
3.153245651245117,8.8567150354872961,9.1375949690846561
3.1538029174804687,8.8562124286046995,9.137963123646605
3.154360168457031,8.8557098354842356,9.1383312681279278
3.1549174346923827,8.855207228601639,9.1386994226898786
3.1554746856689455,8.8547046354811769,9.1390675671712014
3.1560319366455079,8.8542020423607148,9.1394357116525242
3.1565892028808595,8.8536994354781164,9.1398038662144732
3.1571464538574219,8.8531968423576544,9.140172010695796
3.1577037200927736,8.8526942354750577,9.1405401652577449
3.1582609710693359,8.8521916423545939,9.1409083097390678
3.1588182220458982,8.8516890492341318,9.1412764542203906
3.1593754882812499,8.8511864423515352,9.1416446087823395
3.1599327392578127,8.8506838492310731,9.1420127532636641
3.160489990234375,8.8501812561106092,9.1423808977449852
3.1610472564697267,8.8496786492280126,9.1427490523069359
3.1616045074462891,8.8491760561075488,9.1431171967882587
3.1621617736816408,8.8486734492249539,9.1434853513502077
3.1627190246582031,8.8481708561044901,9.1438534958315305
3.1632762756347654,8.8395624486772135,9.1442216403128533
3.1638335418701171,8.8361942055599574,9.1445897948748023
3.1643907928466799,8.83540437265723,9.1449579393561251
3.1649480590820311,8.834614518127097,9.145318995819153
3.1655053100585939,8.8338246852243678,9.1456341089876929
3.1660625610351563,8.8330348523216422,9.1459492221562346
3.1666198272705079,8.8322449977915056,9.146263606707878
3.1671770782470703,8.83145516488878,9.1465769674096755
3.167734344482422,8.8306653103586452,9.1468903366919978
3.1682915954589843,8.8298754774559178,9.1472036973937954
3.1688488464355471,8.8290856445531887,9.1475170580955929
3.1694061126708983,8.8282957900230556,9.1478304273779152
3.1699633636474611,8.8275059571203283,9.1481437880797127
3.1705206298828124,8.8267161025901935,9.148457157362035
3.1710778808593751,8.8259262696874661,9.1487705180638326
3.1716351318359375,8.8251364367847387,9.1490838787656301
3.1721923980712892,8.8243465822546057,9.1493972480479524
3.1727496490478515,8.8235567493518765,9.14971060874975
3.1733069000244143,8.8227669164491491,9.1500239694515493
3.1738641662597655,8.8219770619190161,9.1503373387338698
3.1744214172363283,8.8211872290162869,9.1506506994356673
3.1749786834716796,8.8203973744861539,9.1509640687179896
3.1755359344482423,8.8196075415834265,9.1512774294197872
3.1760931854248047,8.8190085773435012,9.1515907901215847
3.1766504516601564,8.8186187908534599,9.151904159403907
3.1772077026367187,8.8182290150363585,9.1522175201057046
3.1777649688720704,8.8178392285463154,9.1525308893880268
3.1783222198486327,8.817449452729214,9.1528442500898244
3.1788794708251955,8.8170596769121143,9.1531576107916237
3.1794367370605467,8.8166698904220713,9.1534709800739442
3.1799939880371095,8.8162801146049716,9.1537843407757435
3.1805512542724608,8.8158903281149286,9.1540977100580641
3.1811085052490236,8.8155005522978271,9.1544110707598616
3.1816657562255859,8.8151107764807275,9.1547244314616592
3.1822230224609376,8.8147209899906862,9.1550378007439814
3.1827802734374999,8.8143312141735848,9.155351161445779
3.1833375396728516,8.8139414276835417,9.1556645307281013
3.1838947906494139,8.8135516518664403,9.1559778914298988
3.1844520416259767,8.8131618760493406,9.1562912521316981
3.185009307861328,8.8127720895592994,9.1566046214140187
3.1855665588378907,8.8123823137421962,9.1569179821158162
3.1861238098144531,8.8119925379250965,9.1572313428176155
3.1866810760498048,8.8116027514350552,9.157544712099936
3.1872383270263671,8.8112129756179538,9.1578580728017336
3.1877955932617188,8.8108231891279107,9.1581714420840559
3.1883528442382811,8.8104334133108111,9.1584848027858534
3.1889100952148439,8.8100436374937097,9.1587981634876527
3.1894673614501952,8.8096538510036666,9.1591115327699733
3.1900246124267579,8.8092640751865652,9.1594248934717726
3.1905818786621092,8.8088742886965239,9.1597382627540931
3.191139129638672,8.8084845128794225,9.1600516234558924
3.1916963806152343,8.8080947370623228,9.16036498415769
3.192253646850586,8.8077049505722798,9.1606783534400105
3.1928108978271483,8.8073151747551801,9.1609917141418098
3.1933681640625,8.8069253882651353,9.1613050834241303
3.1939254150390624,8.8065356124480374,9.1616184441259279
3.1944826660156251,8.806145836630936,9.1619318048277272
3.1950399322509764,8.8057560501408929,9.1622451741100477
3.1955971832275392,8.8053662743237915,9.162558534811847
3.1961544494628908,8.8049764878337502,9.1628258785852541
3.1967117004394532,8.8045867120166488,9.1630816237214336
3.1972689514160155,8.8041969361995491,9.1633373688576114
3.1978262176513672,8.8038071497095061,9.1635931209966692
3.1983834686279295,8.8034173738924046,9.1638488661328488
3.1989407196044923,8.8030541349854659,9.1641046112690283
3.1994979858398436,8.8027064032831284,9.1643603634080861
3.2000552368164064,8.8024143244420756,9.1646161085442657
3.200612503051758,8.8021319112988188,9.1648718606833235
3.2011697540283204,8.8018495058884589,9.1651276058195013
3.2017270050048827,8.8015671004780991,9.1653833509556808
3.2022842712402344,8.801284687334844,9.1656391030947386
3.2028415222167967,8.8010022819244842,9.1658948482309182
3.2033987884521484,8.8007198687812274,9.166150600369976
3.2039560394287108,8.8004374633708693,9.1664063455061555
3.2045132904052736,8.8001550579605095,9.1666620906423333
3.2050705566406252,8.7998726448172526,9.1669178427813911
3.2056278076171876,8.7995902394068928,9.1671735879175706
3.2061850738525393,8.7993078262636359,9.1674293400566285
3.2067423248291016,8.7990254208532779,9.167685085192808
3.2072995758056639,8.798743015442918,9.1679408303289858
3.2078568420410156,8.798460602299663,9.1681965824680454
3.208414093017578,8.7981781968893031,9.1684523276042231
3.2089713439941407,8.7978957914789433,9.1687080727404027
3.209528610229492,8.7976133783356865,9.1689638248794605
3.2100858612060548,8.7973309729253266,9.16921957001564
3.2106431274414065,8.7970485597820716,9.1694753221546978
3.2112003784179688,8.7967661543717117,9.1697310672908756
3.2117576293945311,8.7964837489613537,9.1699868124270552
3.2123148956298828,8.7962013358180968,9.170242564566113
3.2128721466064452,8.795918930407737,9.1704983097022925
3.2134294128417968,8.7956365172644801,9.1707540618413503
3.2139866638183592,8.7953541118541221,9.1710098069775299
3.214543914794922,8.7950717064437622,9.1712655521137076
3.2151011810302732,8.7947892933005054,9.1715213042527655
3.215658432006836,8.7945068878901456,9.171777049388945
3.2162156982421877,8.7942244747468905,9.1720328015280028
3.21677294921875,8.7939420693365307,9.1722885466641824
3.2173302001953124,8.7936596639261726,9.1725442918003601
3.217887466430664,8.793377250782914,9.1728000439394179
3.2184447174072264,8.7930948453725559,9.1730557890755975
3.2190019836425781,8.7928124322292991,9.1733115412146553
3.2195592346191404,8.7925300268189392,9.1735672863508348
3.2201164855957032,8.7922476214085812,9.1738230314870144
3.2206737518310549,8.7919652082653243,9.1740787836260722
3.2212310028076172,8.7916828028549645,9.17433452876225
3.2217882537841795,8.7914003974446047,9.1745902738984295
3.2223455200195312,8.7911179843013478,9.1748460260374873
3.2229027709960936,8.7908355788909898,9.1751017711736669
3.2234600372314453,8.7905531657477329,9.1753575233127247
3.2240172882080076,8.7902707603373749,9.1756132684489025
3.2245745391845704,8.789988354927015,9.175869013585082
3.2251318054199221,8.7897059417837582,9.1761247657241398
3.2256890563964844,8.7894235363733983,9.1763805108603194
3.2262463226318361,8.7891411232301415,9.1766362629993772
3.2268035736083984,8.7888587178197835,9.1768920081355567
3.2273608245849608,8.7885763124094236,9.1771231652883767
3.2279180908203124,8.7882938992661686,9.1773525389644632
3.2284753417968748,8.7880114938558087,9.1775818981154789
3.2290326080322265,8.7877290807125519,9.1778112635468645
3.2295898590087893,8.787446675302192,9.1780367644139869
3.2301471099853516,8.787164269891834,9.1782622610111488
3.2307043762207033,8.7868995601510171,9.1784877637829165
3.2312616271972656,8.7866536370790378,9.1787132603800785
3.231818878173828,8.7864077140070567,9.1789387569772405
3.2323761444091796,8.7861617842011484,9.1791642597490082
3.232933395385742,8.785915861129169,9.1793897563461702
3.2334906616210937,8.7856699313232607,9.1796152591179379
3.2340479125976564,8.7854240082512813,9.1798407557150998
3.2346051635742188,8.7851780851793002,9.1800662523122618
3.2351624298095705,8.7849321553733919,9.1802917550840295
3.2357196807861328,8.7846862323014125,9.1805172516811915
3.2362769470214845,8.7844403024955042,9.1807427544529592
3.2368341979980468,8.7841943794235249,9.1809682510501212
3.2373914489746092,8.7839484563515438,9.1811937476472831
3.2379487152099609,8.7837025265456354,9.1814192504190508
3.2385059661865236,8.7834566034736561,9.1816447470162128
3.2390632324218749,8.7832106736677478,9.1818702497879805
3.2396204833984377,8.7829647505957684,9.1820957463851425
3.240177734375,8.7827188275237873,9.1823212429823045
3.2407350006103517,8.782472897717879,9.1825467457540721
3.241292251586914,8.7822269746458996,9.1827722423512341
3.2418495178222657,8.7819810448399913,9.1829977451230018
3.2424067687988281,8.7817351217680102,9.1832232417201638
3.2429640197753908,8.7814891986960308,9.1834487383173258
3.2435212860107421,8.7812432688901225,9.1836742410890935
3.2440785369873049,8.7809973458181432,9.1838997376862554
3.2446357879638672,8.780751422746162,9.1841252342834174
3.2451930541992189,8.7805099807393372,9.1843507370551851
3.2457503051757812,8.780282569324374,9.1845762336523471
3.2463075714111329,8.7800819350739125,9.1848017364241148
3.2468648223876952,8.7798886684868052,9.1850272330212768
3.247422073364258,8.7796889179874089,9.1852527296184387
3.2479793395996093,8.7794891620183932,9.1854782323902064
3.2485365905761721,8.7792894115189952,9.1857037289873684
3.2490938568115233,8.7790896555499796,9.1859292317591361
3.2496511077880861,8.7788899050505815,9.1861547283562981
3.2502083587646484,8.7786901545511835,9.1863802249534601
3.2507656250000001,8.7784903985821678,9.1866057277252278
3.2513228759765624,8.7782906480827698,9.1868312243223897
3.2518801422119141,8.7780908921137542,9.1870567270941574
3.2524373931884765,8.7778911416143579,9.1872822236913194
3.2529946441650393,8.7776913911149599,9.1875077202884814
3.2535519104003905,8.7774916351459424,9.1877332230602491
3.2541091613769533,8.7772918846465444,9.1879587196574111
3.2546664276123045,8.7770921286775287,9.1881842224291788
3.2552236785888673,8.7768923781781307,9.1884097190263407
3.2557809295654296,8.7766926276787345,9.1886352156235027
3.2563381958007813,8.7764928717097188,9.1888607183952704
3.2568954467773437,8.7762931212103208,9.1890862149924324
3.257452697753906,8.7760933707109228,9.1893117115895944
3.2580099487304688,8.7758936202115265,9.1895372081867563
3.2585672302246094,8.7756938587728914,9.1897627171331298
3.2591244812011717,8.7754941082734934,9.1899882137302917
3.2596817321777345,8.7752943577740972,9.1902137103274537
3.2602389831542968,8.7750946072746991,9.1904392069246157
3.2607962341308596,8.7748948567753011,9.1906647035217777
3.2613535156250002,8.774695095336666,9.1908902124681511
3.2619107666015625,8.774495344837268,9.1911157090653131
3.2624680175781249,8.7742955943378718,9.1913408382981245
3.2630252685546877,8.7740958438384737,9.1915349378229489
3.26358251953125,8.7738960933390775,9.1917290373477734
3.2641398010253906,8.7737488232783054,9.1919231475023633
3.2646970520019529,8.7736066165633773,9.1921172470271877
3.2652543029785157,8.7734644098484509,9.1923113465520121
3.2658115539550781,8.7733222031335227,9.1925054460768365
3.2663688049316404,8.7731799964185964,9.1926995456016609
3.2669260864257814,8.7730377819157859,9.1928936557562508
3.2674833374023438,8.7728955752008595,9.193087755281077
3.2680405883789061,8.7727533684859331,9.1932818548058997
3.2685978393554689,8.772611161771005,9.1934759543307241
3.2691550903320312,8.7724689550560768,9.1936700538555485
3.2697123718261718,8.7723267405532699,9.1938641640101402
3.2702696228027346,8.7721845338383417,9.1940582635349646
3.2708268737792969,8.7720423271234136,9.194252363059789
3.2713841247558593,8.7719001204084872,9.1944464625846134
3.2719413757324221,8.7717579136935591,9.1946405621094378
3.2724986572265626,8.7716156991907503,9.1948346722640277
3.273055908203125,8.771473492475824,9.1950287717888521
3.2736131591796873,8.7713312857608958,9.1952228713136765
3.2741704101562501,8.7711890790459677,9.195416970838501
3.2747276611328124,8.7710468723310413,9.1956110703633254
3.2752849121093748,8.7709046656161149,9.1958051698881498
3.2758421936035158,8.7707624511133062,9.1959992800427415
3.2763994445800781,8.7706202443983781,9.1961933795675641
3.2769566955566405,8.7704780376834499,9.1963874790923903
3.2775139465332033,8.7703358309685235,9.1965815786172147
3.2780711975097656,8.7701936242535972,9.1967756781420391
3.2786284790039062,8.7700514097507867,9.196969788296629
3.279185729980469,8.7699092030358603,9.1971638878214534
3.2797429809570313,8.7697669963209322,9.1973579873462779
3.2803002319335937,8.7696247896060058,9.1975520868711023
3.2808574829101564,8.7694825828910794,9.1977461863959267
3.281414764404297,8.7693403683882689,9.1979402965505166
3.2819720153808594,8.7691981616733425,9.198134396075341
3.2825292663574217,8.7690559549584144,9.1983284956001654
3.2830865173339845,8.768913748243488,9.1985225951249898
3.2836437683105468,8.7687715415285599,9.1987166946498142
3.2842010498046874,8.7686293270257512,9.1989108048044059
3.2847583007812498,8.768487120310823,9.1991049043292303
3.2853155517578125,8.7683449135958966,9.1992990038540547
3.2858728027343749,8.7682027068809685,9.1994931033788792
3.2864300537109377,8.7680605001660421,9.1996872029037036
3.2869873352050782,8.7679182856632334,9.1998813130582935
3.2875445861816406,8.7677760789483052,9.2000754125831179
3.2881018371582034,8.7676338722333789,9.2002695121079423
3.2886590881347657,8.7674916655184507,9.2004636116327667
3.289216339111328,8.7673494588035226,9.2006577111575911
3.2897736206054686,8.7672072443007156,9.200851821312181
3.2903308715820314,8.7670650375857875,9.2010459208370055
3.2908881225585938,8.7669228308708593,9.2012400203618299
3.2914453735351561,8.766780624155933,9.2014341198866543
3.2920026245117189,8.7666384174410048,9.2016282194114787
3.2925599060058595,8.7664962029381961,9.2018223295660704
3.2931171569824218,8.7663539962232697,9.2020164290908948
3.2936744079589841,8.7662117895083416,9.2022105286157192
3.2942316589355469,8.7660695827934134,9.2024046281405436
3.2947889099121093,8.765927376078487,9.202598727665368
3.2953461914062498,8.7657851615756783,9.2027928378199579
3.2959034423828126,8.765642954860752,9.2029869373447823
3.296460693359375,8.7655007481458238,9.2031810368696068
3.2970179443359373,8.7653585414308957,9.2033729144438556
3.2975751953125001,8.7652163347159693,9.2035441437017305
3.2981324462890624,8.7650741280010429,9.2037129959200872
3.298689727783203,8.7649319134982324,9.2038818573855536
3.2992469787597658,8.764789706783306,9.2040507096039086
3.2998042297363281,8.7646475000683779,9.2042163337810745
3.3003614807128905,8.7645052933534515,9.2043814183445001
3.3009187316894533,8.7643630866385234,9.2045465029079274
3.3014760131835938,8.7642208721357147,9.2047115965121282
3.3020332641601562,8.7640786654207883,9.2048766810755556
3.3025905151367185,8.7639364587058601,9.2050417656389811
3.3031477661132813,8.7637942519909338,9.2052068502024067
3.3037050170898437,8.7636520452760056,9.2053719347658323
3.3042622985839842,8.7635098307731969,9.2055370283700348
3.304819549560547,8.7633676240582687,9.2057021129334604
3.3053768005371094,8.7632254173433424,9.2058671974968878
3.3059340515136717,8.763083210628416,9.2060322820603133
3.3064913024902345,8.7629410039134878,9.2061973666237389
3.3070485839843751,8.7627987894106791,9.2063624602279397
3.3076058349609374,8.762656582695751,9.206527544791367
3.3081630859375002,8.7625143759808246,9.2066926293547926
3.3087203369140625,8.7623721692658982,9.2068577139182199
3.3092775878906249,8.7622354316114652,9.2070227984816455
3.3098348693847655,8.7621195244640955,9.2071878920858481
3.3103921203613282,8.7620033266928239,9.2073529766492737
3.3109493713378906,8.7618862030354201,9.2075180612126992
3.3115066223144529,8.7617690139573305,9.2076831457761248
3.3120638732910157,8.7616516907565831,9.2078482303395521
3.3126211547851563,8.7615343611306855,9.2080133239437529
3.3131784057617186,8.7614170379299381,9.2081784085071785
3.3137356567382814,8.7612997147291889,9.2083434930706058
3.3142929077148438,8.7611823915284397,9.2085085776340314
3.3148501586914061,8.7610650683276905,9.208673662197457
3.3154074401855471,8.7609477387017947,9.2088387558016596
3.3159646911621095,8.7608304155010455,9.2090038403650851
3.3165219421386718,8.7607130923002963,9.2091689249285125
3.3170791931152346,8.7605957690995488,9.209334009491938
3.3176364440917969,8.7604784458987996,9.2094990940553636
3.3181937255859375,8.7603611162729038,9.2096641876595644
3.3187509765624998,8.7602437930721546,9.2098292722229917
3.3193082275390626,8.7601264698714054,9.2099943567864173
3.319865478515625,8.760009146670658,9.2101594413498429
3.3204227294921873,8.7598918234699088,9.2103245259132702
3.3209799804687501,8.7597745002691596,9.2104896104766958
3.3215372619628907,8.7596571706432638,9.2106547040808984
3.322094512939453,8.7595398474425146,9.2108197886443239
3.3226517639160158,8.7594225242417654,9.2109848732077495
3.3232090148925781,8.7593052010410162,9.2111499577711768
3.3237662658691405,8.7591878778402688,9.2113150423346024
3.3243235473632811,8.7590705482143711,9.2114801359388032
3.3248807983398438,8.7589532250136237,9.2116452205022306
3.3254380493164062,8.7588359018128745,9.2118103050656561
3.325995300292969,8.7587185786121253,9.2119753896290817
3.3265525512695313,8.7586012554113779,9.2121404741925073
3.3271098327636719,8.7584839257854803,9.2123055677967098
3.3276670837402342,8.7583666025847329,9.2124706523601354
3.328224334716797,8.7582492793839837,9.2126357369235627
3.3287815856933594,8.7581319561832345,9.2128008214869883
3.3293388366699217,8.7580146329824853,9.2129659060504139
3.3298961181640623,8.7578973033565894,9.2131309996546165
3.3304533691406251,8.7577799801558402,9.213296084218042
3.3310106201171874,8.7576626569550911,9.2134611687814676
3.3315678710937502,8.7575453337543436,9.2136262533448949
3.3321251220703125,8.7574280105535944,9.2137913379083205
3.3326824035644531,8.7573106809276968,9.2139564315125213
3.3332396545410155,8.7571933577269494,9.2141215160759486
3.3337969055175782,8.7570760345262002,9.2142866006393742
3.3343541564941406,8.756958711325451,9.2144516852027998
3.3349114074707034,8.7568413881247018,9.2146167697662271
3.3354686889648439,8.756724058498806,9.2147818633704279
3.3360259399414063,8.7566067352980568,9.214927043365817
3.3365831909179686,8.7564894120973094,9.2150646787651667
3.3371404418945314,8.7563720888965602,9.2152023141645181
3.3376976928710937,8.756254765695811,9.2153399495638695
3.3382549743652343,8.7561374360699151,9.2154775925007542
3.3388122253417967,8.7560201128691659,9.2156152279001056
3.3393694763183595,8.7559027896684185,9.2157528632994552
3.3399267272949218,8.7557854664676675,9.2158904986988066
3.3404839782714841,8.7556681432669201,9.2160281340981562
3.3410412597656252,8.7555508136410225,9.2161657770350427
3.3415985107421875,8.7554334904402751,9.2163034124343941
3.3421557617187498,8.7553161672395259,9.2164410478337437
3.3427130126953126,8.7551988440387767,9.2165786832330951
3.343270263671875,8.7550815208380293,9.2167163186324448
3.3438275451660155,8.7549641912121317,9.2168539615693312
3.3443847961425783,8.7548468680113842,9.2169915969686826
3.3449420471191407,8.754729544810635,9.2171292323680323
3.345499298095703,8.7546122216098858,9.2172668677673819
3.3460565490722658,8.7544948984091384,9.2174045031667333
3.3466138000488281,8.7543775752083892,9.217542138566083
3.3471710815429687,8.7542602455824916,9.2176797815029694
3.3477283325195311,8.7541429223817424,9.2178174169023208
3.3482855834960938,8.754025599180995,9.2179550523016704
3.3488428344726562,8.7539082759802458,9.2180926877010219
3.3494000854492185,8.7537909527794966,9.2182303231003715
3.3499573669433595,8.7536736231536008,9.2183679660372579
3.3505146179199219,8.7535562999528516,9.2185056014366094
3.3510718688964842,8.7534389767521041,9.218643236835959
3.351629119873047,8.7533216535513549,9.2187808722353104
3.3521863708496094,8.7532043303506057,9.21891850763466
3.3527436523437499,8.7530870007247081,9.2190561505715465
3.3533009033203127,8.7529696775239607,9.2191937859708979
3.3538581542968751,8.7528523543232115,9.2193314213702475
3.3544154052734374,8.7527350311224623,9.2194690567695972
3.3549726562500002,8.7526177079217149,9.2196066921689486
3.3555299377441408,8.7525003782958173,9.219744335105835
3.3560871887207031,8.7523830550950699,9.2198819705051847
3.3566444396972654,8.7522657318943207,9.2200196059045361
3.3572016906738282,8.7521484086935715,9.2201572413038857
3.3577589416503906,8.752031085492824,9.2202948767032371
3.3583162231445312,8.7519137558669264,9.2204325196401236
3.3588734741210939,8.7517964326661772,9.2205701550394732
3.3594307250976563,8.751679109465428,9.2207077904388246
3.3599879760742186,8.7515617862646806,9.2208454258381742
3.3605452270507814,8.7514444630639314,9.2209830612375256
3.361102508544922,8.7513271334380356,9.2211207041744103
3.3616597595214843,8.7512098102372864,9.2212583395737617
3.3622170104980471,8.7510924870365372,9.2213959749731131
3.3627742614746094,8.7509751638357898,9.2215336103724628
3.3633315124511718,8.7508578406350406,9.2216712457718124
3.3638887939453124,8.7507405110091447,9.2218088887086989
3.3644460449218752,8.7506231878083955,9.2219465241080503
3.3650032958984375,8.7505058646076463,9.2220841595073999
3.3655605468749998,8.7503885414068989,9.2222217949067513
3.3661177978515626,8.7502712182061479,9.2223594303061009
3.3666750793457032,8.7501538885802521,9.2224970732429874
3.3672323303222655,8.7500365653795029,9.2226347086423388
3.3677895812988279,8.7499192421787555,9.2227723440416884
3.3683468322753907,8.7498406089881051,9.2229099794410399
3.368904083251953,8.7497638410621921,9.2230476148403895
3.3694613342285158,8.7496870731362808,9.2231852502397409
3.3700186157226564,8.7496103010062107,9.2233228931766256
3.3705758666992187,8.7495335330802995,9.223460528575977
3.3711331176757815,8.7494567651543864,9.2235981639753284
3.3716903686523438,8.7493799972284769,9.223735799374678
3.3722476196289062,8.7493032293025639,9.2238734347740277
3.3728049011230468,8.7492264571724938,9.2240096325283041
3.3733621520996095,8.7491496892465825,9.224138083138401
3.3739194030761719,8.7490729213206713,9.2242665337484979
3.3744766540527342,8.74899615339476,9.2243767217334227
3.375033905029297,8.748919385468847,9.2244859983262018
3.3755911865234376,8.7488426133387769,9.2245952809034595
3.3761484374999999,8.7487658454128656,9.2247045574962385
3.3767056884765623,8.7486890774869543,9.2248138340890176
3.3772629394531251,8.7486123095610413,9.2249231106817966
3.3778201904296874,8.74853554163513,9.2250323872745739
3.378377471923828,8.7484587695050617,9.2251416698518334
3.3789347229003908,8.7483820015791487,9.2252509464446124
3.3794919738769531,8.7483052336532374,9.2253602230373914
3.3800492248535154,8.7482284657273262,9.2254694996301687
3.3806064758300782,8.7481516978014149,9.2255787762229478
3.3811637573242188,8.748074925671343,9.2256880588002055
3.3817210083007812,8.7479981577454318,9.2257973353929845
3.3822782592773439,8.7479213898195205,9.2259066119857636
3.3828355102539063,8.7478446218936092,9.2260158885785426
3.3833927612304686,8.7477678539676962,9.2261251651713216
3.3839500427246092,8.7476910818376261,9.2262344477485794
3.384507293701172,8.7476143139117148,9.2263437243413584
3.3850645446777343,8.7475375459858036,9.2264530009341374
3.3856217956542967,8.7474607780598923,9.2265622775269165
3.3861790466308594,8.7473840101339793,9.2266715541196938
3.386736328125,8.747307238003911,9.2267808366969533
3.3872935791015624,8.7472304700779979,9.2268901132897305
3.3878508300781252,8.7471537021520867,9.2269993898825096
3.3884080810546875,8.7470769342261754,9.2271086664752886
3.3889653320312498,8.7470001663002641,9.2272179430680676
3.3895226135253909,8.746923394170194,9.2273272256453254
3.3900798645019532,8.746846626244281,9.2274365022381044
3.3906371154785155,8.7467698583183697,9.2275457788308834
3.3911943664550783,8.7466930903924585,9.2276550554236625
3.3917516174316407,8.7466163224665472,9.2277643320164415
3.3923088989257812,8.7465395503364771,9.2278736145936993
3.3928661499023436,8.7464627824105659,9.2279828911864765
3.3934234008789064,8.7463860144846528,9.2280921677792556
3.3939806518554687,8.7463092465587415,9.2282014443720346
3.3945379028320311,8.7462324786328303,9.2283107209648136
3.3950951538085938,8.746155710706919,9.2284199975575927
3.3956524353027344,8.7460789385768489,9.2285292801348504
3.3962096862792968,8.7460021706509359,9.2286385567276294
3.3967669372558595,8.7459254027250246,9.2287478333204085
3.3973241882324219,8.7458486347991133,9.2288571099131875
3.3978814392089842,8.7457718668732021,9.2289663865059666
3.3984387207031252,8.745695094743132,9.2290756690832243
3.3989959716796876,8.7456183268172207,9.2291849456760033
3.3995532226562499,8.7455415588913077,9.2292942222687806
3.4001104736328127,8.7454647909653964,9.2294034988615596
3.4006677246093751,8.7453880230394851,9.2295127754543387
3.4012250061035156,8.7453112509094151,9.2296220580315964
3.401782257080078,8.7452344829835038,9.2297313346243754
3.4023395080566408,8.7451577150575908,9.2298406112171545
3.4028967590332031,8.7450809471316795,9.2299498878099335
3.4034540100097654,8.7450041792057682,9.2300591644027126
3.404011291503906,8.7449274070756982,9.2301684469799703
3.4045685424804688,8.7448506391497869,9.2302777235727493
3.4051257934570311,8.7447738712238738,9.2303870001655284
3.4056830444335939,8.7446971032979626,9.2304962767583056
3.4062402954101563,8.7446203353720513,9.2306055533510847
3.4067975769042969,8.7445435632419812,9.2307148359283424
3.4073548278808592,8.74446679531607,9.2308241125211214
3.407912078857422,8.7443900273901587,9.2309333891139005
3.4084693298339843,8.7443132594642456,9.2310426657066795
3.4090265808105471,8.7442364915383344,9.2311519422994586
3.4095838623046877,8.7441597194082643,9.2312612248767163
3.41014111328125,8.744082951482353,9.2313705014694953
3.4106983642578124,8.7440061835564418,9.2314797780622744
3.4112556152343751,8.7439294156305287,9.2315890546550534
3.4118128662109375,8.7438526477046175,9.2316983312478307
3.4123701477050781,8.7437758755745474,9.2318076138250902
3.4129273986816404,8.7436991076486361,9.2319165836999328
3.4134846496582032,8.7436223397227248,9.2320251452930275
3.4140419006347655,8.7435455717968136,9.232128927908926
3.4145991516113279,8.7434688038709005,9.2322091633776626
3.4151564331054689,8.7433920317408322,9.2322894032404559
3.4157136840820312,8.7433152638149192,9.2323696387091925
3.4162709350585936,8.7432384958890079,9.2324498741779273
3.4168281860351564,8.7431617279630967,9.2325301096466639
3.4173854370117187,8.7430849600371836,9.2326103451154005
3.4179426879882815,8.7430081921112723,9.2326905805841371
3.4184999694824221,8.7429314199812023,9.2327708204469285
3.4190572204589844,8.7428657960207978,9.2328510559156651
3.4196144714355468,8.7428071070633475,9.2329312913844017
3.4201717224121095,8.7427474132298411,9.2330115268531383
3.4207289733886719,8.7426865088898076,9.2330917623218731
3.4212862548828125,8.7426256012143764,9.2331720021846664
3.4218435058593748,8.7425646968743429,9.233252237653403
3.4224007568359376,8.7425037925343076,9.2333324731221396
3.4229580078124999,8.7424428881942724,9.2334127085908744
3.4235152587890623,8.7423819838542389,9.233492944059611
3.4240725402832033,8.7423210761788077,9.2335731839224042
3.4246297912597656,8.7422601718387742,9.233653419391139
3.425187042236328,8.7421992674987408,9.2337336548598756
3.4257442932128908,8.7421383631587055,9.2338138903286122
3.4263015441894531,8.7420774588186703,9.2338941257973488
3.4268588256835937,8.7420165511432408,9.2339743656601403
3.4274160766601565,8.7419556468032056,9.2340546011288769
3.4279733276367188,8.7418947424631721,9.2341348365976135
3.4285305786132811,8.7418338381231386,9.2342150720663501
3.4290878295898439,8.7417729337831034,9.2342953075350849
3.4296451110839845,8.7417120261076722,9.2343755473978781
3.4302023620605469,8.7416511217676387,9.2344557828666147
3.4307596130371092,8.7415902174276034,9.2345360183353513
3.431316864013672,8.74152931308757,9.2346162538040861
3.4318741149902343,8.7414684087475365,9.2346964892728227
3.4324313964843749,8.7414075010721035,9.234776729135616
3.4329886474609377,8.7413465967320718,9.2348569646043508
3.4335458984375,8.7412856923920366,9.2349372000730874
3.4341031494140624,8.7412247880520013,9.235017435541824
3.4346604003906251,8.7411638837119678,9.2350976710105606
3.4352176818847657,8.7411029760365366,9.235177910873352
3.4357749328613281,8.7410420716965032,9.2352581463420886
3.4363321838378909,8.7409811673564679,9.2353383818108252
3.4368894348144532,8.7409202630164344,9.2354186172795618
3.4374466857910155,8.7408593586763992,9.2354988527482966
3.4380039672851561,8.7407984510009697,9.2355790926110899
3.4385612182617189,8.7407375466609345,9.2356593280798265
3.4391184692382812,8.740676642320901,9.2357395635485631
3.4396757202148436,8.7406157379808676,9.2358197990172979
3.4402329711914064,8.7405548336408323,9.2359000344860345
3.4407902221679687,8.740493929300797,9.2359802699547711
3.4413475036621093,8.7404330216253676,9.2360605098175625
3.4419047546386716,8.7403721172853324,9.2361407452862991
3.4424620056152344,8.7403112129452989,9.2362209807550357
3.4430192565917968,8.7402503086052654,9.2363012162237723
3.4435765075683595,8.7401894042652302,9.2363814516925089
3.4441337890625001,8.740128496589799,9.2364616915553004
3.4446910400390625,8.7400675922497655,9.236541927024037
3.4452482910156252,8.7400066879097302,9.2366221624927736
3.4458055419921876,8.7399457835696968,9.2367023979615084
3.4463627929687499,8.7398848792296633,9.236782633430245
3.4469200744628905,8.7398239715542321,9.2368628732930382
3.4474773254394533,8.7397630672141968,9.2369431087617748
3.4480345764160156,8.7397021628741633,9.2370233442305114
3.448591827392578,8.7396412585341281,9.2371035796992462
3.4491490783691408,8.7395803541940946,9.2371838151679828
3.4497063598632813,8.7395194465186634,9.2372640550307743
3.4502636108398437,8.7394585421786299,9.2373442904995109
3.450820861816406,8.7393976378385965,9.2374245259682475
3.4513781127929688,8.7393367334985612,9.2375047614369841
3.4519353637695311,8.739275829158526,9.2375849969057207
3.4524926452636717,8.7392149214830965,9.2376652367685121
3.4530498962402345,8.7391540171430613,9.2377374300064972
3.4536071472167968,8.7390931128030278,9.2378049270275504
3.4541643981933592,8.7390322084629926,9.2378724240486036
3.454721649169922,8.7389713041229591,9.2379374502836349
3.4552789306640626,8.7389103964475279,9.2379890570465264
3.4558361816406249,8.7388494921074944,9.2380406609833532
3.4563934326171877,8.7387885877674591,9.23809226492018
3.45695068359375,8.7387276834274239,9.2381438688570068
3.4575079345703124,8.7386667790873922,9.2381954727938336
3.4580652160644529,8.7386058714119592,9.2382470795567251
3.4586224670410157,8.7385449670719257,9.2382986834935519
3.4591797180175781,8.7384840627318923,9.2383502874303787
3.4597369689941404,8.738423158391857,9.2384018913672055
3.4602942199707032,8.7383622540518235,9.2384534953040323
3.4608515014648438,8.7383013463763923,9.2385051020669238
3.4614087524414061,8.7382404420363571,9.2385567060037506
3.4619660034179689,8.7381795376963236,9.2386083099405774
3.4625232543945312,8.7381186333562901,9.2386599138774042
3.4630805053710936,8.7380577290162549,9.2387115178142309
3.4636377563476564,8.7379968246762214,9.2387631217510577
3.4641950378417969,8.7379359170007902,9.2388147285139492
3.4647522888183593,8.7378750126607549,9.238866332450776
3.4653095397949221,8.7378141083207215,9.2389179363876046
3.4658667907714844,8.737753203980688,9.2389695403244296
3.4664240417480467,8.7376922996406527,9.2390211442612582
3.4669813232421873,8.7376313919652233,9.2390727510241479
3.4675385742187501,8.7375704876251881,9.2391243549609747
3.4680958251953125,8.7375095832851546,9.2391759588978033
3.4686530761718748,8.7374486789451193,9.2392275628346283
3.4692103271484376,8.7373877746050859,9.2392791667714569
3.4697676086425782,8.7373268669296547,9.2393307735343484
3.4703248596191405,8.7372659625896212,9.2393823774711752
3.4708821105957033,8.7372050582495859,9.239433981408002
3.4714393615722656,8.7371441539095525,9.2394855853448288
3.471996612548828,8.7370832495695172,9.2395371892816556
3.472553894042969,8.7370223418940878,9.2395887960445471
3.4731111450195313,8.7369614375540525,9.2396403999813739
3.4736683959960937,8.736900533214019,9.2396920039182007
3.4742256469726565,8.7368317892577796,9.2397436078550275
3.4747828979492188,8.7367656111333378,9.2397952117918543
3.4753401794433594,8.7367119361166008,9.2398468185547458
3.4758974304199217,8.7366608102391154,9.2398984224915726
3.4764546813964845,8.7366136821513258,9.2399500264283994
3.4770119323730468,8.7365665540635362,9.2400016303652261
3.4775691833496092,8.7365194259757448,9.2400532343020529
3.4781264648437498,8.7364722953070082,9.2401048410649445
3.4786837158203125,8.7364251672192204,9.2401564450017712
3.4792409667968749,8.736378039131429,9.240208048938598
3.4797982177734377,8.7363309110436393,9.2402596528754248
3.48035546875,8.7362837829558497,9.2403112568122516
3.4809127502441406,8.7362366522871131,9.2403628635751431
3.4814700012207029,8.7361895241993235,9.2404144675119699
3.4820272521972657,8.7361423961115339,9.2404660714487967
3.4825845031738281,8.7360952680237443,9.2405176753856235
3.4831417541503908,8.7360481399359529,9.2405692793224503
3.4836990356445314,8.736001009267218,9.2406208860853418
3.4842562866210938,8.7359538811794284,9.2406724900221704
3.4848135375976561,8.7359067530916388,9.2407240939589954
3.4853707885742189,8.7358596250038492,9.240775697895824
3.4859280395507812,8.7358124969160578,9.2408273018326508
3.4864853210449218,8.7357653662473211,9.2408789085955405
3.4870425720214842,8.7357182381595315,9.2409305125323691
3.4875998229980469,8.7356711100717419,9.2409821164691959
3.4881570739746093,8.7356239819839523,9.2410337204060227
3.4887143249511721,8.7355768538961627,9.2410853243428495
3.4892715759277344,8.7355297258083731,9.2411369282796763
3.489828857421875,8.7354825951396364,9.2411885350425678
3.4903861083984373,8.7354354670518468,9.2412401389793946
3.4909433593750001,8.7353883389640572,9.2412917429162214
3.4915006103515625,8.7353412108762676,9.2413433468530481
3.4920578613281252,8.735294082788478,9.2413949507898749
3.4926151428222658,8.7352469521197413,9.2414465575527664
3.4931723937988282,8.7351998240319499,9.2414981614895932
3.4937296447753905,8.7351526959441621,9.24154976542642
3.4942868957519533,8.7351055678563707,9.2416013693632468
3.4948441467285156,8.7350584397685811,9.2416529733000736
3.4954014282226562,8.7350113090998445,9.2417045800629651
3.4959586791992185,8.7349641810120549,9.2417561839997919
3.4965159301757813,8.7349170529242652,9.2418077879366187
3.4970731811523437,8.7348699248364756,9.2418576837890356
3.497630432128906,8.734822796748686,9.2419010471261487
3.498187713623047,8.7347756660799494,9.2419444128380341
3.4987449645996094,8.7347285379921598,9.2419758654896338
3.4993022155761717,8.7346814099043701,9.2420040935596539
3.4998594665527345,8.7346342818165805,9.242032321629674
3.5004167175292968,8.7345871537287891,9.2420605496996941
3.5009739990234374,8.7345400230600525,9.2420887793156101
3.5015312500000002,8.7344928949722629,9.2421170073856302
3.5020885009765625,8.7344457668844733,9.2421452354556504
3.5026457519531249,8.7343986387966837,9.2421734635256705
3.5032030029296877,8.734351510708894,9.2422016915956888
3.5037602844238283,8.7343043800401574,9.2422299212116066
3.5043175354003906,8.7342572519523678,9.2422581492816267
3.5048747863769529,8.7342101238645782,9.2422863773516468
3.5054320373535157,8.7341629957767886,9.2423146054216652
3.5059892883300781,8.7341158676889989,9.2423428334916871
3.5065465698242186,8.7340687370202623,9.242371063107603
3.507103820800781,8.7340216089324727,9.2423992911776232
3.5076610717773438,8.7339744808446831,9.2424275192476433
3.5082183227539061,8.7339273527568935,9.2424557473176634
3.5087755737304689,8.7338802246691021,9.2424839753876817
3.5093328552246095,8.7338330940003672,9.2425122050035995
3.5098901062011718,8.7337859659125776,9.2425404330736196
3.5104473571777346,8.7337388378247862,9.2425686611436397
3.5110046081542969,8.7336917097369984,9.2425968892136581
3.5115618591308593,8.733644581649207,9.2426251172836782
3.5121191406249999,8.7335974509804704,9.2426533468995959
3.5126763916015626,8.7335503228926807,9.2426815749696161
3.513233642578125,8.7335031948048911,9.2427098030396362
3.5137908935546873,8.7334560667171015,9.2427380311096545
3.5143481445312501,8.7334089386293119,9.2427662591796746
3.5149053955078124,8.7333618105415223,9.2427944872496948
3.5154626464843748,8.7333146824537309,9.2428227153197149
3.5160198974609376,8.733267554365943,9.242850943389735
3.5165772094726564,8.7332204211162576,9.2428791745515486
3.5171344604492187,8.733173293028468,9.2429074026215687
3.5176917114257815,8.7331261649406784,9.2429356306915889
3.5182489624023439,8.7330790368528888,9.242963858761609
3.5188062133789062,8.7330319087650992,9.2429920868316273
3.519363464355469,8.7329847806773095,9.2430203149016474
3.5199207153320313,8.7329376525895199,9.2430485429716676
3.5204779663085937,8.7328905245017303,9.2430767710416877
3.5210352172851564,8.7328433964139407,9.2431049991117078
3.5215924682617188,8.7327962683261511,9.2431332271817279
3.5221497802734376,8.7327491350764674,9.2431614583435415
3.52270703125,8.7327020069886778,9.2431896864135616
3.5232642822265623,8.7326548789008882,9.24321791448358
3.5238215332031251,8.7326077508130986,9.2432461425536019
3.5243787841796874,8.732560622725309,9.2432743706236202
3.5249360351562498,8.7325134946375194,9.2433025986936403
3.5254932861328125,8.7324663665497297,9.2433308267636605
3.5260505371093749,8.7324192384619383,9.2433590548336806
3.5266077880859372,8.7323721103741487,9.2433872829037007
3.5271650390625,8.7323249822863591,9.2434155109737208
3.5277222900390623,8.7322778541985695,9.2434437390437409
3.5282796020507812,8.7322307209488859,9.2434719702055546
3.528836853027344,8.7321835928610962,9.2435001982755729
3.5293941040039063,8.7321364647733066,9.243528426345593
3.5299513549804686,8.732089336685517,9.2435566544156131
3.5305086059570314,8.7320422085977274,9.2435848824856333
3.5310658569335938,8.731995080509936,9.2436131105556534
3.5316231079101561,8.7319479524221464,9.2436413386256735
3.5321803588867189,8.7319008243343568,9.2436695666956936
3.5327376098632812,8.7318536962465672,9.2436977947657137
3.5332948608398436,8.7318065681587775,9.2437260228357339
3.5338521728515624,8.7317594349090939,9.2437542539975475
3.5344094238281247,8.7317123068213043,9.2437824820675658
3.5349666748046875,8.7316651787335147,9.2438107101375859
3.5355239257812499,8.731618050645725,9.243838938207606
3.5360811767578126,8.7315709225579354,9.2438671662776262
3.536638427734375,8.7315237944701458,9.2438953943476463
3.5371956787109378,8.7314766663823562,9.2439236224176664
3.5377529296875001,8.7314295382945666,9.2439518504876865
3.5383101806640624,8.731382410206777,9.2439800785577066
3.5388674316406252,8.7313352821189874,9.2440083066277268
3.5394247436523436,8.7312881488693037,9.2440365377895404
3.5399819946289064,8.7312410207815141,9.2440647658595587
3.5405392456054687,8.7311938926937227,9.2440929939295788
3.5410964965820311,8.7311467646059349,9.244121221999599
3.5416537475585939,8.7310996365181435,9.2441427534932092
3.5422109985351562,8.7310525084303539,9.2441631847862933
3.5427682495117185,8.7310053803425642,9.244178175000572
3.5433255004882813,8.7309582522547746,9.2441836795209849
3.5438827514648437,8.730911124166985,9.2441891840413977
3.544440002441406,8.7308639960791954,9.2441946885618087
3.5449973144531253,8.7308168628295117,9.2442001936851259
3.5455545654296876,8.7307697347417204,9.2442056982055387
3.54611181640625,8.7307226066539307,9.2442112027259515
3.5466690673828127,8.7306754785661429,9.2442167072463626
3.5472263183593751,8.7306283504783515,9.2442222117667754
3.5477835693359374,8.7305812223905619,9.2442277162871882
3.5483408203125002,8.7305340943027723,9.244233220807601
3.5488980712890625,8.7304869662149827,9.2442387253280121
3.5494553222656249,8.730439838127193,9.2442442298484249
3.5500125732421877,8.7303927100394034,9.2442497343688377
3.55056982421875,8.7303455819516138,9.2442552388892487
3.5511271362304688,8.7302984487019302,9.2442607440125677
3.5516843872070312,8.7302513206141406,9.2442662485329787
3.5522416381835935,8.7302109026466592,9.2442717530533915
3.5527988891601563,8.7301946484033479,9.2442772575738044
3.5533561401367186,8.7301758548188264,9.2442827620942154
3.553913391113281,8.7301494390973922,9.2442882666146282
3.5544706420898438,8.7301230233759561,9.244293771135041
3.5550278930664061,8.7300966076545183,9.2442992756554538
3.5555851440429689,8.7300701919330841,9.2443047801758649
3.5561423950195312,8.7300437762116481,9.2443102846962777
3.55669970703125,8.7300173575969247,9.2443157898195949
3.5572569580078124,8.7299909418754886,9.2443212943400077
3.5578142089843752,8.7299645261540526,9.2443267988604187
3.5583714599609375,8.7299381104326166,9.2443323033808316
3.5589287109374999,8.7299116947111806,9.2443378079012444
3.5594859619140626,8.7298852789897445,9.2443433124216572
3.560043212890625,8.7298588632683085,9.2443488169420682
3.5606004638671873,8.7298324475468743,9.244354321462481
3.5611577148437501,8.7298060318254382,9.2443598259828939
3.5617149658203124,8.7297796161040022,9.2443653305033067
3.5622722778320313,8.7297531974892788,9.2443708356266221
3.5628295288085936,8.7297267817678446,9.2443763401470349
3.5633867797851564,8.7297003660464085,9.2443818446674477
3.5639440307617187,8.7296739503249725,9.2443873491878605
3.5645012817382815,8.7296475346035365,9.2443928537082716
3.5650585327148439,8.7296211188821005,9.2443983582286844
3.5656157836914062,8.7295947031606644,9.2444038627490972
3.566173034667969,8.7295682874392302,9.24440936726951
3.5667302856445313,8.7295418717177942,9.2444148717899211
3.5672875366210937,8.7295154559963581,9.2444203763103339
3.5678448486328125,8.729489037381633,9.2444258814336511
3.5684020996093748,8.7294626216601987,9.2444313859540639
3.5689593505859376,8.7294362059387627,9.2444368904744749
3.5695166015624999,8.7294097902173267,9.2444423949948877
3.5700738525390623,8.7293833744958924,9.2444478995153005
3.5706311035156251,8.7293569587744564,9.2444534040357134
3.5711883544921874,8.7293305430530204,9.2444589085561244
3.5717456054687498,8.7293041273315843,9.2444644130765372
3.5723028564453125,8.7292777116101483,9.24446991759695
3.5728601074218749,8.7292512958887123,9.2444754221173628
3.5734173583984377,8.729224880167278,9.2444809266377739
3.5739746704101565,8.7291984615525529,9.2444864317610911
3.5745319213867188,8.7291720458311168,9.2444919362815039
3.5750891723632812,8.7291456301096826,9.2444974408019167
3.5756464233398439,8.7291192143882466,9.2445029453223277
3.5762036743164063,8.7290927986668123,9.2445084498427406
3.5767609252929686,8.7290663829453763,9.2445139543631534
3.5773181762695314,8.7290399672239403,9.2445194588835662
3.5778754272460938,8.7290135515025042,9.2445249634039772
3.5784326782226561,8.7289871357810682,9.24453046792439
3.5789899291992189,8.7289607200596322,9.2445359724448029
3.5795472412109373,8.7289343014449088,9.2445414775681201
3.5801044921875,8.7289078857234728,9.2445469820885329
3.5806617431640624,8.7288814700020385,9.2445524866089439
3.5812189941406247,8.7288550542806025,9.2445579911293567
3.5817762451171875,8.7288286385591665,9.2445634956497695
3.5823334960937498,8.7288022228377304,9.2445690001701823
3.5828907470703126,8.7287758071162944,9.2445745046905934
3.583447998046875,8.7287493913948584,9.2445800092110062
3.5840052490234378,8.7287229756734224,9.244585513731419
3.5845625000000001,8.7286965599519881,9.2445910182518318
3.5851198120117189,8.7286701413372647,9.2445965233751473
3.5856770629882813,8.7286437256158287,9.2446020278955601
3.5862343139648436,8.7286173098943927,9.2446075324159729
3.5867915649414064,8.7285908941729566,9.2446130369363857
3.5873488159179687,8.7285644784515206,9.2446185414567967
3.5879060668945311,8.7285380627300864,9.2446240459772095
3.5884633178710938,8.7285116470086503,9.2446295504976224
3.5890205688476562,8.7284852312872143,9.2446350550180352
3.5895778198242185,8.7284588155657783,9.2446405595384462
3.5901350708007813,8.728432399844344,9.244646064058859
3.5906923828125001,8.7284059812296189,9.2446455262199851
3.5912496337890625,8.7283795655081846,9.2446436126660458
3.5918068847656253,8.7283531497867486,9.2446391827013628
3.5923641357421876,8.7283267340653126,9.2446232091631746
3.5929213867187499,8.7283003183438765,9.2446072356249847
3.5934786376953127,8.7282739026224405,9.2445912620867947
3.5940358886718751,8.7282474869010045,9.2445752885486048
3.5945931396484374,8.7282210711795702,9.2445593150104148
3.5951503906250002,8.7281946554581342,9.2445433414722249
3.5957076416015625,8.7281682397366982,9.244527367934035
3.5962648925781249,8.7281418240152639,9.244511394395845
3.5968222045898437,8.7281154054005388,9.2444954191080893
3.597379455566406,8.7280889896791027,9.2444794455698993
3.5979367065429688,8.7280625739576667,9.2444634720317111
3.5984939575195312,8.7280361582362307,9.2444474984935212
3.5990512084960935,8.7280097425147964,9.2444315249553313
3.5996084594726563,8.7279833267933604,9.2444155514171413
3.6001657104492186,8.7279569110719262,9.2443995778789514
3.6007229614257814,8.7279304953504884,9.2443836043407615
3.6012802124023438,8.7279040796290541,9.2443676308025715
3.6018374633789061,8.7278776639076181,9.2443516572643816
3.6023947753906249,8.7278512452928947,9.2443356819766258
3.6029520263671877,8.7278248295714587,9.2443197084384359
3.60350927734375,8.7277984138500226,9.2443037349002459
3.6040665283203124,8.7277719981285866,9.2442877613620578
3.6046237792968752,8.7277455824071524,9.2442717878238678
3.6051810302734375,8.7277191666857163,9.2442558142856779
3.6057382812499998,8.7276927509642803,9.2442398407474879
3.6062955322265626,8.7276663352428443,9.244223867209298
3.606852783203125,8.7276399195214083,9.2442078936711081
3.6074100341796873,8.7276135037999722,9.2441919201329181
3.6079673461914061,8.7275870851852488,9.2441759448451624
3.6085245971679685,8.7275606694638128,9.2441599713069724
3.6090818481445313,8.7275342537423786,9.2441439977687843
3.6096390991210936,8.7275078380209425,9.2441280242305943
3.6101963500976564,8.7274814222995065,9.2441120506924044
3.6107536010742187,8.7274550065780723,9.2440960771542144
3.6113108520507815,8.7274285908566362,9.2440801036160245
3.6118681030273438,8.7274021751352002,9.2440641300778346
3.6124253540039062,8.7273757594137642,9.2440481565396446
3.612982604980469,8.7273493436923282,9.2440321830014547
3.6135399169921874,8.7273229250776048,9.2440162077136989
3.6140971679687501,8.7272965093561687,9.244000234175509
3.6146544189453125,8.7272700936347327,9.243984260637319
3.6152116699218748,8.7272436779132967,9.2439682870991291
3.6157689208984376,8.7272172621918607,9.2439523135609409
3.6163261718749999,8.7271908464704264,9.243936340022751
3.6168834228515623,8.7271644307489904,9.2439203664845611
3.6174406738281251,8.7271380150275544,9.2439043929463711
3.6179979248046874,8.7271115993061184,9.2438884194081812
3.6185551757812497,8.7270851835846841,9.2438724458699912
3.6191124267578125,8.7270587678632481,9.2438564723318013
3.6196697387695314,8.7270323492485247,9.2438404970440455
3.6202269897460937,8.7270059335270886,9.2438245235058556
3.6207842407226565,8.7269795178056526,9.2438085499676657
3.6213414916992188,8.7269531020842166,9.2437925764294775
3.6218987426757812,8.7269266863627823,9.2437766028912876
3.6224559936523439,8.7269002706413463,9.2437606293530976
3.6230132446289063,8.7268738549199103,9.2437446558149077
3.6235704956054686,8.7268474391984743,9.2437286822767177
3.6241277465820314,8.72682102347704,9.2437127087385278
3.6246849975585937,8.726794607755604,9.2436967352003379
3.6252423095703126,8.7267681891408806,9.2436807599125821
3.6257995605468749,8.7267417734194446,9.2436647863743922
3.6263568115234373,8.7267153576980085,9.2436488128362022
3.6269140625,8.7266889419765725,9.243632839298014
3.6274713134765624,8.7266625262551365,9.2436168657598241
3.6280285644531252,8.7266361105337005,9.2436008922216342
3.6285858154296875,8.7266096948122645,9.2435849186834442
3.6291430664062498,8.7265832790908284,9.2435689451452543
3.6297003173828126,8.7265568633693942,9.2435529716070644
3.630257568359375,8.7265304476479582,9.2435369980688744
3.6308148803710938,8.7265040290332347,9.2435210227811186
3.6313721313476561,8.7264776133117987,9.2435050492429287
3.6319293823242189,8.7264511975903627,9.2434890757047388
3.6324866333007813,8.7264247818689267,9.2434731021665506
3.6330438842773436,8.7263953403114591,9.2434571286283607
3.6336011352539064,8.7263593004759059,9.2434411550901707
3.6341583862304687,8.7263283662816136,9.2434251815519808
3.6347156372070311,8.7263085793889701,9.2434092080137908
3.6352728881835938,8.7262895411603196,9.2433932344756009
3.6358301391601562,8.726272165986579,9.243377260937411
3.636387451171875,8.7262572606472553,9.2433612856496552
3.6369447021484373,8.7262495493750247,9.2433453121114653
3.6375019531250001,8.7262418381027942,9.2433293385732753
3.6380592041015625,8.7262341268305637,9.2433133650350854
3.6386164550781253,8.7262264155583331,9.2432973914968972
3.6391737060546876,8.7262187042861026,9.2432814179587073
3.6397309570312499,8.726210993013872,9.2432654444205173
3.6402882080078127,8.7262032817416415,9.2432459013511643
3.6408454589843751,8.7261955704694092,9.2432228062287152
3.6414027099609374,8.7261878591971787,9.2431997111062643
3.6419599609375002,8.7261801479249499,9.2431667092348686
3.6425172729492186,8.7261724358081096,9.2431304021222971
3.6430745239257813,8.7261647245358791,9.2430940989859725
3.6436317749023437,8.7261570132636486,9.2430577958496478
3.644189025878906,8.726149301991418,9.243021492713325
3.6447462768554688,8.7261415907191875,9.2429851895770003
3.6453035278320312,8.726133879446957,9.2429488864406757
3.6458607788085935,8.7261261681747264,9.2429125833043511
3.6464180297851563,8.7261184569024941,9.2428762801680282
3.6469752807617186,8.7261107456302653,9.2428399770317036
3.6475325317382814,8.726103034358033,9.2428036738953789
3.6480898437500002,8.7260953222411946,9.2427673667828074
3.6486470947265626,8.726087610968964,9.2427310636464846
3.6492043457031249,8.7260798996967335,9.2426947605101599
3.6497615966796877,8.7260721884245029,9.2426584573738353
3.65031884765625,8.7260644771522724,9.2426221542375107
3.6508760986328124,8.7260567658800419,9.242585851101186
3.6514333496093752,8.7260490546078113,9.2425495479648632
3.6519906005859375,8.726041343335579,9.2425132448285385
3.6525478515624998,8.7260336320633485,9.2424769416922139
3.6531051025390626,8.7260259207911197,9.2424406385558893
3.653662414550781,8.7260182086742795,9.2424043314433177
3.6542196655273438,8.7260104974020489,9.2423680283069949
3.6547769165039061,8.7260027861298184,9.2423317251706703
3.6553341674804689,8.7259950748575879,9.2422954220343456
3.6558914184570312,8.7259873635853573,9.242259118898021
3.6564486694335936,8.7259796523131268,9.2422228157616964
3.6570059204101564,8.7259719410408962,9.2421865126253735
3.6575631713867187,8.7259642297686657,9.2421502094890489
3.6581204223632815,8.7259565184964352,9.2421139063527242
3.6586776733398438,8.7259488072242029,9.2420776032163996
3.6592349853515627,8.7259410951073662,9.2420412961038281
3.659792236328125,8.7259333838351338,9.2420049929675052
3.6603494873046873,8.7259256725629033,9.2419686898311806
3.6609067382812501,8.7259179612906728,9.2419323866948559
3.6614639892578125,8.7259102500184422,9.2418960835585313
3.6620212402343748,8.7259025387462117,9.2418597804222085
3.6625784912109376,8.7258948274739812,9.2418234772858838
3.6631357421874999,8.7258871162017506,9.2417871741495592
3.6636929931640623,8.7258794049295183,9.2417508710132346
3.6642502441406251,8.7258716936572895,9.2417145678769117
3.6648075561523439,8.7258639815404493,9.2416782607643402
3.6653648071289062,8.7258562702682188,9.2416419576280155
3.665922058105469,8.7258485589959882,9.2416056544916909
3.6664793090820313,8.7258408477237577,9.2415693513553663
3.6670365600585937,8.7258331364515271,9.2415330482190434
3.6675938110351565,8.7258254251792966,9.2414967450827188
3.6681510620117188,8.7258177139070661,9.2414604419463942
3.6687083129882812,8.7258100026348355,9.2414241388100695
3.6692655639648439,8.725802291362605,9.2413878356737449
3.6698228149414063,8.7257945800903727,9.241351532537422
3.6703800659179686,8.7257868688181439,9.2413152294010974
3.6709373779296874,8.7257791567013037,9.2412789222885259
3.6714946289062498,8.7257714454290731,9.2412426191522012
3.6720518798828126,8.7257637341568426,9.2412063160158766
3.6726091308593749,8.7257560228846121,9.2411700128795538
3.6731663818359372,8.7257483116123815,9.2411337097432291
3.6737236328125,8.725740600340151,9.2410974066069045
3.6742808837890624,8.7257328890679204,9.2410611034705799
3.6748381347656252,8.7257251777956899,9.2410248003342552
3.6753953857421875,8.7257174665234594,9.2409884971979324
3.6759526367187503,8.7257097552512288,9.2409521940616077
3.6765099487304687,8.7257020431343904,9.2409158869490362
3.6770671997070314,8.725694331862158,9.2408795838127116
3.6776244506835938,8.7256866205899275,9.2408432806763869
3.6781817016601561,8.725678909317697,9.2408069775400641
3.6787389526367189,8.7256711980454664,9.2407706744037394
3.6792962036132812,8.7256634867732359,9.2407343712674148
3.6798534545898436,8.7256557755010054,9.240698068131092
3.6804107055664064,8.7256480642287748,9.2406617649947673
3.6809679565429687,8.7256403529565443,9.2406254618584427
3.6815252075195311,8.7256326416843137,9.2405891587221181
3.6820825195312499,8.7256249295674735,9.2405528516095465
3.6826397705078127,8.7256172182952447,9.2405165484732237
3.683197021484375,8.7256095070230124,9.240480245336899
3.6837542724609373,8.7256017957507819,9.2404439422005744
3.6843115234375001,8.7255940844785513,9.2404076390642498
3.6848687744140625,8.7255863732063208,9.2403713359279251
3.6854260253906252,8.7255786619340903,9.2403350327916023
3.6859832763671876,8.7255709506618597,9.2402987296552777
3.6865405273437499,8.7255632393896292,9.240262426518953
3.6870977783203127,8.7255555281173987,9.2402261233826284
3.6876550903320311,8.7255478160005602,9.2401898162700569
3.6882123413085939,8.7255401047283279,9.240153513133734
3.6887695922851562,8.7255323934560973,9.2401172099974094
3.6893268432617186,8.7255246821838668,9.2400809068610847
3.6898840942382813,8.7255169709116362,9.2400446037247601
3.6904413452148437,8.7255092596394057,9.2400083005884355
3.690998596191406,8.7255015483671752,9.2399719974521126
3.6915558471679688,8.7254938370949446,9.239935694315788
3.6921130981445311,8.7254861258227141,9.2398993911794634
3.6926703491210935,8.7254784145504836,9.2398630880431405
3.6932276000976563,8.7254706116486815,9.2398267849068159
3.6937849121093751,8.7254563863216781,9.2397904777942443
3.6943421630859374,8.7254421625525893,9.2397541746579197
3.6948994140625002,8.7254279387835023,9.2397178715215951
3.6954566650390626,8.7254137150144135,9.2396815683852704
3.6960139160156249,8.7253994912453265,9.2396452652489476
3.6965711669921877,8.7253852674762378,9.2396089621126229
3.69712841796875,8.725371043707149,9.2395726589762983
3.6976856689453124,8.725356819938062,9.2395363558399737
3.6982429199218751,8.725342596168975,9.2395000527036508
3.6988001708984375,8.7253283723998862,9.2394592185784958
3.6993574829101563,8.725314147072881,9.2394164166020758
3.6999147338867187,8.725299923303794,9.2393736193131986
3.700471984863281,8.7252856995347052,9.2393225842520401
3.7010292358398438,8.7252714757656182,9.2392683709937522
3.7015864868164061,8.7252572519965295,9.2392141577354661
3.7021437377929689,8.7252430282274407,9.2391599444771781
3.7027009887695312,8.7252288044583537,9.239105731218892
3.703258239746094,8.7252145806892649,9.2390515179606041
3.7038154907226564,8.7252003569201779,9.2389973047023179
3.7043727416992187,8.7251861331510892,9.23894309144403
3.7049300537109375,8.7251719078240857,9.2388888722478182
3.7054873046874999,8.7251576840549987,9.2388346589895303
3.7060445556640627,8.7251434602859099,9.2387804457312441
3.706601806640625,8.7251292365168212,9.2387262324729562
3.7071590576171873,8.7251150127477324,9.2386720192146701
3.7077163085937501,8.7251007889786454,9.2386178059563822
3.7082735595703125,8.7250865652095584,9.238563592698096
3.7088308105468748,8.7250723414404696,9.2385093794398081
3.7093880615234376,8.7250581176713808,9.238455166181522
3.7099453124999999,8.7250438939022921,9.238400952923234
3.7105026245117188,8.7250296685752904,9.2383467337270222
3.7110598754882811,8.7250154448062016,9.2382925204687361
3.7116171264648439,8.7250012210371128,9.2382383072104481
3.7121743774414062,8.7249869972680258,9.238184093952162
3.712731628417969,8.7249727734989371,9.2381298806938741
3.7132888793945313,8.7249585497298483,9.2380756674355879
3.7138461303710937,8.7249443259607613,9.2380214541773
3.7144033813476565,8.7249301021916725,9.2379672409190139
3.7149606323242188,8.7249158784225855,9.237913027660726
3.7155178833007811,8.7249016546534968,9.2378588144024398
3.7160751342773439,8.724887430884408,9.2378046011441519
3.7166324462890623,8.7248732055574045,9.2377503819479401
3.7171896972656251,8.7248589817883175,9.2376961686896522
3.7177469482421874,8.7248447580192288,9.237641955431366
3.7183041992187498,8.7248305342501418,9.2375877421730781
3.7188614501953126,8.724816310481053,9.237533528914792
3.7194187011718749,8.7248020867119642,9.237479315656504
3.7199759521484372,8.7247878629428772,9.2374251023982179
3.720533203125,8.7247736391737885,9.23737088913993
3.7210904541015624,8.7247594154047015,9.2373166758816438
3.7216477050781251,8.7247451916356127,9.2372624626233559
3.722205017089844,8.7247629706872285,9.2372082434271441
3.7227622680664063,8.724792773039038,9.2371540301688562
3.7233195190429687,8.7248018613129457,9.23709981691057
3.7238767700195314,8.7248019807679569,9.2370456036522839
3.7244340209960938,8.7248021002229663,9.236991390393996
3.7249912719726561,8.7248022196779758,9.2369371771357081
3.7255485229492189,8.7248023391329852,9.2368829638774219
3.7261057739257812,8.7248024585879964,9.2368287506191358
3.7266630249023436,8.7248025780430059,9.2367745373608479
3.7272202758789064,8.7248026974980153,9.2367203241025617
3.7277775878906247,8.7248028169661094,9.2366661049063481
3.7283348388671875,8.7248029364211188,9.236611891648062
3.7288920898437499,8.7248030558761283,9.236557678389774
3.7294493408203127,8.7248031753311395,9.2365034651314879
3.730006591796875,8.7248032947861489,9.2364492518732
3.7305638427734378,8.7248034142411584,9.2363950386149138
3.7311210937500001,8.7248035336961678,9.2363408253566259
3.7316783447265625,8.7248036531511772,9.2362866120983398
3.7322355957031252,8.7248037726061867,9.2362323988400519
3.7327928466796876,8.7248038920611979,9.2361781855817657
3.7333501586914064,8.7248040115292902,9.2361239663855521
3.7339074096679687,8.7248041309843014,9.236069753127266
3.7344646606445311,8.7248042504393108,9.2360155398689798
3.7350219116210939,8.7248043698943203,9.2359613266106919
3.7355791625976562,8.7248044893493315,9.235907113352404
3.7361364135742186,8.7248046088043409,9.2358529000941179
3.7366936645507813,8.7248047282593504,9.2357986868358317
3.7372509155273437,8.7248048477143598,9.2357444735775438
3.737808166503906,8.7248049671693693,9.2356902603192559
3.7383654174804688,8.7248050866243787,9.2356360470609697
3.7389226684570311,8.7248052060793899,9.2355818338026836
3.73947998046875,8.7248053255474822,9.23552761460647
3.7400372314453127,8.7248054450024934,9.2354734013481838
3.7405944824218751,8.7248055644575029,9.2354191880898959
3.7411517333984374,8.7248056839125123,9.2353649748316098
3.7417089843750002,8.7248058033675235,9.2353107615733219
3.7422662353515626,8.724805922822533,9.2352565483150357
3.7428234863281249,8.7248060422775424,9.2352023350567478
3.7433807373046877,8.7248061617325519,9.2351481217984617
3.74393798828125,8.7248062811875631,9.2350939085401738
3.7444952392578124,8.7248064006425725,9.2350396952818876
3.7450525512695312,8.7248065201106648,9.2349854760856758
3.7456098022460935,8.724806639565676,9.2349312628273879
3.7461670532226563,8.7248067590206855,9.2348770495690999
3.7467243041992186,8.7248068784756949,9.2348228363108138
3.747281555175781,8.7248069979307044,9.2347686230525259
3.7478388061523438,8.7248071173857156,9.2347144097942397
3.7483960571289061,8.724807236840725,9.2346601965359518
3.7489533081054689,8.7248073562957345,9.2346059832776657
3.7495105590820312,8.7248074757507439,9.2345517700193778
3.750067810058594,8.7248075952057533,9.2344975567610916
3.7506251220703124,8.7248077146738474,9.2344433375648798
3.7511823730468752,8.7248078341288569,9.2343891243065919
3.7517396240234375,8.7248079535838663,9.2343349110483057
3.7522968749999999,8.7248080730388775,9.2342806977900178
3.7528541259765626,8.7248081924938869,9.2342264845317317
3.753411376953125,8.7248083119488982,9.2341722712734438
3.7539686279296873,8.7248084314039058,9.2341180580151576
3.7545258789062501,8.724808550858917,9.2340638447568697
3.7550831298828125,8.7248086703139265,9.2340096314985836
3.7556403808593748,8.7248087897689359,9.2339554182402956
3.7561976928710936,8.72480890923703,9.2339011990440838
3.7567549438476564,8.7248090286920394,9.2338469857857959
3.7573121948242187,8.7248091481470489,9.2337927725275097
3.7578694458007815,8.7248092676020601,9.2337385592692218
3.7584266967773439,8.7248093870570695,9.2336752746159245
3.7589839477539062,8.724809506512079,9.2336091814104737
3.759541198730469,8.7248096259670902,9.2335534552855165
3.7600984497070313,8.7248097454220996,9.2334966375647856
3.7606557006835937,8.7248098648771091,9.2334274276155721
3.7612129516601565,8.7248099843321185,9.2333582176663604
3.7617702026367188,8.724810103787128,9.233289007717147
3.7623275146484376,8.724810223255222,9.2332197901874355
3.762884765625,8.7248103427102315,9.2331505802382221
3.7634420166015623,8.7248104621652409,9.2330813702890087
3.7639992675781251,8.7248105816202521,9.2330121603397952
3.7645565185546874,8.7248107010752616,9.2329429503905835
3.7651137695312498,8.724810820530271,9.2328737404413701
3.7656710205078125,8.7248109399852822,9.2328045304921567
3.7662282714843749,8.7248110594402917,9.2327353205429432
3.7667855224609372,8.7248111788953011,9.2326661105937298
3.7673427734375,8.7248112983503106,9.2325969006445163
3.7679000854492188,8.7248114178184046,9.2325276831148049
3.7684573364257812,8.7248115372734141,9.2324584731655914
3.769014587402344,8.7248116567284235,9.2323892632163798
3.7695718383789063,8.724811776183433,9.2323200532671663
3.7701290893554686,8.7248118956384442,9.2322508433179529
3.7706863403320314,8.7248120150934536,9.2321816333687394
3.7712435913085938,8.724812134548463,9.232112423419526
3.7718008422851561,8.7248122540034725,9.2320432134703125
3.7723580932617189,8.7248123734584819,9.2319740035211009
3.7729153442382812,8.7248124929134931,9.2319047935718874
3.7734726562500001,8.7248126123815855,9.231835576042176
3.7740299072265624,8.7248127318365967,9.2317663660929625
3.7745871582031247,8.7248128512916061,9.2316971561437491
3.7751444091796875,8.7248129707466155,9.2316279461945356
3.7757016601562499,8.724813090201625,9.2315587362453222
3.7762589111328126,8.7248132096566362,9.2314895262961105
3.776816162109375,8.7248133291116456,9.2314203163468971
3.7773734130859378,8.7248134485666551,9.2313511063976836
3.7779306640625001,8.7248135680216663,9.2312818964484702
3.7784879150390625,8.7248136874766757,9.2312126864992567
3.7790452270507813,8.724813806944768,9.2311434689695453
3.7796024780273436,8.7248139263997793,9.2310742590203319
3.7801597290039064,8.7248140458547887,9.2310050490711202
3.7807169799804687,8.7248141653097981,9.2309358391219067
3.7812742309570311,8.7248142847648076,9.2308666291726933
3.7818314819335939,8.724814404219817,9.2307974192234798
3.7823887329101562,8.7248145236748265,9.2307282092742682
3.7829459838867185,8.7248146431298359,9.2306589993250547
3.7835032348632813,8.7248147625848471,9.2305897893758413
3.7840604858398437,8.7248148820398583,9.2305205794266278
3.7846177978515625,8.7248150015079506,9.2304513618969164
3.7851750488281253,8.7248151209629601,9.230382151947703
3.7857322998046876,8.7248152404179713,9.2303129419984895
3.78628955078125,8.7248153598729807,9.2302437320492778
3.7868468017578127,8.7248154793279902,9.2301745221000644
3.7874040527343751,8.7248155987829996,9.2301053121508509
3.7879613037109374,8.7248157182380091,9.2300361022016375
3.7885185546875002,8.7248158376930185,9.2299668922524241
3.7890758056640625,8.7248159571480297,9.2298976823032106
3.7896330566406249,8.7248160766030391,9.2298284723539972
3.7901903076171877,8.7248161960580486,9.2297592624047855
3.7907476196289061,8.7248163155261427,9.2296900448750741
3.7913048706054688,8.7248164349811521,9.2296208349258606
3.7918621215820312,8.7248165544361633,9.2295516249766472
3.7924193725585935,8.7248166738911728,9.2294824150274337
3.7929766235351563,8.7248167933461822,9.2294132050782203
3.7935338745117186,8.7248169128011916,9.2293439951290068
3.794091125488281,8.7248170322562029,9.2292747851797952
3.7946483764648438,8.7248171517112123,9.2292055752305817
3.7952056274414061,8.7248172711662217,9.2291363652813683
3.7957628784179689,8.7248173906212312,9.2290671553321548
3.7963201904296877,8.7248175100893253,9.2289979378024434
3.7968774414062501,8.7248176295443347,9.2289287278532299
3.7974346923828124,8.7248177489993459,9.2288595179040165
3.7979919433593752,8.7248178684543554,9.2287903079548048
3.7985491943359375,8.7248179879093648,9.2287210980055914
3.7991064453124999,8.7248181073643742,9.2286518880563779
3.7996636962890626,8.7248182268193837,9.2285826781071645
3.800220947265625,8.7248183462743931,9.228513468157951
3.8007781982421873,8.7248184657294026,9.2284442582087394
3.8013354492187501,8.724818585184412,9.2283750482595259
3.8018927612304685,8.7248187046525061,9.2283058307298145
3.8024500122070313,8.7248188241075173,9.228236620780601
3.8030072631835936,8.7248189435625267,9.2281674108313876
3.8035645141601564,8.7248190630175362,9.2280982008821741
3.8041217651367187,8.7248191824725474,9.2280289909329607
3.8046790161132815,8.7248193019275568,9.227959780983749
3.8052362670898439,8.7248194213825663,9.2278905710345356
3.8057935180664062,8.7248195408375757,9.2278213610853221
3.806350769042969,8.7248196602925852,9.2277521511361087
3.8069080200195313,8.7248197797475964,9.2276829411868952
3.8074653320312501,8.7248198992156887,9.2276137236571838
3.8080225830078125,8.7248200186706999,9.2275445137079721
3.8085798339843748,8.7248201381257093,9.2274753037587587
3.8091370849609376,8.7248202575807188,9.2274060938095452
3.8096943359375,8.7248203770357282,9.2273368838603318
3.8102515869140623,8.7248213751539048,9.2272676739111184
3.8108088378906251,8.7248252006348039,9.2271984639619049
3.8113660888671874,8.7248290261157049,9.2271292540126932
3.8119233398437498,8.724833139435983,9.2270600440634798
3.8124805908203125,8.7248386214501714,9.2269908341142663
3.8130378417968749,8.724844103464358,9.2269216241650529
3.8135951538085937,8.7248495860789852,9.2268524066353415
3.8141524047851565,8.7248550680931718,9.226783196686128
3.8147096557617188,8.7248605501073584,9.2267139867369146
3.8152669067382812,8.7248660321215468,9.2266447767877029
3.815824157714844,8.7248715141357334,9.2265755668384895
3.8163814086914063,8.72487699614992,9.226506356889276
3.8169386596679686,8.7248824781641083,9.2264371469400626
3.8174959106445314,8.7248879601782949,9.2263679369908491
3.8180531616210938,8.7248934421924815,9.2262987270416374
3.8186104125976561,8.7248989242066699,9.226229517092424
3.8191677246093749,8.7249044068212953,9.2261602995627126
3.8197249755859373,8.7249098888354837,9.2260910896134991
3.8202822265625,8.7249153708496703,9.2260218796642857
3.8208394775390624,8.7249208528638569,9.2259526697150722
3.8213967285156247,8.7249263348780453,9.2258834597658588
3.8219539794921875,8.7249318168922319,9.2258142498166471
3.8225112304687499,8.7249372989064184,9.2257450398674337
3.8230684814453126,8.7249427809206068,9.2256758299182202
3.823625732421875,8.7249482629347934,9.2256066199690068
3.8241829833984378,8.72495374494898,9.2255374100197933
3.8247402954101561,8.724959227563609,9.2254681924900819
3.8252975463867189,8.7249647095777938,9.2253989825408684
3.8258547973632813,8.7249701915919822,9.2253297725916568
3.8264120483398436,8.7249756736061688,9.2252605626424433
3.8269692993164064,8.7249811556203554,9.2251913526932299
3.8275265502929687,8.7249866376345437,9.2251221427440164
3.8280838012695311,8.7249921196487321,9.225052932794803
3.8286410522460939,8.7249976016629169,9.2249837228455895
3.8291983032226562,8.7250030836771053,9.2249145128963761
3.8297555541992185,8.7250085656912919,9.2248453029471644
3.8303128662109374,8.7250140483059191,9.224776085417453
3.8308701171875001,8.7250195303201057,9.2247068754682395
3.8314273681640625,8.7250250123342923,9.2246376655190261
3.8319846191406253,8.7250304943484807,9.2245684555698126
3.8325418701171876,8.725035976362669,9.2244992456205992
3.83309912109375,8.7250414583768556,9.2244300356713875
3.8336563720703127,8.7250469403910422,9.2243608257221741
3.8342136230468751,8.7250524224052306,9.2242916157729606
3.8347708740234374,8.7250579044194172,9.2242224058237472
3.8353281250000002,8.7250633864336038,9.2241531958745338
3.8358853759765625,8.7250688684477904,9.2240839859253221
3.8364426879882814,8.7250743510624176,9.2240147683956089
3.8369999389648437,8.7250798330766042,9.2239455584463972
3.837557189941406,8.7250853150907908,9.2238763484971837
3.8381144409179688,8.7250907971049791,9.2238071385479703
3.8386716918945312,8.7250962791191675,9.2237379285987569
3.8392289428710935,8.7251017611333541,9.2236687186495434
3.8397861938476563,8.7251072431475407,9.2235995087003317
3.8403434448242186,8.7251127251617273,9.2235302987511183
3.840900695800781,8.7251182071759157,9.2234610888019049
3.8414579467773438,8.7251236891901023,9.2233918788526914
3.8420152587890626,8.7251291718047295,9.22332266132298
3.8425725097656249,8.7251346538189161,9.2232534513737665
3.8431297607421877,8.7251401358331044,9.2231842414245531
3.84368701171875,8.725145617847291,9.2231150314753414
3.8442442626953124,8.7251510998614776,9.223045821526128
3.8448015136718752,8.725156581875666,9.2229766115769145
3.8453587646484375,8.7251620638898526,9.2229074016277011
3.8459160156249999,8.7251675459040392,9.2228381916784876
3.8464732666015626,8.7251730279182276,9.2227689817292742
3.847030517578125,8.7251785099324142,9.2226997717800625
3.8475878295898438,8.7251839925470414,9.2226305542503511
3.8481450805664061,8.725189474561228,9.2225613443011376
3.8487023315429685,8.7251949565754146,9.2224921343519242
3.8492595825195313,8.7252004385896029,9.2224229244027107
3.8498168334960936,8.7252059206037895,9.2223537144534973
3.8503740844726564,8.7252114026179761,9.2222845045042838
3.8509313354492187,8.7252168846321645,9.2222152945550722
3.8514885864257815,8.7252223666463511,9.2221460846058587
3.8520458374023439,8.7252278486605377,9.2220768746566453
3.8526030883789062,8.7252333306747261,9.2220076647074318
3.853160400390625,8.7252388132893515,9.2219384471777204
3.8537176513671874,8.7252442953035398,9.2218692372285069
3.8542749023437501,8.7252497773177264,9.2218000272792935
3.8548321533203125,8.725255259331913,9.2217308173300818
3.8553894042968748,8.7252607413461014,9.2216616073808684
3.8559466552734376,8.725266223360288,9.2215923974316549
3.8565039062499999,8.7252717053744746,9.2215231874824415
3.8570611572265623,8.725277187388663,9.2214539775332298
3.8576184082031251,8.7252826694028496,9.2213847675840164
3.8581756591796874,8.7252881514170362,9.2213155576348029
3.8587329101562498,8.7252936334312245,9.2212463476855895
3.859290222167969,8.72529911604585,9.221177130155878
3.8598474731445314,8.7253045980600383,9.2211079202066646
3.8604047241210937,8.7253100800742249,9.2210387102574511
3.8609619750976565,8.7253155620884133,9.2209695003082377
3.8615192260742188,8.7253210441025999,9.220900290359026
3.8620764770507812,8.7253300433733489,9.2208310804098126
3.8626337280273439,8.7253418380246792,9.2207618704605991
3.8631909790039063,8.7253536326760077,9.2206926605113857
3.8637482299804686,8.7253654273273362,9.2206234505621723
3.8643054809570314,8.7253772219786665,9.2205542406129588
3.8648627929687498,8.7253890179218523,9.2204850230832491
3.8654200439453126,8.7254008125731826,9.2204158131340357
3.8659772949218749,8.7254126072245111,9.2203466031848222
3.8665345458984373,8.7254244018758413,9.2202773932356088
3.867091796875,8.7254361965271716,9.2202060810548154
3.8676490478515624,8.7254479911785001,9.2201335859655451
3.8682062988281247,8.7254597858298286,9.2200610908762766
3.8687635498046875,8.7254715804811589,9.219988595787008
3.8693208007812498,8.7254833751324874,9.2199161006977377
3.8698780517578126,8.7254951697838177,9.219839962958579
3.8704353637695315,8.7255069657270035,9.2197631530596045
3.8709926147460938,8.7255187603783337,9.2196863515726228
3.8715498657226561,8.7255305550296622,9.2196095500856394
3.8721071166992189,8.7255423496809925,9.219532748598656
3.8726643676757813,8.725554144332321,9.2194559471116744
3.8732216186523436,8.7255659389836513,9.219379145624691
3.8737788696289064,8.7255777336349816,9.2193023441377093
3.8743361206054687,8.7255895282863101,9.2192255426507259
3.8748933715820311,8.7256013229376386,9.2191487411637443
3.8754506225585938,8.7256131175889688,9.2190719396767609
3.8760079345703122,8.7256249135321546,9.2189951297777863
3.876565185546875,8.7256367081834849,9.2189183282908047
3.8771224365234374,8.7256485028348134,9.2188415268038213
3.8776796875000001,8.7256602974861437,9.2187647253168397
3.8782369384765625,8.7256720921374722,9.2186879238298562
3.8787941894531253,8.7256838867888025,9.2186111223428728
3.8793514404296876,8.725695681440131,9.2185343208558912
3.8799086914062499,8.7257074760914612,9.2184575193689078
3.8804659423828127,8.7257192707427897,9.2183807178819261
3.8810231933593751,8.72573106539412,9.2183039163949427
3.8815804443359374,8.7257428600454503,9.2182271149079611
3.8821377563476562,8.7257546559886361,9.2181503050089866
3.8826950073242186,8.7257664506399664,9.2180735035220032
3.8832522583007814,8.7257782452912949,9.2179967020350198
3.8838095092773437,8.7257900399426234,9.2179199005480381
3.884366760253906,8.7258018345939536,9.2178430990610547
3.8849240112304688,8.7258136292452821,9.2177662975740731
3.8854812622070312,8.7258254238966124,9.2176894960870897
3.8860385131835935,8.7258372185479409,9.217612694600108
3.8865957641601563,8.7258490131992712,9.2175358931131246
3.8871530151367186,8.7258608078506015,9.217459091626143
3.8877103271484375,8.7258726037937873,9.2173822817271684
3.8882675781250002,8.7258843984451158,9.217305480240185
3.8888248291015626,8.725896193096446,9.2172286787532034
3.8893820800781249,8.7259079877477745,9.21715187726622
3.8899393310546877,8.7259197823991048,9.2170750757792383
3.89049658203125,8.7259315770504333,9.2169982742922549
3.8910538330078124,8.7259433717017636,9.2169214728052715
3.8916110839843752,8.7259551663530921,9.2168446713182899
3.8921683349609375,8.7259669610044224,9.2167678698313065
3.8927255859374998,8.7259787556557527,9.2166910683443248
3.8932828979492187,8.7259905515989367,9.2166142584453503
3.893840148925781,8.7260023462502669,9.2165374569583669
3.8943973999023438,8.7260141409015972,9.2164606554713853
3.8949546508789061,8.7260259355529257,9.2163838539844019
3.8955119018554685,8.726037730204256,9.2163070524974202
3.8960691528320313,8.7260495248555863,9.2162302510104368
3.8966264038085936,8.7260613195069148,9.2161534495234534
3.8971836547851564,8.7260731141582433,9.2160766480364718
3.8977409057617187,8.7260849088095735,9.2159998465494883
3.8982981567382815,8.726096703460902,9.2159230450625067
3.8988554687499999,8.7261084994040896,9.2158462351635322
3.8994127197265627,8.7261202940554181,9.2157694336765488
3.899969970703125,8.7261320887067484,9.2156926321895671
3.9005272216796874,8.7261438833580769,9.2156158307025837
3.9010844726562501,8.7261556780094072,9.2155390292156021
3.9016417236328125,8.7261674726607357,9.2154622277286187
3.9021989746093748,8.7261792673120659,9.2153854262416353
3.9027562255859376,8.7261910619633944,9.2153086247546536
3.9033134765624999,8.7262028566147247,9.2152318232676702
3.9038707275390623,8.7262146512660532,9.2151550217806886
3.9044279785156251,8.7262264459173835,9.2150782202937052
3.9049852905273439,8.7262382418605693,9.2150014103947306
3.9055425415039062,8.7262500365118996,9.214924608907749
3.906099792480469,8.7262618311632281,9.2148478074207656
3.9066570434570314,8.7262736258145566,9.214771005933784
3.9072142944335937,8.7262854204658868,9.2146942044468005
3.9077715454101565,8.7262972151172171,9.2146174029598171
3.9083287963867188,8.7263090097685456,9.2145406014728355
3.9088860473632812,8.7263208044198759,9.2144637999858539
3.9094432983398439,8.7263325990712044,9.2143869984988704
3.9100005493164063,8.7263443937225347,9.214310197011887
3.9105578613281251,8.7263561896657205,9.2142333871129125
3.9111151123046874,8.7263679843170507,9.2141565856259309
3.9116723632812498,8.72637118275604,9.2140797841389475
3.9122296142578126,8.7263689171758454,9.2140029826519658
3.9127868652343749,8.7263775472999328,9.2139261811649824
3.9133441162109373,8.726389915031918,9.2138493796780008
3.9139013671875,8.7264109333262994,9.2137725781910174
3.9144586181640624,8.7264330598219324,9.2136957767040357
3.9150158691406252,8.7264551863175654,9.2136189752170523
3.9155731201171875,8.7264773128131985,9.2135421737300689
3.9161304321289063,8.7264994417323258,9.2134653638310944
3.9166876831054687,8.7265215682279589,9.2133885623441127
3.9172449340820314,8.7265436947235919,9.2133117608571293
3.9178021850585938,8.726565821219225,9.2132349593701477
3.9183594360351561,8.726587947714858,9.2131581578831643
3.9189166870117189,8.7266100742104911,9.2130813563961809
3.9194739379882813,8.7266322007061241,9.2130045549091992
3.9200311889648436,8.7266543272017572,9.2129277534222176
3.9205884399414064,8.7266764536973902,9.2128509519352342
3.9211456909179687,8.7266985801930232,9.2127741504482508
3.9217030029296875,8.7267207091121488,9.2126973405492762
3.9222602539062499,8.7267428356077819,9.2126205390622946
3.9228175048828122,8.7267649621034149,9.2125437375753112
3.923374755859375,8.7267870885990479,9.2124669360883296
3.9239320068359373,8.726809215094681,9.2123901346013461
3.9244892578125001,8.726831341590314,9.2123133331143645
3.9250465087890625,8.7268534680859471,9.2122365316273811
3.9256037597656253,8.7268755945815801,9.2121597301403995
3.9261610107421876,8.7268977210772132,9.212082928653416
3.9267182617187499,8.7269198475728462,9.2120061271664326
3.9272755126953127,8.7269419740684793,9.211929325679451
3.9278328247070311,8.7269641029876048,9.2118525157804765
3.9283900756835939,8.7269862294832379,9.2117757142934931
3.9289473266601562,8.7270083559788709,9.2116989128065114
3.9295045776367186,8.727030482474504,9.211622111319528
3.9300618286132813,8.727052608970137,9.2115453098325446
3.9306190795898437,8.7270747354657701,9.211468508345563
3.931176330566406,8.7270968619614031,9.2113917068585813
3.9317335815429688,8.7271189884570362,9.2113149053715979
3.9322908325195312,8.7271411149526692,9.2112381038846145
3.9328480834960935,8.7271632414483022,9.2111613023976329
3.9334053955078128,8.7271853703674296,9.2110844924986583
3.9339626464843751,8.7272074968630626,9.2110076910116749
3.9345198974609374,8.7272296233586957,9.2109308895246933
3.9350771484375002,8.7272517498543287,9.2108540880377099
3.9356343994140626,8.7272738763499618,9.2107772865507282
3.9361916503906249,8.7272960028455948,9.2107004850637448
3.9367489013671877,8.7273181293412279,9.2106236835767632
3.93730615234375,8.7273402558368609,9.2105468820897798
3.9378634033203124,8.727362382332494,9.2104700806027964
3.9384206542968752,8.727384508828127,9.2103932791158147
3.9389779663085935,8.7274066377472526,9.2103164692168402
3.9395352172851563,8.7274287642428856,9.2102396677298568
3.9400924682617187,8.7274508907385187,9.2101628662428752
3.940649719238281,8.7274730172341517,9.2100860647558918
3.9412069702148438,8.7274951437297847,9.2100092632689101
3.9417642211914061,8.7275172702254178,9.2099324617819267
3.9423214721679689,8.7275393967210508,9.2098556602949451
3.9428787231445312,8.7275615232166839,9.2097788588079617
3.9434359741210936,8.7275836497123169,9.2097020573209782
3.9439932250976564,8.72760577620795,9.2096252558339966
3.9445505371093752,8.7276279051270773,9.2095484459350221
3.9451077880859375,8.7276500316227086,9.2094716444480387
3.9456650390624999,8.7276721581183416,9.209394842961057
3.9462222900390627,8.7276942846139747,9.2093180414740736
3.946779541015625,8.7277164111096077,9.209241239987092
3.9473367919921873,8.7277385376052408,9.2091644385001086
3.9478940429687501,8.7277606641008738,9.2090876370131269
3.9484512939453125,8.7277827905965069,9.2090108355261435
3.9490085449218748,8.7278049170921399,9.2089340340391619
3.9495657958984376,8.7278270435877729,9.2088572325521785
3.950123107910156,8.7278491725069003,9.208780422653204
3.9506803588867188,8.7278712990025333,9.2087036211662205
3.9512376098632811,8.7278934254981664,9.2086268196792389
3.9517948608398439,8.7279155519937994,9.2085500181922555
3.9523521118164062,8.7279376784894325,9.2084732167052739
3.952909362792969,8.7279598049850655,9.2083964152182904
3.9534666137695313,8.7279819314806986,9.2083196137313088
3.9540238647460937,8.7280040579763316,9.2082428122443254
3.9545811157226565,8.7280261844719647,9.2081660107573438
3.9551383666992188,8.7280483109675959,9.2080892092703603
3.9556956176757812,8.728070437463229,9.2080124077833787
3.9562529296875,8.7280925663823563,9.2079355978844024
3.9568101806640623,8.7281146928779894,9.2078587963974208
3.9573674316406251,8.7281368193736224,9.2077819949104374
3.9579246826171874,8.7281589458692554,9.2077051934234557
3.9584819335937498,8.7281810723648885,9.2076283919364723
3.9590391845703126,8.7282031988605215,9.2075515904494907
3.9595964355468749,8.7282253253561546,9.2074747889625073
3.9601536865234372,8.7282474518517876,9.2073979874755256
3.9607109375,8.7282695783474207,9.2073211859885422
3.9612681884765624,8.7282917048430537,9.2072443845015606
3.9618255004882812,8.7283138337621793,9.2071675746025861
3.962382751464844,8.7283359602578123,9.2070907731156026
3.9629400024414063,8.7283580867534454,9.2070139716286192
3.9634972534179687,8.7283802132490784,9.2069371701416376
3.9640545043945314,8.7284023397447115,9.2068603686546542
3.9646117553710938,8.7284244662403445,9.2067835671676725
3.9651690063476561,8.7284465927359776,9.2067067656806891
3.9657262573242189,8.7284687192316106,9.2066299641937075
3.9662835083007812,8.7284908457272437,9.2065531627067241
3.9668407592773436,8.7285129722228767,9.2064763612197424
3.9673980712890624,8.728535101142004,9.2063995513207679
3.9679553222656248,8.7285572276376371,9.2063227498337845
3.9685125732421875,8.7285793541332701,9.2062459483468011
3.9690698242187499,8.7286014806289032,9.2061691468598195
3.9696270751953127,8.7286236071245344,9.206092345372836
3.970184326171875,8.7286457336201675,9.2060155438858544
3.9707415771484373,8.7286678601158023,9.205938742398871
3.9712988281250001,8.7286899866114354,9.2058619409118894
3.9718560791015625,8.7287121131070666,9.2057851394249059
3.9724133300781252,8.7287342396027015,9.2057083379379243
3.9729706420898436,8.728756368521827,9.2056315280389498
3.9735278930664064,8.7287784950174601,9.2055547265519664
3.9740851440429688,8.7288006215130931,9.205477925064983
3.9746423950195311,8.7288227480087262,9.2054011235780013
3.9751996459960939,8.7288448745043592,9.2053243220910179
3.9757568969726562,8.7288670009999922,9.2052475206040363
3.9763141479492186,8.7288891274956253,9.2051707191170529
3.9768713989257813,8.7289112539912583,9.2050939176300712
3.9774286499023437,8.7289333804868914,9.2050171161430878
3.977985900878906,8.7289555069825226,9.2049347251082256
3.9785431518554688,8.7289776334781575,9.2048510291589949
3.9791004638671876,8.728999762397283,9.2047697022077042
3.97965771484375,8.7290218888929161,9.2046942318040834
3.9802149658203128,8.7290440153885491,9.2046187614004626
3.9807722167968751,8.7290661418841822,9.2045282686608569
3.9813294677734374,8.7290882683798152,9.2044330275108628
3.9818867187500002,8.7291103948754483,9.2043377863608686
3.9824439697265626,8.7291325213710813,9.2042425452108727
3.9830012207031249,8.7291546478667144,9.2041473040608786
3.9835584716796877,8.7291767743623474,9.2040520629108844
3.98411572265625,8.7291989008579804,9.2039568217608903
3.9846730346679688,8.7292210297771078,9.2038615701792263
3.9852302856445312,8.7292431562727408,9.2037663290292322
3.9857875366210935,8.7292652827683739,9.203671087879238
3.9863447875976563,8.7292874092640069,9.2035758467292421
3.9869020385742187,8.7293095357596382,9.203480605579248
3.987459289550781,8.729331662255273,9.2033853644292538
3.9880165405273438,8.7293537887509061,9.2032901232792597
3.9885737915039061,8.7293759152465391,9.2031948821292655
3.9891310424804689,8.7293980417421704,9.2030996409792714
3.9896882934570312,8.7294201682378034,9.2030043998292772
3.9902456054687501,8.7294422971569308,9.2029091482476115
3.9908028564453124,8.7294644236525638,9.2028139070976174
3.9913601074218752,8.7294865501481969,9.2027186659476232
3.9919173583984375,8.7295086766438299,9.2026234247976291
3.9924746093749999,8.7295308031394629,9.2025281836476349
3.9930318603515627,8.7295529296350942,9.2024329424976408
3.993589111328125,8.729575056130729,9.2023377013476466
3.9941463623046873,8.7295971826263621,9.2022424601976525
3.9947036132812501,8.7296193091219934,9.2021472190476565
3.9952608642578125,8.7296414356176264,9.2020519778976642
3.9958181762695313,8.7296635645367537,9.2019567263159985
3.9963754272460936,8.7296856910323868,9.2018614851660043
3.9969326782226564,8.7297096833815591,9.2017662440160102
3.9974899291992188,8.7297604960740323,9.201671002866016
3.9980471801757811,8.7298113087665072,9.2015757617160219
3.9986044311523439,8.7298466787846358,9.2014805205660277
3.9991616821289062,8.7298807627194517,9.2013852794160336
3.999718933105469,8.7299148466542658,9.2012900382660376
4.0002761840820309,8.7299489305890816,9.2011947971160435
4.0008334350585937,8.7299830145238957,9.2010995559660493
4.0013906860351565,8.7300170984587115,9.2010043148160552
4.0019479980468748,8.7300511861267065,9.2009090632343913
4.0025052490234376,8.7300852700615224,9.2008138220843954
4.0030625000000004,8.7301193539963382,9.200718580934403
4.0036197509765623,8.7301534379311523,9.2006233397844071
4.0041770019531251,8.7301875218659681,9.2005280986344129
4.004734252929687,8.7302216058007822,9.2004328574844187
4.0052915039062498,8.7302556897355963,9.2003376163344246
4.0058487548828126,8.7302897736704139,9.2002423751844304
4.0064060058593753,8.730323857605228,9.2001471340344363
4.0069632568359372,8.7303579415400421,9.2000518928844421
4.0075205688476565,8.7303920292080388,9.1999566413027765
4.0080778198242193,8.7304261131428529,9.1998614001527823
4.0086350708007812,8.7304601970776687,9.1997661590027882
4.009192321777344,8.7304942810124828,9.199670917852794
4.0097495727539059,8.7305283649472987,9.1995756767027999
4.0103068237304687,8.7305624488821127,9.1994804355528057
4.0108640747070314,8.7305965328169286,9.1993851944028115
4.0114213256835942,8.7306306167517445,9.1992899532528174
4.0119785766601561,8.7306647006865585,9.1991947121028215
4.0125358276367189,8.7306987846213744,9.1990994709528273
4.0130931396484373,8.7307328722893693,9.1990042193711634
4.0136503906250001,8.7307669562241834,9.1989089782211693
4.014207641601562,8.7308010401589993,9.1988137370711751
4.0147648925781247,8.7308351240938151,9.198718495921181
4.0153221435546875,8.7308692080286292,9.1986232547711868
4.0158793945312503,8.7309032919634451,9.1985280136211909
4.0164366455078122,8.7309373758982609,9.1984327724711967
4.016993896484375,8.730971459833075,9.1983375313212026
4.0175511474609378,8.7310055437678891,9.1982422901712084
4.0181083984374997,8.7310396277027067,9.1981470490212143
4.0186657104492189,8.7310737153706999,9.1980517974395504
4.0192229614257808,8.7311077993055157,9.1979565562895562
4.0197802124023436,8.7311418832403316,9.1978613151395621
4.0203374633789064,8.7311759671751457,9.1977660739895661
4.0208947143554692,8.7312100511099615,9.197670832839572
4.0214519653320311,8.7312441350447756,9.1975755916895778
4.0220092163085939,8.7312782189795914,9.1974803505395837
4.0225664672851558,8.7313123029144073,9.1973851093895895
4.0231237182617186,8.7313463868492214,9.1972898682395954
4.0236809692382813,8.7313804707840372,9.1971946270896012
4.0242382812499997,8.7314145584520322,9.1970993755079355
4.0247955322265625,8.731448642386848,9.1970041343579414
4.0253527832031253,8.7314827263216621,9.1969088932079472
4.0259100341796872,8.7315168102564762,9.1968136520579531
4.02646728515625,8.731550894191292,9.1967184109079589
4.0270245361328127,8.7315849781261079,9.1966231697579648
4.0275817871093746,8.731619062060922,9.1965279286079706
4.0281390380859374,8.7316531459957378,9.1964326874579747
4.0286962890625002,8.7316872299305537,9.1963374463079823
4.029253540039063,8.7317213138653678,9.1962422051579864
4.0298107910156249,8.7317553978001836,9.1961469640079923
4.0303680419921877,8.7317894817349977,9.1960517228579981
4.0309252929687496,8.7318235656698135,9.1959564817080039
4.0314825439453124,8.7318576496046294,9.1958612405580098
4.0320397949218751,8.7318917335394435,9.1957659994080156
4.0325970458984379,8.7319258174742593,9.1956707582580215
4.0331544189453128,8.7319599088754352,9.1955754962446861
4.0337116699218747,8.7319939928102492,9.1954802550946919
4.0342689208984375,8.7320280767450633,9.1953850139446978
4.0348261718750003,8.7320621606798792,9.1952897727947036
4.035383422851563,8.732096244614695,9.1951945316447095
4.0359406738281249,8.7321303285495091,9.1950992904947135
4.0364979248046877,8.732164412484325,9.1950040493447194
4.0370551757812496,8.7321984964191408,9.1949088081947252
4.0376124267578124,8.7322325803539549,9.1948135670447311
4.0381696777343752,8.7322666642887707,9.1947183258947369
4.038726928710938,8.7323007482235848,9.1946230847447428
4.0392841796874999,8.7323348321584007,9.1945278435947486
4.0398414306640626,8.7323689160932165,9.1944326024447545
4.0403986816406245,8.7324030000280306,9.1943373612947603
4.0409559326171873,8.7324370839628465,9.1942421201447662
4.0415131835937501,8.7324711678976605,9.194146878994772
4.0420704345703129,8.7325052518324764,9.1940516378447761
4.0426276855468748,8.7325393357672905,9.1939563966947819
4.0431849365234376,8.7325734197021063,9.1938611555447878
4.0437421874999995,8.7326075036369204,9.1937659143947936
4.0442995605468752,8.7326415950380962,9.1936706523814582
4.044856811523438,8.7326756789729121,9.193575411231464
4.0454140624999999,8.7327097629077262,9.1934801700814699
4.0459713134765627,8.732743846842542,9.1933849289314757
4.0465285644531246,8.7327779307773579,9.1932896877814816
4.0470858154296874,8.7328120147121719,9.1931944466314874
4.0476430664062502,8.7328460986469878,9.1931077511688777
4.0482003173828129,8.7328801825818019,9.1930338815080823
4.0487575683593748,8.7329142665166177,9.1929600118472869
4.0493148193359376,8.7329483504514336,9.1928861421864916
4.0498720703124995,8.7329824343862477,9.1928122725256962
4.0504293212890623,8.7330165183210617,9.1927384028649008
4.0509865722656251,8.7330506022558776,9.1926645332041055
4.0515438232421879,8.7330846861906934,9.1925906635433101
4.0521010742187498,8.7331187701255075,9.1925167938825147
4.0526583251953125,8.7331528540603234,9.1924429242217194
4.0532155761718744,8.7331869379951392,9.192369054560924
4.0537728271484372,8.7332210219299533,9.1922951849001286
4.054330078125,8.7332551058647692,9.1922213152393333
4.0548873291015628,8.733289189799585,9.1921474455785379
4.0554445800781247,8.7333232737343991,9.1920735759177425
4.0560019531249996,8.7333573651355749,9.1919996900752032
4.0565592041015623,8.733391449070389,9.1919258204144079
4.0571164550781251,8.7334255330052049,9.1918519507536125
4.0576737060546879,8.7334596169400207,9.1917780810928171
4.0582309570312498,8.7334937008748348,9.1917042114320218
4.0587882080078126,8.7335277848096489,9.1916303417712264
4.0593454589843745,8.7335618687444647,9.191556472110431
4.0599027099609373,8.7335959526792806,9.1914826024496357
4.0604599609375001,8.7336300366140946,9.1914087327888403
4.0610172119140628,8.7336641205489105,9.1913348631280449
4.0615744628906247,8.7336982044837264,9.1912609934672496
4.0621317138671875,8.7337322884185404,9.1911871238064542
4.0626889648437503,8.7337663723533563,9.1911132541456588
4.0632462158203122,8.7338004562881704,9.1910393844848635
4.063803466796875,8.7338345402229862,9.1909655148240681
4.0643607177734378,8.7338686241578003,9.1908916451632727
4.0649179687500006,8.7339027080926162,9.1908177755024774
4.0654752197265625,8.733936792027432,9.190743905841682
4.0660324707031252,8.7339708759622461,9.1906700361808866
4.0665897216796871,8.7340049598970619,9.1905961665200913
4.0671470947265629,8.7340390512982378,9.1905222806775519
4.0677043457031248,8.7340731352330518,9.1904484110167566
4.0682615966796876,8.7341072191678677,9.1903745413559612
4.0688188476562495,8.7341413031026818,9.1903006716951658
4.0693760986328122,8.7341753870374976,9.1902268020343705
4.069933349609375,8.7342094709723135,9.1901529323735751
4.0704906005859378,8.7342435549071276,9.1900790627127797
4.0710478515624997,8.7342776388419434,9.1900051930519844
4.0716051025390625,8.7343117227767575,9.189931323391189
4.0721623535156253,8.7343458067115733,9.1898574537303936
4.0727196044921872,8.7343798906463874,9.1897835840695983
4.07327685546875,8.7344139745812033,9.1897097144088029
4.0738341064453127,8.7344480585160191,9.1896358447480075
4.0743913574218755,8.7344821424508332,9.1895619750872122
4.0749486083984374,8.7345162263856491,9.1894881054264168
4.0755058593750002,8.7345503103204631,9.1894142357656214
4.0760631103515621,8.734584394255279,9.1893403661048261
4.0766203613281249,8.7346184781900948,9.1892664964440307
4.0771776123046877,8.7346525621249089,9.1891926267832353
4.0777348632812505,8.7346866460597248,9.18911875712244
4.0782921142578124,8.7347207299945389,9.1890448874616446
4.0788494873046872,8.7347548213957147,9.1889710016191053
4.07940673828125,8.7347889053305288,9.1888971319583099
4.0799639892578128,8.7348229892653464,9.1888232622975146
4.0805212402343747,8.7348570732001605,9.1887493926367192
4.0810784912109375,8.7348911571349745,9.1886755229759238
4.0816357421875002,8.7349252410697904,9.1886016533151285
4.0821929931640621,8.7349593250046063,9.1885277836543331
4.0827502441406249,8.7349934089394203,9.1884539139935377
4.0833074951171877,8.7350253202255868,9.1883800443327424
4.0838647460937505,8.7350496107562172,9.188306174671947
4.0844219970703124,8.7350739012868477,9.1882323050111516
4.0849792480468752,8.7351084813182815,9.1881584353503563
4.0855364990234371,8.7351451823450912,9.1880845656895609
4.0860937499999999,8.7351851895368924,9.1880106960287655
4.0866510009765626,8.7352293736504674,9.1879368263679702
4.0872082519531254,8.7352735577640424,9.1878629567071748
4.0877655029296873,8.7353177418776173,9.1877890870463794
4.0883227539062501,8.7353619259911923,9.1877152173855841
4.088880004882812,8.7354061101047673,9.1876413477247887
4.0894372558593748,8.7354502942183441,9.1875674780639933
4.0899946289062505,8.7354944880108043,9.187493592221454
4.0905518798828124,8.7355386721243793,9.1874197225606586
4.0911091308593752,8.7355828562379543,9.1873458528998633
4.0916663818359371,8.7356270403515293,9.1872719832390679
4.0922236328124999,8.7356712244651042,9.1871981135782725
4.0927808837890627,8.735715408578681,9.1871162980933327
4.0933381347656255,8.735759592692256,9.1870261463795906
4.0938953857421874,8.735803776805831,9.1869359946658502
4.0944526367187501,8.735847960919406,9.186845842952108
4.095009887695312,8.7358921450329809,9.1867556912383659
4.0955671386718748,8.7359363291465559,9.1866638489835388
4.0961243896484376,8.7359805132601309,9.1865689148267773
4.0966816406250004,8.7360246973737059,9.186473980670014
4.0972388916015623,8.7360688814872827,9.1863790465132507
4.0977961425781251,8.7361130656008577,9.1862841123564891
4.098353393554687,8.7361572497144326,9.1861891781997258
4.0989106445312498,8.7362014338280076,9.1860942440429625
4.0994678955078125,8.7362456179415826,9.1859993098861992
4.1000251464843753,8.7362898020551576,9.1859043757294359
4.1005823974609372,8.7363339861687326,9.1858094415726743
4.1011396484375,8.7363781702823076,9.185714507415911
4.1016970214843749,8.7364223640747696,9.1856195524630575
4.1022542724609377,8.7364665481883446,9.1855246183062942
4.1028115234375004,8.7365107323019195,9.1854296841495309
4.1033687744140623,8.7365549164154945,9.1853347499927693
4.1039260253906251,8.7365991005290713,9.185239815836006
4.104483276367187,8.7366432846426463,9.1851448816792427
4.1050405273437498,8.7366874687562195,9.1850499475224794
4.1055977783203126,8.7367316528697962,9.1849550133657178
4.1061550292968754,8.7367758369833712,9.1848600792089545
4.1067122802734373,8.7368200210969462,9.1847651450521912
4.10726953125,8.7368642052105212,9.1846702108954279
4.1078267822265619,8.7369083893240962,9.1845752767386664
4.1083840332031247,8.7369525734376712,9.184480342581903
4.1089412841796875,8.7369967575512462,9.1843854084251397
4.1094985351562503,8.7370409416648229,9.1842904742683764
4.1100557861328122,8.7370851257783979,9.1841955401116149
4.110613037109375,8.7371293098919729,9.1841006059548516
4.1111702880859378,8.7371734940055479,9.1840056717980882
4.1117275390624997,8.7372176781191229,9.1839107376413267
4.1122847900390624,8.7372618622326979,9.1838158034845634
4.1128421630859373,8.7373060560251581,9.1837208485317081
4.1133994140625001,8.7373502401387348,9.1836259143749466
4.113956665039062,8.7373944242523098,9.1835309802181833
4.1145139160156248,8.7374386083658848,9.1834360460614199
4.1150711669921876,8.7374827924794598,9.1833411119046566
4.1156284179687503,8.7375269765930348,9.1832461777478951
4.1161856689453122,8.7375711607066098,9.1831512435911318
4.116742919921875,8.7376153448201848,9.1830563094343685
4.1173001708984378,8.7376595289337615,9.1829613752776051
4.1178574218749997,8.7377037130473347,9.1828664411208436
4.1184146728515625,8.7377478971609115,9.1827715069640803
4.1189719238281253,8.7377920812744865,9.182676572807317
4.1195291748046881,8.7378362653880615,9.1825816386505537
4.12008642578125,8.7378804495016364,9.1824867044937921
4.1206436767578127,8.7379246336152114,9.1823917703370288
4.1212009277343746,8.7379688177287882,9.1822968361802655
4.1217581787109374,8.7380130018423632,9.1822019020235039
4.1223154296875002,8.7380571859559382,9.1821069678667406
4.122872680664063,8.7381013700695114,9.1820120337099773
4.1234299316406249,8.7381455541830881,9.181917099553214
4.1239871826171877,8.7381897382966631,9.1818221653964525
4.1245445556640625,8.7382339320891251,9.1817272104435972
4.1251018066406253,8.7382781162027001,9.1816322762868339
4.1256590576171872,8.7383223003162751,9.1815373421300723
4.12621630859375,8.7383664844298501,9.181442407973309
4.1267735595703128,8.7384106685434251,9.1813474738165457
4.1273308105468747,8.7384548526570001,9.1812525396597842
4.1278880615234375,8.7384990367705768,9.1811576055030208
4.1284453125000002,8.73854322088415,9.1810626713462575
4.129002563476563,8.7385874049977268,9.1809677371894942
4.1295598144531249,8.7386315891113,9.1808728030327309
4.1301170654296877,8.7386757732248768,9.1807778688759694
4.1306743164062496,8.7387199573384517,9.180682934719206
4.1312315673828124,8.7387641414520267,9.1805880005624427
4.1317888183593752,8.7388083255656017,9.1804930664056812
4.132346069335938,8.7388525096791767,9.1803981322489179
4.1329033203124999,8.7388966937927535,9.1803031980921546
4.1334605712890626,8.7389408779063267,9.1802082639353912
4.1340178222656245,8.7389850620199034,9.1801133297786297
4.1345750732421873,8.7390292461334766,9.1800183956218664
4.1351323242187501,8.7390734302470534,9.1799234614651031
4.135689697265625,8.7391176240395136,9.1798285065122496
4.1362469482421877,8.7391618081530886,9.1797335723554863
4.1368041992187496,8.7392059922666654,9.1796386381987229
4.1373614501953124,8.7392501763802386,9.1795437040419614
4.1379187011718752,8.7392943604938154,9.1794487698851981
4.138475952148438,8.7393385446073903,9.1793538357284348
4.1390332031249999,8.7393827287209653,9.1792589015716715
4.1395904541015627,8.7394269128345403,9.1791639674149099
4.1401477050781246,8.7394710969481153,9.1790690332581466
4.1407049560546874,8.7395152810616921,9.1789740991013833
4.1412622070312501,8.7395594651752653,9.17887916494462
4.1418194580078129,8.739603649288842,9.1787842307878584
4.1423767089843748,8.739647833402417,9.1786892966310951
4.1429339599609376,8.739692017515992,9.1785943624743318
4.1434912109374995,8.739736201629567,9.1784994283175685
4.1440484619140623,8.739780385743142,9.1784044941608069
4.1446057128906251,8.739824569856717,9.1783095600040436
4.1451629638671879,8.7398687539702919,9.1782146258472803
4.1457202148437498,8.7399129380838687,9.1781196916905188
4.1462774658203125,8.7399571221974419,9.1780247575337555
4.1468347167968753,8.7400013063110187,9.1779298233769921
4.1473920898437502,8.7400455001034789,9.1778348684241386
4.147949340820313,8.7400896842170539,9.1777399342673753
4.1485065917968749,8.7401338683306289,9.177645000110612
4.1490638427734376,8.7401780524442039,9.1775500659538487
4.1496210937499995,8.7402222365577806,9.1774551317970872
4.1501783447265623,8.7402664206713538,9.1773601976403238
4.1507355957031251,8.7403106047849306,9.1772652634835605
4.1512928466796879,8.7403547888985056,9.1771703293267972
4.1518500976562498,8.7403989730120806,9.1770753951700357
4.1524073486328126,8.7404431571256556,9.1769804610132724
4.1529645996093745,8.7404873412392305,9.176885526856509
4.1535218505859373,8.7405315253528073,9.1767905926997457
4.1540791015625,8.7405757094663823,9.1766956585429842
4.1546363525390628,8.7406198935799573,9.1766007243862209
4.1551936035156247,8.7406640776935323,9.1765057902294576
4.1557508544921875,8.7407082618071072,9.176410856072696
4.1563081054687503,8.7407524459206822,9.1763159219159327
4.1568653564453122,8.7407966300342572,9.1762209877591694
4.157422607421875,8.740840814147834,9.1761260536024061
4.1579798583984378,8.7408849982614072,9.1760311194456428
4.1585372314453126,8.7409291920538692,9.1759361644927893
4.1590944824218745,8.7409733761674442,9.1758412303360259
4.1596517333984373,8.7410175602810192,9.1757462961792644
4.1602089843750001,8.7410617443945942,9.1756513620225011
4.1607662353515629,8.7411059285081691,9.1755564278657378
4.1613234863281248,8.7411501126217459,9.1754614937089762
4.1618807373046875,8.7411942967353209,9.1753665595522129
4.1624379882812494,8.7412384808488959,9.1752716253954496
4.1629952392578122,8.7412826649624709,9.1751766912386863
4.163552490234375,8.7413268490760458,9.175081757081923
4.1641097412109378,8.7413710331896208,9.1749868229251614
4.1646669921874997,8.7414152173031958,9.1748918887683981
4.1652242431640625,8.7414594014167726,9.1747969546116348
4.1657814941406253,8.7415035855303458,9.1747020204548733
4.1663387451171872,8.7415477696439208,9.1746070862981099
4.1668959960937499,8.7415919537574975,9.1745121521413466
4.1674532470703127,8.7416361378710725,9.1744172179845833
4.1680104980468755,8.7416803219846475,9.1743222838278218
4.1685677490234374,8.7417245060982225,9.1742273496710585
4.1691250000000002,8.7417686902117975,9.1741324155142951
4.1696822509765621,8.7418128743253725,9.1740374813575336
4.1702396240234378,8.7418570681178345,9.1739425264046783
4.1707968749999997,8.7419012522314095,9.173847592247915
4.1713541259765625,8.7419454363449844,9.1737526580911535
4.1719113769531253,8.7419896204585594,9.1736577239343902
4.1724686279296872,8.7420338045721344,9.1735627897776268
4.17302587890625,8.7420779886857112,9.1734678556208635
4.1735831298828128,8.7421221727992844,9.173372921464102
4.1741403808593756,8.7421663569128611,9.1732779873073387
4.1746976318359375,8.7422105410264361,9.1731830531505754
4.1752548828125002,8.7422547251400111,9.173088118993812
4.1758121337890621,8.7422989092535861,9.1729931848370505
4.1763693847656249,8.7423430933671611,9.1728982506802872
4.1769266357421877,8.7423872774807361,9.1728033165235239
4.1774838867187505,8.7424314615943111,9.1727083823667606
4.1780411376953124,8.7424756457078878,9.172613448209999
4.1785983886718752,8.742519829821461,9.1725185140532357
4.1791556396484371,8.7425640139350378,9.1724235798964724
4.1797128906249998,8.7426081980486128,9.1723286457397109
4.1802701416015626,8.7426523821621878,9.1722337115829475
4.1808273925781254,8.7426965662757627,9.1721387774261842
4.1813847656250003,8.742740760068223,9.1720438224733307
4.1819420166015622,8.7427849441817997,9.1719488883165674
4.182499267578125,8.7428291282953747,9.1718539541598041
4.1830565185546877,8.7428733124089497,9.1717590200030408
4.1836137695312505,8.7429174965225247,9.1716640858462792
4.1841710205078124,8.7429616806360997,9.1715691516895159
4.1847282714843752,8.7430058647496747,9.1714742175327526
4.1852855224609371,8.7430500488632497,9.1713792833759911
4.1858427734374999,8.7430942329768264,9.1712843492192277
4.1864000244140627,8.7431384170903996,9.1711894150624644
4.1869572753906255,8.7431911435118383,9.1710944809057011
4.1875145263671874,8.7432585641207243,9.1709995467489378
4.1880717773437501,8.7433259847296121,9.1709046125921763
4.188629028320312,8.7433805564509335,9.1708096784354129
4.1891862792968748,8.7434333694101767,9.1707147442786496
4.1897435302734376,8.7434861823694181,9.1706198101218881
4.1903007812500004,8.7435389953286595,9.1705248759651248
4.1908580322265623,8.7435918082879027,9.1704299418083615
4.1914152832031251,8.7436446212471459,9.1703350076515981
4.191972534179687,8.7436974342063873,9.1702400734948366
4.1925297851562497,8.7437502471656305,9.1701451393380733
4.1930871582031255,8.7438030716939767,9.170050184385218
4.1936444091796874,8.7438558846532182,9.1699552502284565
4.1942016601562502,8.7439086976124614,9.1698603160716932
4.1947589111328121,8.7439615105717046,9.1697653819149298
4.1953161621093749,8.744014323530946,9.1696704477581683
4.1958734130859376,8.7440671364901892,9.169575513601405
4.1964306640625004,8.7441199494494306,9.1694805794446417
4.1969879150390623,8.7441727624086738,9.1693856452878784
4.1975451660156251,8.744225575367917,9.1692907111311168
4.198102416992187,8.7442783883271584,9.1691957769743535
4.1986596679687498,8.7443312012864016,9.1691008428175902
4.1992169189453126,8.744384014245643,9.1690059086608269
4.1997741699218754,8.7444368272048862,9.1689109745040653
4.2003314208984373,8.7444896401641294,9.168816040347302
4.200888671875,8.7445424531233709,9.1687211061905387
4.2014459228515628,8.7445952660826141,9.1686261720337754
4.2020031738281247,8.7446480790418555,9.1685312378770139
4.2025604248046875,8.7447008920010987,9.1684363037202505
4.2031176757812503,8.7447537049603419,9.1683413695634872
4.2036749267578122,8.7448065179195833,9.1682464354067257
4.204232299804687,8.7448593424479295,9.1681514804538704
4.2047895507812498,8.7449121554071727,9.1680565462971071
4.2053468017578126,8.7449649683664141,9.1679616121403456
4.2059040527343754,8.7450177813256573,9.1678666779835822
4.2064613037109373,8.7450705942848987,9.1677717438268189
4.2070185546875001,8.7451234072441419,9.1676768096700556
4.207575805664062,8.7451762202033834,9.1675818755132941
4.2081330566406248,8.7452290331626266,9.1674869413565307
4.2086903076171875,8.7452818461218698,9.1673891113995065
4.2092475585937503,8.7453346590811112,9.1672852542657282
4.2098048095703122,8.7453874720403526,9.167181397131948
4.210362060546875,8.7454402849995958,9.1670729775554225
4.2109193115234378,8.745493097958839,9.166971416141811
4.2114765624999997,8.7455459109180804,9.1668746193544859
4.2120338134765625,8.7455987238773236,9.1667778751849998
4.2125910644531253,8.7456515368365668,9.1666811310155136
4.213148315429688,8.7457043497958082,9.1665843868460257
4.2137055664062499,8.7457571627550514,9.1664876426765396
4.2142628173828127,8.7458099757142929,9.1663908985070535
4.2148200683593746,8.7458627886735361,9.1662941543375673
4.2153773193359374,8.7459156016327775,9.1661974101680812
4.2159346923828123,8.7459684261611255,9.1661006448060043
4.216491943359375,8.7460212391203669,9.1660039006365182
4.2170491943359369,8.7460740520796101,9.165907156467032
4.2176064453124997,8.7461268650388533,9.1658104122975459
4.2181636962890625,8.7461796779980947,9.1657136681280598
4.2187209472656253,8.7462324909573361,9.1656169239585719
4.2192781982421872,8.7462853039165793,9.1655201797890857
4.21983544921875,8.7463381168758225,9.1654234356195996
4.2203927001953128,8.7463909298350639,9.1653266914501117
4.2209499511718747,8.7464437427943054,9.1652299472806256
4.2215072021484374,8.7464965557535486,9.1651332031111394
4.2220644531250002,8.7465493687127918,9.1650364589416533
4.222621704101563,8.746602181672035,9.1649397147721672
4.2231789550781249,8.7466549946312764,9.164842970602681
4.2237362060546877,8.7467078075905196,9.1647462264331931
4.2242934570312496,8.746760620549761,9.164649482263707
4.2248507080078124,8.7468134335090042,9.1645527380942209
4.2254079589843752,8.7468662464682456,9.1644559939247348
4.2259652099609379,8.7469190594274888,9.1643592497552469
4.2265224609374998,8.746971872386732,9.1642625055857607
4.2270798339843747,8.7470246969150782,9.1641657402236856
4.2276370849609375,8.7470775098743196,9.1640689960541994
4.2281943359375003,8.7471303228335628,9.1639722518847115
4.2287515869140631,8.747183135792806,9.1638755077152254
4.229308837890625,8.7472359487520475,9.1637787635457393
4.2298660888671877,8.7472887617112889,9.1636820193762532
4.2304233398437496,8.7473415746705321,9.163585275206767
4.2309805908203124,8.7473943876297753,9.1634885310372809
4.2315378417968752,8.7474472005890167,9.163391786867793
4.232095092773438,8.7475000135482599,9.1632950426983069
4.2326523437499999,8.7475528265075013,9.1631982985288207
4.2332095947265627,8.7476056394667445,9.1631015543593328
4.2337668457031246,8.7476584524259877,9.1630048101898467
4.2343240966796873,8.7477112653852291,9.1629080660203606
4.2348813476562501,8.7477640783444723,9.1628113218508744
4.2354385986328129,8.7478168913037138,9.1627145776813883
4.2359958496093748,8.747869704262957,9.1626178335119004
4.2365531005859376,8.7479225172221984,9.1625210893424143
4.2371103515624995,8.7479753301814416,9.1624243451729281
4.2376676025390623,8.748028143140683,9.162327601003442
4.2382248535156251,8.7480809560999262,9.1622308568339541
4.2387822265624999,8.7481337806282724,9.162134091471879
4.2393394775390627,8.7481865935875156,9.1620373473023928
4.2398967285156246,8.7482394065467588,9.1619406031329067
4.2404539794921874,8.7482922195060002,9.1618438589634206
4.2410112304687502,8.7483450324652416,9.1617471147939327
4.241568481445313,8.7483978454244848,9.1616503706244465
4.2421257324218749,8.748450658383728,9.1615536264549604
4.2426829833984376,8.7485034713429695,9.1614568822854743
4.2432402343749995,8.7485562843022127,9.1613601381159881
4.2437974853515623,8.7486090972614541,9.1612633939465002
4.2443547363281251,8.7486619102206973,9.1611666497770141
4.2449119873046879,8.7487147231799405,9.161069905607528
4.2454692382812498,8.7487675361391819,9.1609731614380401
4.2460264892578126,8.7488203490984251,9.1608764172685557
4.2465837402343745,8.7488731620576665,9.1607796730990678
4.2471409912109372,8.7489259750169097,9.1606829289295817
4.2476982421875,8.7489787879761529,9.1605861847600956
4.2482554931640628,8.7490316009353943,9.1604894405906094
4.2488127441406247,8.7490844138946358,9.1603926964211233
4.2493699951171875,8.749137226853879,9.1602959522516354
4.2499273681640624,8.7491900513822252,9.1601991868895603
4.2504846191406251,8.7492428643414684,9.1601024427200741
4.2510418701171879,8.7492956773007116,9.160005698550588
4.2515991210937498,8.749348490259953,9.1599089543811001
4.2521563720703126,8.7494013032191944,9.159812210211614
4.2527136230468745,8.7494541161784376,9.1597154660421278
4.2532708740234373,8.7495069291376808,9.1596187218726417
4.2538281250000001,8.7495597420969222,9.1595219777031538
4.2543853759765629,8.7496125550561654,9.1594252335336677
4.2549426269531248,8.7496653680154068,9.1593284893641815
4.2554998779296875,8.74971818097465,9.1592317451946954
4.2560571289062503,8.7497709939338915,9.1591350010252093
4.2566143798828122,8.7498238068931347,9.1590382568557214
4.257171630859375,8.7498766198523779,9.1589415126862352
4.2577288818359378,8.7499294328116193,9.1588447685167491
4.2582861328124997,8.7499822457708625,9.158748024347263
4.2588433837890625,8.7500350587301057,9.1586512801777751
4.2594006347656252,8.7500878716893471,9.1585545360082889
4.2599578857421871,8.7501406846485885,9.1584577918388028
4.2605151367187499,8.7501934976078317,9.1583610476693167
4.2610723876953127,8.7502463105670749,9.1582643034998306
4.2616297607421876,8.7502991350954211,9.1581675381377536
4.2621870117187495,8.7503519480546643,9.1580707939682675
4.2627442626953123,8.7504047610139057,9.1579740497987814
4.263301513671875,8.7504575739731472,9.1578773056292953
4.2638587646484378,8.7505103869323904,9.1577805614598073
4.2644160156249997,8.7505631998916336,9.1576838172903212
4.2649732666015625,8.750616012850875,9.1575870731208351
4.2655305175781253,8.7506688258101182,9.157490328951349
4.2660877685546872,8.7507216387693596,9.1573935847818628
4.26664501953125,8.7507744517286028,9.1572968406123749
4.2672022705078128,8.750827264687846,9.1572000964428888
4.2677595214843755,8.7508800776470874,9.1571033522734027
4.2683167724609374,8.7509328906063288,9.1570066081039165
4.2688740234375002,8.750985703565572,9.1569098639344304
4.2694312744140621,8.7510385165248152,9.1568131197649425
4.2699885253906249,8.7510913294840584,9.1567163755954564
4.2705457763671877,8.7511441424432999,9.1566196314259702
4.2711030273437505,8.7511969554025431,9.1565228872564823
4.2716602783203124,8.7512497683617845,9.1564261430869962
4.2722175292968751,8.7513025813210277,9.1563293989175101
4.27277490234375,8.7513554058493739,9.1562326335554349
4.2733321533203128,8.7514082188086171,9.1561358893859488
4.2738894042968747,8.7514610317678585,9.1560391452164609
4.2744466552734375,8.7515138447271017,9.1559424010469748
4.2750039062500003,8.7515666576863431,9.1558456568774886
4.2755611572265622,8.7516194706455863,9.1557489127080025
4.2761184082031249,8.7516722836048277,9.1556521685385164
4.2766756591796877,8.7517250965640709,9.1555554243690302
4.2772329101562505,8.7517779095233124,9.1554586801995423
4.2777901611328124,8.7518307224825556,9.1553619360300562
4.2783474121093752,8.7518835354417988,9.1552651918605701
4.2789046630859371,8.7519363484010402,9.1551684476910822
4.2794619140624999,8.7519891613602834,9.155071703521596
4.2800191650390627,8.7520419743195248,9.1549749593521099
4.2805764160156254,8.752094787278768,9.1548782151826238
4.2811336669921873,8.7521476002380112,9.1547814710131377
4.2816909179687501,8.7522004131972526,9.1546847268436515
4.282248168945312,8.7522532261564958,9.1545879826741636
4.2828054199218748,8.7523060391157372,9.1544912385046775
4.2833626708984376,8.7523588520749804,9.1543944943351914
4.2839199218750004,8.7524116650342236,9.1542977501657052
4.2844772949218752,8.7524644895625698,9.1542009848036283
4.2850345458984371,8.7525173025218113,9.1541042406341422
4.2855917968749999,8.7525701154810545,9.1540074964646561
4.2861490478515627,8.7526229284402959,9.1539107522951699
4.2867062988281255,8.7526757413995391,9.153814008125682
4.2872635498046874,8.7527285543587823,9.1537172639561959
4.2878208007812502,8.7527813673180237,9.1536205197867098
4.2883780517578121,8.7528341802772651,9.1535237756172236
4.2889353027343748,8.7528869932365083,9.1534270314477375
4.2894925537109376,8.7529398061957515,9.1533302872782496
4.2900498046875004,8.7529926191549929,9.1532335431087635
4.2906070556640623,8.7530454321142361,9.1531367989392773
4.2911643066406251,8.7530952118841245,9.1530400547697912
4.291721557617187,8.7531400814848546,9.1529433106003033
4.2922788085937498,8.7531849510855846,9.1528465664308172
4.2928360595703126,8.7532339831329491,9.152749822261331
4.2933933105468753,8.7532880375378479,9.1526530780918449
4.2939505615234372,8.7533420919427467,9.1525563339223588
4.2945078125,8.753399617491274,9.1524595897528709
4.2950650634765628,8.7534601105147072,9.1523628455833848
4.2956224365234377,8.7535206167896256,9.1522660802213096
4.2961796875000005,8.7535811098130587,9.1521693360518235
4.2967369384765624,8.7536416028364918,9.1520725918823356
4.2972941894531251,8.753702095859925,9.1519758477128494
4.297851440429687,8.7537625888833599,9.1518791035433633
4.2984086914062498,8.753823081906793,9.1517823593738772
4.2989659423828126,8.753883574930228,9.1516856152043911
4.2995231933593754,8.7539440679536611,9.1515888710349031
4.3000804443359373,8.7540045609770942,9.151492126865417
4.3006376953125001,8.7540650540005291,9.1513953826959309
4.301194946289062,8.7541255470239623,9.1512986385264448
4.3017521972656247,8.7541860400473972,9.1512018943569586
4.3023094482421875,8.7542465330708303,9.1511051501874707
4.3028666992187503,8.7543070260942635,9.1510084060179846
4.3034239501953122,8.7543675191176966,9.1509116618484985
4.303981201171875,8.7544280121411315,9.1508149176790123
4.3045384521484378,8.7544885051645647,9.1507181735095244
4.3050957031249997,8.7545489981879978,9.1506214293400383
4.3056529541015625,8.7546094912114327,9.1505246851705522
4.3062102050781252,8.7546699842348659,9.150427941001066
4.3067675781250001,8.7547304905097842,9.1503311756389891
4.307324829101562,8.7547909835332174,9.150234431469503
4.3078820800781248,8.7548514765566505,9.1501376873000169
4.3084393310546876,8.7549119695800837,9.1500409431305307
4.3089965820312504,8.7549724626035186,9.1499441989610446
4.3095538330078123,8.7550329556269517,9.1498474547915585
4.310111083984375,8.7550934486503866,9.1497507106220706
4.3106683349609378,8.7551539416738198,9.1496539664525844
4.3112255859374997,8.7552144346972529,9.1495539806447326
4.3117828369140625,8.7552749277206878,9.1494528325615203
4.3123400878906253,8.755335420744121,9.1493565246334896
4.3128973388671872,8.7553959137675559,9.1492625807912482
4.31345458984375,8.755456406790989,9.1491686369490033
4.3140118408203127,8.7555168998144222,9.1490746931067601
4.3145690917968746,8.7555773928378571,9.148980749264517
4.3151263427734374,8.7556378858612902,9.1488868054222738
4.3156835937500002,8.7556983788847234,9.1487928615800307
4.316240844726563,8.7557588719081565,9.1486989177377858
4.3167980957031249,8.7558193649315914,9.1486049738955426
4.3173553466796877,8.7558798579550263,9.1485110300532995
4.3179125976562496,8.7559403509784595,9.1484170862110563
4.3184699707031253,8.7560008572533761,9.1483231217896588
4.3190272216796872,8.7560613502768092,9.1482291779474139
4.31958447265625,8.7561218433002441,9.1481352341051707
4.3201417236328128,8.7561823363236773,9.1480412902629276
4.3206989746093747,8.7562428293471122,9.1479473464206844
4.3212562255859375,8.7563033223705453,9.1478534025784413
4.3218134765625003,8.7563638153939785,9.1477594587361981
4.322370727539063,8.7564243084174116,9.147665514893955
4.3229279785156249,8.7564848014408465,9.14757157105171
4.3234852294921877,8.7565452944642814,9.1474776272094669
4.3240424804687496,8.7566057874877146,9.1473836833672237
4.3245997314453124,8.7566662805111477,9.1472897395249806
4.3251569824218752,8.7567267735345808,9.1471957956827374
4.325714233398438,8.756787266558014,9.1471018518404943
4.3262714843749999,8.7568477595814489,9.1470079079982511
4.3268287353515626,8.756908252604882,9.1469139641560062
4.3273859863281245,8.756968745628317,9.1468200203137631
4.3279432373046873,8.7570292386517501,9.1467260764715199
4.3285004882812501,8.7570897316751832,9.1466321326292768
4.3290577392578129,8.7571502246986164,9.1465381887870336
4.3296151123046878,8.7572107309735348,9.1464442243656343
4.3301723632812497,8.7572712239969697,9.1463502805233912
4.3307296142578124,8.7573317170204028,9.146256336681148
4.3312868652343752,8.7573922100438359,9.1461623928389049
4.331844116210938,8.7574527030672691,9.1460684489966617
4.3324013671874999,8.757513196090704,9.1459745051544186
4.3329586181640627,8.7575736891141389,9.1458805613121754
4.3335158691406246,8.7576341821375721,9.1457866174699305
4.3340731201171874,8.7576946751610052,9.1456926736276873
4.3346303710937502,8.7577551681844383,9.1455987297854442
4.3351876220703129,8.7578156612078732,9.145504785943201
4.3357448730468748,8.7578761542313064,9.1454108421009579
4.3363021240234376,8.7579366472547413,9.1453168982587147
4.3368593749999995,8.7579971402781744,9.1452229544164716
4.3374166259765623,8.7580576333016076,9.1451290105742267
4.3379738769531251,8.7581181263250425,9.1450350667319835
4.3385311279296879,8.7581786193484756,9.1449411228897404
4.3390883789062498,8.7582391123719088,9.1448471790474972
4.3396456298828125,8.7582996053953437,9.1447532352052541
4.3402028808593744,8.7583600984187768,9.1446592913630109
4.3407601318359372,8.75842059144221,9.1445653475207678
4.341317504882813,8.7584810977171266,9.1444713830993685
4.3418747558593749,8.7585415907405615,9.1443774392571253
4.3424320068359377,8.7586020837639964,9.1442834954148822
4.3429892578124996,8.7586625767874295,9.144189551572639
4.3435465087890623,8.7587230698108627,9.1440956077303959
4.3441037597656251,8.7587835628342976,9.1440016638881509
4.3446610107421879,8.7588440558577307,9.1439077200459078
4.3452182617187498,8.7589045488811639,9.1438137762036646
4.3457755126953126,8.7589650419045988,9.1437198323614215
4.3463327636718745,8.7590255349280319,9.1436258885191783
4.3468900146484373,8.7590860279514651,9.1435319446769352
4.3474472656250001,8.7591465209748982,9.143438000834692
4.3480045166015628,8.7592070139983331,9.1433440569924471
4.3485617675781247,8.759267507021768,9.143250113150204
4.3491190185546875,8.7593280000452012,9.1431561693079608
4.3496762695312503,8.7593884930686343,9.1430622254657177
4.3502335205078122,8.7594489860920675,9.1429682816234745
4.350790771484375,8.7595094791155024,9.1428743377812314
4.3513480224609378,8.7595699721389355,9.1427803939389882
4.3519052734375006,8.7596304651623687,9.1426864500967433
4.3524626464843745,8.759690971437287,9.1425924856753458
4.3530198974609373,8.7597514644607202,9.1424985418331026
4.3535771484375001,8.7598119574841551,9.1424045979908595
4.3541343994140629,8.7598724505075882,9.1423106541486163
4.3546916503906248,8.7599329435310214,9.1422167103063714
4.3552489013671876,8.7599934365544563,9.1421227664641282
4.3558061523437495,8.7600539295778894,9.1420288226218851
4.3563634033203122,8.7601144226013226,9.1419348787796419
4.356920654296875,8.7601749156247575,9.1418409349373988
4.3574779052734378,8.7602354086481906,9.1417469910951556
4.3580351562499997,8.7602959016716238,9.1416530472529125
4.3585924072265625,8.7603563946950587,9.1415591034106676
4.3591496582031253,8.7604168877184918,9.1414651595684244
4.3597069091796872,8.7604773807419249,9.1413712157261813
4.36026416015625,8.7605378737653599,9.1412772718839381
4.3608214111328127,8.760598366788793,9.141183328041695
4.3613786621093755,8.7606588598122279,9.1410893841994518
4.3619359130859374,8.7607193528356611,9.1409954403572069
4.3624931640625002,8.7607798458590942,9.1409014965149638
4.3630504150390621,8.7608403388825273,9.1408075526727206
4.3636076660156249,8.7609008319059622,9.1407136088304775
4.3641650390624998,8.7609613381808806,9.1406196444090799
4.3647222900390625,8.7610218312043138,9.1405257005668368
4.3652795410156253,8.7610823242277469,9.1404317567245918
4.3658367919921872,8.7611428172511818,9.1403378128823487
4.36639404296875,8.761203310274615,9.1402438690401056
4.3669512939453128,8.7612638032980499,9.1401499251978624
4.3675085449218747,8.7613242963214812,9.1400559813556193
4.3680657958984375,8.7613847893449162,9.1399620375133761
4.3686230468750002,8.7614452823683493,9.139868093671133
4.3691802978515621,8.7615057753917824,9.139774149828888
4.3697375488281249,8.7615662684152174,9.1396802059866449
4.3702947998046877,8.7616267614386523,9.1395862621444017
4.3708520507812505,8.7616872544620854,9.1394923183021586
4.3714093017578124,8.7617477474855185,9.1393983744599154
4.3719665527343752,8.7618082405089517,9.1393044306176723
4.3725238037109371,8.7618687335323848,9.1392104867754291
4.3730810546874999,8.7619292265558197,9.1391165429331842
4.3736383056640626,8.7619897195792547,9.1390225990909411
4.3741955566406254,8.7620502126026878,9.1389286552486979
4.3747528076171873,8.7621107056261209,9.1388347114064548
4.3753101806640622,8.7621712119010393,9.1387407469850572
4.375867431640625,8.7622317049244725,9.1386468031428123
4.3764246826171878,8.7622921979479074,9.1385528593005692
4.3769819335937505,8.7623526909713405,9.138458915458326
4.3775391845703124,8.7624131839947736,9.1383649716160829
4.3780964355468752,8.7624736770182068,9.1382710277738397
4.3786536865234371,8.7625341700416399,9.1381770839315966
4.3792109374999999,8.7625946630650748,9.1380831400893534
4.3797681884765627,8.7626551560885098,9.1379891962471085
4.3803254394531255,8.7627156491119429,9.1378952524048653
4.3808826904296874,8.762776142135376,9.1378013085626222
4.3814399414062501,8.7628366351588092,9.137707364720379
4.381997192382812,8.7628971281822441,9.1376134208781359
4.3825544433593748,8.7629576212056772,9.1375194770358927
4.3831116943359376,8.7630181142291104,9.1374255331936496
4.3836689453125004,8.7630786072525453,9.1373315893514047
4.3842261962890623,8.7631391002759784,9.1372376455091615
4.3847834472656251,8.7631995932994133,9.1371437016669184
4.385340698242187,8.7632600863228465,9.1370497578246752
4.3858979492187498,8.7633205793462796,9.1369558139824321
4.3864552001953125,8.7633810723697145,9.1368618701401889
4.3870125732421874,8.7634415786446311,9.1367679057187896
4.3875698242187502,8.7635020716680661,9.1366739618765465
4.3881270751953121,8.7635625646914992,9.1365800180343033
4.3886843261718749,8.7636230577149323,9.1364860741920602
4.3892415771484377,8.7636835507383672,9.136392130349817
4.3897988281250004,8.7637440437618004,9.1362981865075739
4.3903560791015623,8.7638045367852335,9.1362042426653289
4.3909133300781251,8.7638650298086684,9.1361102988230858
4.391470581054687,8.7639255228321016,9.1360163549808426
4.3920278320312498,8.7639860158555347,9.1359224111385995
4.3925850830078126,8.7640465088789696,9.1358284672963563
4.3931423339843754,8.7641070019024028,9.1357345234541114
4.3936995849609373,8.7641674949258359,9.13564057961187
4.3942568359375,8.7642279879492708,9.1355466357696251
4.3948140869140619,8.764288480972704,9.135452691927382
4.3953713378906247,8.7643489739961389,9.1353587480851388
4.3959285888671875,8.764409467019572,9.1352648042428957
4.3964858398437503,8.7644699600430052,9.1351708604006525
4.3970430908203122,8.7645304530664383,9.1350769165584094
4.397600341796875,8.7645909460898732,9.1349829727161644
4.3981577148437498,8.7646514523647916,9.1348890082947669
4.3987149658203126,8.7647119453882247,9.1347950644525238
4.3992722167968754,8.7647724384116579,9.1347011206102806
4.3998294677734373,8.764832931435091,9.1346071767680357
4.4003867187500001,8.7648934244585259,9.1345132329257925
4.400943969726562,8.7649539174819591,9.1344192890835494
4.4015012207031248,8.7650144105053922,9.1343253452413062
4.4020584716796876,8.7650749035288271,9.1342314013990631
4.4026157226562503,8.7651353965522603,9.1341374575568199
4.4031729736328122,8.7651958895756952,9.1340435137145768
4.403730224609375,8.7652563825991283,9.1339495698723336
4.4042874755859378,8.7653168756225615,9.1338556260300905
4.4048447265624997,8.7653773686459946,9.1337616821878456
4.4054019775390625,8.7654378616694295,9.1336677383456024
4.4059592285156253,8.7654983546928626,9.1335737945033593
4.4065164794921881,8.7655588477162958,9.1334798506611161
4.40707373046875,8.7656193407397307,9.133385906818873
4.4076309814453127,8.7656798337631656,9.1332919629766298
4.4081882324218746,8.7657403267865988,9.1331980191343849
4.4087454833984374,8.7658008198100319,9.1331040752921417
4.4093027343750002,8.765861312833465,9.1330101314498986
4.4098601074218751,8.7659218191083834,9.1329161670285011
4.410417358398437,8.7659823121318166,9.1328222231862579
4.4109746093749997,8.7660428051552515,9.1327282793440148
4.4115318603515625,8.7661032981786846,9.132639712056843
4.4120891113281253,8.7661637912021177,9.1325520208769237
4.4126463623046872,8.7662242842255509,9.1324643296970063
4.41320361328125,8.7662847772489858,9.1323568764728655
4.4137608642578128,8.7663452702724189,9.1322284398998974
4.4143181152343747,8.7664057632958539,9.1321000033269293
4.4148753662109375,8.766466256319287,9.1319715667539594
4.4154326171875002,8.7665267493427201,9.1318431301809913
4.415989868164063,8.7665872423661533,9.1317146936080231
4.4165471191406249,8.76664773538959,9.1315862570350532
4.4171043701171877,8.7667082284130231,9.1314578204620851
4.4176616210937496,8.7667687214364562,9.131329383889117
4.4182188720703124,8.7668292144598894,9.1312009473161488
4.4187761230468752,8.7668897074833225,9.1310725107431789
4.419333374023438,8.7669502005067557,9.1309440741702108
4.4198906249999999,8.7670106935301906,9.1308156375972427
4.4204478759765626,8.7670711865536237,9.1306872010242746
4.4210052490234375,8.7671316928285421,9.1305587363162406
4.4215625000000003,8.7671921858519752,9.1304302997432707
4.4221197509765622,8.7672526788754084,9.1303018631703026
4.422677001953125,8.7673131718988433,9.1301734265973344
4.4232342529296877,8.7673736649222764,9.1300449900243663
4.4237915039062496,8.7674341579457113,9.1299165534513982
4.4243487548828124,8.7675041126663764,9.1297881168784301
4.4249060058593752,8.7675829096944895,9.1296596803054602
4.425463256835938,8.7676617067226026,9.129531243732492
4.4260205078124999,8.7677364115398078,9.1294028071595239
4.4265777587890627,8.7678050071720151,9.1292743705865558
4.4271350097656246,8.7678736028042206,9.1291459340135859
4.4276922607421874,8.767949559902263,9.1290174974406177
4.4282495117187501,8.7680457653278534,9.1288890608676496
4.4288067626953129,8.7681419707534456,9.1287606242946815
4.4293640136718748,8.7682381761790378,9.1286321877217116
4.4299212646484376,8.7683343816046317,9.1285037511487435
4.4304785156249995,8.7684305870302239,9.1283753145757753
4.4310357666015623,8.7685267924558143,9.1282468780028072
4.4315930175781251,8.7686229978814083,9.1281184414298373
4.4321502685546879,8.7687192033070005,9.1279900048568692
4.4327076416015627,8.7688154298071659,9.1278615401488352
4.4332648925781246,8.7689116352327581,9.1277331035758671
4.4338221435546874,8.7690078406583503,9.127604667002899
4.4343793945312502,8.7691040460839424,9.1274762304299308
4.434936645507813,8.7692002515095346,9.1273477938569609
4.4354938964843749,8.7692964569351268,9.1272193572839928
4.4360511474609376,8.769392662360719,9.1270909207110247
4.4366083984374995,8.7694888677863112,9.1269624841380566
4.4371656494140623,8.7695850732119034,9.1268340475650866
4.4377229003906251,8.7696812786374956,9.1267056109921185
4.4382801513671879,8.7697774840630878,9.1265771744191504
4.4388374023437498,8.76987368948868,9.1264487378461823
4.4393946533203126,8.7699698949142721,9.1263203012732141
4.4399519042968745,8.7700661003398643,9.1261918647002442
4.4405091552734373,8.7701623057654565,9.1260634281272761
4.44106640625,8.7702585111910487,9.125934991554308
4.4416236572265628,8.7703547166166409,9.1258065549813399
4.4421809082031247,8.7704509220422349,9.12567811840837
4.4427381591796875,8.7705471274678271,9.1255496818354018
4.4432954101562503,8.7706433328934192,9.1254212452624337
4.4438527832031252,8.7707395593935829,9.1252927805543997
4.4444100341796879,8.7708357648191768,9.1251643439814316
4.4449672851562498,8.770931970244769,9.1250359074084617
4.4455245361328126,8.7710281756703612,9.1249074708354936
4.4460817871093745,8.7711243810959534,9.1247790342625255
4.4466390380859373,8.7712205865215456,9.1246505976895573
4.4471962890625001,8.7713167919471378,9.1245221611165874
4.4477535400390629,8.7714129973727299,9.1243937245436193
4.4483107910156248,8.7715092027983221,9.1242652879706512
4.4488680419921875,8.7716054082239143,9.124136851397683
4.4494252929687494,8.7717016136495065,9.1240084148247149
4.4499825439453122,8.7717978190750987,9.123879978251745
4.450539794921875,8.7718940245006909,9.1237515416787769
4.4510970458984378,8.7719902299262831,9.1236231051058088
4.4516542968749997,8.772086435351877,9.1234946685328406
4.4522115478515625,8.7721826407774692,9.1233662319598707
4.4527687988281253,8.7722788462030596,9.1232377953869026
4.4533260498046872,8.7723750516286536,9.1231093588139345
4.4538833007812499,8.7724712570542458,9.1229809222409664
4.4544405517578127,8.772567462479838,9.1228524856679982
4.4549978027343755,8.7726636679054302,9.1227240490950283
4.4555551757812495,8.7727598944055956,9.1225955843869944
4.4561124267578123,8.7728560998311877,9.1224671478140262
4.4566696777343751,8.7729523052567799,9.1223387112410581
4.4572269287109378,8.7730485106823721,9.12221027466809
4.4577841796874997,8.7731447161079643,9.1220818380951201
4.4583414306640625,8.7732409215335565,9.1219534015221519
4.4588986816406253,8.7733371269591487,9.1218249649491838
4.4594559326171872,8.7734333323847409,9.1216965283762157
4.46001318359375,8.7735295378103331,9.1215680918032476
4.4605704345703128,8.773625743235927,9.1214396552302777
4.4611276855468756,8.7737219486615192,9.1213112186573095
4.4616849365234375,8.7738181540871096,9.1211827820843414
4.4622421875000002,8.7739143595127036,9.1210543455113715
4.4627994384765621,8.7740105649382958,9.1209259089384034
4.4633566894531249,8.774106770363888,9.1207974723654353
4.4639139404296877,8.7742029757894802,9.1206690357924671
4.4644711914062505,8.7742991812150724,9.120540599219499
4.4650284423828124,8.7743953866406645,9.1204121626465291
4.4655856933593752,8.7744915920662567,9.120283726073561
4.4661429443359371,8.7745877974918489,9.1201552895005928
4.4667003173828128,8.7746840239920143,9.1200268247925589
4.4672575683593747,8.7747802294176065,9.1198983882195908
4.4678148193359375,8.7748764348431987,9.1197699516466209
4.4683720703125003,8.7749726402687909,9.1196415150736527
4.4689293212890622,8.7750688456943831,9.1195130785006846
4.469486572265625,8.775165051119977,9.1193846419277165
4.4700438232421877,8.7752612565455692,9.1192562053547483
4.4706010742187505,8.7753574619711596,9.1191277687817784
4.4711583251953124,8.7754536673967518,9.1189993322088103
4.4717155761718752,8.7755498728223458,9.1188708956358422
4.4722728271484371,8.775646078247938,9.1187424590628741
4.4728300781249999,8.7757422836735302,9.1186140224899042
4.4733873291015627,8.7758384890991223,9.118485585916936
4.4739445800781255,8.7759346945247145,9.1183571493439679
4.4745018310546874,8.7760308999503067,9.1182287127709998
4.4750590820312501,8.7761271053758989,9.1181002761980299
4.475616333007812,8.7762233108014911,9.1179718396250617
4.4761735839843748,8.7763195162270833,9.1178434030520936
4.4767308349609376,8.7764157216526755,9.1177149664791255
4.4772880859375004,8.7765119270782677,9.1175865299061556
4.4778453369140623,8.7766081325038598,9.1174580933331875
4.4784027099609371,8.7767043590040252,9.1173296286251535
4.4789599609374999,8.7768005644296174,9.1172011920521854
4.4795172119140627,8.7768967698552096,9.1170727554792172
4.4800744628906255,8.7769929752808018,9.1169443189062491
4.4806317138671874,8.777089180706394,9.1168158823332792
4.4811889648437502,8.7771853861319862,9.1166874457603111
4.4817462158203121,8.7772815915575784,9.116559009187343
4.4823034667968749,8.7773777969831723,9.1164305726143748
4.4828607177734376,8.7774740024087645,9.1163021360414049
4.4834179687500004,8.7775702078343549,9.1161736994684368
4.4839752197265623,8.7776664132599489,9.1160452628954687
4.4845324707031251,8.7777626186855411,9.1159168263225006
4.485089721679687,8.7778588241111333,9.1157883897495324
4.4856469726562498,8.7779550295367255,9.1156599531765625
4.4862042236328126,8.7780512349623177,9.1155315166035944
4.4867614746093754,8.7781474403879098,9.1154030800306263
4.4873187255859373,8.778243645813502,9.1152746434576581
4.4878759765625,8.7783398512390942,9.1151462068846882
4.4884332275390628,8.7784360566646864,9.1150177703117201
4.4889904785156247,8.7785322620902786,9.114889333738752
4.4895478515625005,8.778628488590444,9.114760869030718
4.4901051025390624,8.7787246940160362,9.1146324324577499
4.4906623535156251,8.7788208994416284,9.1145039958847818
4.491219604492187,8.7789243474922181,9.1143755593118119
4.4917768554687498,8.7790339272342557,9.1142471227388437
4.4923341064453126,8.779172748178155,9.1141186861658756
4.4928913574218754,8.779311569122056,9.1139902495929057
4.4934486083984373,8.7794503900659553,9.1138618130199376
4.4940058593750001,8.7795892110098563,9.1137333764469695
4.494563110351562,8.7797280319537556,9.1136049398740013
4.4951203613281248,8.7798668528976567,9.1134765033010332
4.4956776123046875,8.7800056738415577,9.1133480667280633
4.4962348632812503,8.780144494785457,9.1132196301550952
4.4967921142578122,8.7802833157293563,9.113091193582127
4.497349365234375,8.7804221366732573,9.1129627570091589
4.4979066162109378,8.7805609576171584,9.112834320436189
4.4984638671874997,8.7806997785610577,9.1127058838632209
4.4990211181640625,8.7808385995049587,9.1125774472902528
4.4995783691406253,8.780977420448858,9.1124490107172846
4.500135620117188,8.781116241392759,9.1123205741443165
4.5006928710937499,8.7812550623366583,9.1121921375713466
4.5012502441406248,8.7813939136904047,9.1120636728633144
4.5018074951171876,8.7815327346343039,9.1119352362903445
4.5023647460937504,8.781671555578205,9.1118067997173764
4.5029219970703123,8.7818103765221061,9.1116783631444083
4.503479248046875,8.7819491974660053,9.1115499265714384
4.5040364990234369,8.7820880184099064,9.1114214899984702
4.5045937499999997,8.7822268393538057,9.1112930534255021
4.5051510009765625,8.7823656602977067,9.111164616852534
4.5057082519531253,8.782504481241606,9.1110361802795659
4.5062655029296872,8.782643302185507,9.110907743706596
4.50682275390625,8.7827821231294063,9.1107793071336278
4.5073800048828128,8.7829209440733074,9.1106508705606597
4.5079372558593747,8.7830597650172066,9.110532456274905
4.5084945068359374,8.7831985859611077,9.1104173298922966
4.5090517578125002,8.7833374069050087,9.1102872282601179
4.509609008789063,8.783476227848908,9.1101208702379033
4.5101662597656249,8.7836150487928091,9.1099545122156886
4.5107235107421877,8.7837538697367101,9.109788154193474
4.5112807617187496,8.7838926906806094,9.1096217961712611
4.5118380126953124,8.7840315116245105,9.1094554381490447
4.5123953857421872,8.784170362978255,9.1092890436847664
4.51295263671875,8.7843091839221543,9.1091226856625518
4.5135098876953128,8.7844480048660554,9.1089563276403371
4.5140671386718747,8.7845868258099564,9.1087899696181225
4.5146243896484375,8.7847256467538557,9.1086236115959078
4.5151816406250003,8.7848644676977568,9.1084572535736932
4.5157388916015631,8.785003288641656,9.1082908955514785
4.516296142578125,8.7851421095855571,9.1081245375292639
4.5168533935546877,8.7852809305294564,9.1079581795070492
4.5174106445312496,8.7854197514733574,9.1077918214848346
4.5179678955078124,8.7855585724172585,9.1076254634626199
4.5185251464843752,8.7856973933611577,9.1074591054404053
4.519082397460938,8.7858362143050588,9.1072927474181906
4.5196396484374999,8.7859750352489581,9.107126389395976
4.5201968994140627,8.7861138561928591,9.1069600313737613
4.5207541503906246,8.7862526771367584,9.1067936733515467
4.5213114013671873,8.7863914980806594,9.106627315329332
4.5218686523437501,8.7865303190245605,9.1064609573071174
4.5224259033203129,8.7866691399684598,9.1062945992849027
4.5229831542968748,8.7868079609123591,9.1061282412626881
4.5235404052734376,8.7869467818562601,9.1059618832404734
4.5240977783203125,8.7870856332100047,9.1057954887761952
4.5246550292968752,8.7872244541539057,9.1056291307539805
4.525212280273438,8.7873632750978068,9.1054627727317659
4.5257695312499999,8.7875020960417061,9.1052964147095512
4.5263267822265627,8.7876409169856071,9.1051300566873365
4.5268840332031246,8.7877797379295082,9.1049636986651219
4.5274412841796874,8.7879185588734074,9.1047973406429072
4.5279985351562502,8.7880573798173067,9.1046309826206926
4.528555786132813,8.7881962007612078,9.1044646245984779
4.5291130371093749,8.7883350217051088,9.1042982665762633
4.5296702880859376,8.7884738426490081,9.1041319085540486
4.5302275390624995,8.7886126635929074,9.103965550531834
4.5307847900390623,8.7887514845368084,9.1037991925096193
4.5313420410156251,8.7888903054807095,9.1036328344874047
4.5318992919921879,8.7890291264246088,9.10346647646519
4.5324565429687498,8.7891679473685098,9.1033001184429754
4.5330137939453126,8.7893067683124109,9.1031337604207607
4.5335710449218745,8.7894455892563101,9.1029674023985461
4.5341282958984372,8.7895844102002112,9.1028010443763314
4.534685546875,8.7897232311441105,9.1026346863541168
4.5352429199218749,8.7898620824978568,9.1024682918898385
4.5358001708984377,8.7900009034417561,9.1023019338676239
4.5363574218749996,8.7901397243856572,9.1021355758454092
4.5369146728515624,8.7902785453295564,9.1019692178231946
4.5374719238281251,8.7904173662734575,9.1018028598009799
4.5380291748046879,8.7905561872173585,9.1016365017787653
4.5385864257812498,8.7906950081612578,9.1014701437565506
4.5391436767578126,8.7908338291051589,9.101303785734336
4.5397009277343745,8.7909726500490581,9.1011374277121213
4.5402581787109373,8.7911114709929592,9.1009783522866208
4.5408154296875001,8.7912502919368585,9.100838855063957
4.5413726806640629,8.7913891128807595,9.1007260249611299
4.5419299316406248,8.7915279338246588,9.100618146449964
4.5424871826171875,8.7916667547685599,9.1005102679387946
4.5430444335937503,8.7918055757124591,9.1004023894276269
4.5436016845703122,8.7919443966563602,9.1002945109164592
4.544158935546875,8.7920832176002612,9.1001866324052916
4.5447161865234378,8.7922220385441605,9.1000787538941239
4.5452734374999997,8.7923608594880598,9.0999708753829562
4.5458306884765625,8.7924996804319626,9.0998629968717886
4.5463879394531252,8.7926385013758619,9.0997551183606209
4.5469453125000001,8.7927773527296065,9.0996472162177966
4.5475025634765629,8.7929161736735075,9.0995393377066289
4.5480598144531248,8.7930549946174068,9.0994314591954613
4.5486170654296876,8.7931938155613079,9.0993235806842936
4.5491743164062495,8.7933326365052071,9.0992157021731259
4.5497315673828123,8.7934714574491082,9.0991078236619582
4.550288818359375,8.7936102783930075,9.0989999451507906
4.5508460693359378,8.7937490993369085,9.0988920666396229
4.5514033203124997,8.7938879202808096,9.0987841881284552
4.5519605712890625,8.7940267412247088,9.0986763096172876
4.5525178222656253,8.7941655621686099,9.0985684311061199
4.5530750732421872,8.7943043831125109,9.0984605525949522
4.55363232421875,8.7944432040564102,9.0983526740837846
4.5541895751953128,8.7945820250003113,9.0982447955726169
4.5547468261718755,8.7947208459442106,9.0981369170614492
4.5553040771484374,8.7948568462335466,9.0980290385502816
4.5558613281250002,8.7949786365767544,9.0979211600391139
4.5564185791015621,8.795100426919964,9.0978132815279462
4.5569758300781249,8.7952302582149446,9.0977054030167785
4.5575330810546877,8.795375994328186,9.0975975245056091
4.5580904541015625,8.7955217623660946,9.0974896223627866
4.5586477050781244,8.7956674984793359,9.0973817438516189
4.5592049560546872,8.7958132345925772,9.0972738653404512
4.55976220703125,8.7959589707058186,9.0971659868292836
4.5603194580078128,8.7961034300233081,9.0970581083181159
4.5608767089843747,8.7962477865333035,9.0969502298069465
4.5614339599609375,8.7963921430433007,9.0968423512957806
4.5619912109375003,8.7965364995532962,9.0966816054575954
4.5625484619140622,8.7966808560632916,9.0964457535000101
4.5631057128906249,8.7968252125732871,9.0962099015424265
4.5636629638671877,8.7969695690832825,9.0959740495848411
4.5642202148437505,8.797113925593278,9.0957381976272575
4.5647774658203124,8.7972582821032752,9.095502345669674
4.5653347167968752,8.7974026386132707,9.0952664937120886
4.5658919677734371,8.7975469951232661,9.095030641754505
4.5664492187499999,8.7976913516332615,9.0947947897969215
4.5670064697265627,8.797835708143257,9.0945589378393361
4.5675637207031254,8.7979800646532524,9.0943230858817525
4.5681209716796873,8.7981244211632479,9.0940872339241672
4.5686782226562501,8.7982687776732433,9.0938513819665836
4.569235595703125,8.7984131658056963,9.0936154783437289
4.5697928466796878,8.7985575223156918,9.0933796263861453
4.5703500976562506,8.7987018788256872,9.0931437744285599
4.5709073486328125,8.7988462353356827,9.0929079224709763
4.5714645996093752,8.7989905918456781,9.092672070513391
4.5720218505859371,8.7991349483556736,9.0924362185558074
4.5725791015624999,8.7992793048656708,9.0922003665982221
4.5731363525390627,8.7994236613756662,9.0919645146406385
4.5736936035156255,8.7995680178856617,9.0917286626830531
4.5742508544921874,8.7997123743956571,9.0914928107254696
4.5748081054687502,8.7998567309056526,9.091256958767886
4.5753653564453121,8.800001087415648,9.0910211068103006
4.5759226074218748,8.8001454439256435,9.090785254852717
4.5764798583984376,8.8002898004356389,9.0905494028951335
4.5770371093750004,8.8004341569456344,9.0903135509375481
4.5775943603515623,8.8005785134556316,9.0900776989799645
4.5781516113281251,8.8007228699656253,9.0898418470223792
4.578708862304687,8.8008672264756225,9.0896059950647956
4.5792661132812498,8.8010115829856179,9.089370143107212
4.5798233642578126,8.8011559394956134,9.0891342911496267
4.5803806152343753,8.8013002960056106,9.0888984391920431
4.5809379882812502,8.80144468413806,9.0886625355691883
4.5814952392578121,8.8015890406480555,9.088426683611603
4.5820524902343749,8.8017333971580527,9.0881908316540194
4.5826097412109377,8.8018777536680481,9.0879549796964358
4.5831669921875005,8.8020221101780436,9.0877191277388505
4.5837242431640624,8.802166466688039,9.0874832757812669
4.5842814941406251,8.8023108231980345,9.0872474238236816
4.584838745117187,8.8024551797080299,9.087011571866098
4.5853959960937498,8.8025995362180254,9.0867757199085144
4.5859532470703126,8.8027438927280208,9.0865398679509291
4.5865104980468754,8.8028882492380163,9.0863040159933455
4.5870677490234373,8.8030326057480135,9.0860681640357601
4.5876250000000001,8.8031769622580089,9.0858323120781765
4.588182250976562,8.8033213187680044,9.085596460120593
4.5887395019531247,8.8034656752779998,9.0853606081630076
4.5892967529296875,8.8036100317879971,9.085124756205424
4.5898540039062503,8.8037543882979925,9.0848889042478387
4.5904112548828122,8.803898744807988,9.0846530522902551
4.590968505859375,8.8040431013179834,9.0844172003326698
4.5915257568359378,8.8041874578279788,9.0841813483750862
4.5920831298828126,8.8043318459604301,9.0839454447522314
4.5926403808593754,8.8044762024704255,9.0837095927946478
4.5931976318359373,8.804620558980421,9.0834737408370625
4.5937548828125001,8.8047649154904164,9.0832378888794789
4.594312133789062,8.8049092720004118,9.0830020369218953
4.5948693847656248,8.8050536285104091,9.08276618496431
4.5954266357421876,8.8051979850204045,9.0825303330067264
4.5959838867187504,8.8053423415304,9.0822944810491411
4.5965411376953123,8.8054866980403954,9.0820586290915575
4.597098388671875,8.8056310545503909,9.0818227771339721
4.5976556396484378,8.8057754110603863,9.0815869251763885
4.5982128906249997,8.8059197675703835,9.081351073218805
4.5987701416015625,8.806064124080379,9.0811152212612196
4.5993273925781253,8.8062084805903744,9.080879369303636
4.5998846435546872,8.8063528371003699,9.0806435173460507
4.60044189453125,8.8064971936103653,9.0804076653884671
4.6009991455078127,8.8066415501203608,9.0801718134308835
4.6015563964843746,8.8067859066303562,9.0799359614732982
4.6021136474609374,8.8069302631403534,9.079714988011343
4.6026708984375002,8.8070746196503471,9.0795320584308055
4.603228149414063,8.8072189761603443,9.0793483739311149
4.603785522460937,8.8073633642927938,9.0791572173810238
4.6043427734374998,8.807507720802791,9.0789688981057051
4.6049000244140625,8.8076652911025306,9.0787810863586813
4.6054572753906253,8.8079036828878348,9.0785932746116575
4.6060145263671872,8.8081420746731389,9.0784054628646338
4.60657177734375,8.8083804664584431,9.0782176511176118
4.6071290283203128,8.8086188582437472,9.078029839370588
4.6076862792968747,8.8088572500290496,9.0778420276235643
4.6082435302734375,8.8090956418143556,9.0776542158765405
4.6088007812500003,8.8093340335996579,9.0774664041295168
4.609358032226563,8.8095724253849621,9.0772785923824948
4.6099152832031249,8.8098108171702663,9.077090780635471
4.6104725341796877,8.8100492089555704,9.0769029688884473
4.6110297851562496,8.8102876007408746,9.0767151571414235
4.6115870361328124,8.8105259925261787,9.0765273453943998
4.6121442871093752,8.8107664334225522,9.076339533647376
4.612701538085938,8.8110234559278151,9.076151721900354
4.6132587890624999,8.8112804784330763,9.0759639101533303
4.6138160400390626,8.8115375009383392,9.0757760984063065
4.6143732910156245,8.8117945234436021,9.0755882866592827
4.6149306640625003,8.8120516022517137,9.075400433770584
4.6154879150390622,8.8123086247569766,9.075212622023562
4.616045166015625,8.8125656472622396,9.0750248102765383
4.6166024169921878,8.8128226697675025,9.0748369985295145
4.6171596679687497,8.8130796922727654,9.0746491867824908
4.6177169189453124,8.8133367147780284,9.0744613750354688
4.6182741699218752,8.8135937372832913,9.0742735632884433
4.618831420898438,8.8138507597885543,9.0740857515414213
4.6193886718749999,8.8140696661011475,9.0738979397943975
4.6199459228515627,8.814256886993336,9.0737101280473738
4.6205031738281246,8.8144441078855227,9.0735223163003518
4.6210604248046874,8.8146311937267789,9.073334504553328
4.6216176757812502,8.8148135036020836,9.0731466928063043
4.6221749267578129,8.8149958134773883,9.0729588810592805
4.6227321777343748,8.8151781233526929,9.0727710693122567
4.6232894287109376,8.8153604332279976,9.072583257565233
4.6238466796874995,8.8155427431033004,9.072395445818211
4.6244039306640623,8.8157250529786069,9.0722076340711872
4.6249611816406251,8.8159073628539097,9.0720198223241635
4.6255184326171879,8.8160896727292162,9.0718320105771397
4.6260756835937498,8.8162719826045191,9.071644198830116
4.6266330566406246,8.8164543324162707,9.071456345941419
4.6271903076171874,8.8166366422915754,9.0712685341943953
4.6277475585937502,8.8168189521668801,9.0710807224473715
4.628304809570313,8.8170012620421847,9.0708929107003478
4.6288620605468749,8.8171835719174894,9.070705098953324
4.6294193115234377,8.8173658817927922,9.0705172872063002
4.6299765624999996,8.8175481916680987,9.0703294754592783
4.6305338134765623,8.8177305015434033,9.0701416637122545
4.6310910644531251,8.817912811418708,9.0699538519652307
4.6316483154296879,8.8180951212940126,9.069766040218207
4.6322055664062498,8.8182774311693173,9.0695782284711832
4.6327628173828126,8.8184597410446219,9.0693904167241612
4.6333200683593745,8.8186420509199266,9.0692026049771375
4.6338773193359373,8.8188243607952312,9.0690147932301137
4.6344345703125001,8.8190066706705359,9.06882698148309
4.6349918212890628,8.8191889805458388,9.0686391697360662
4.6355490722656247,8.8193712904211434,9.0684513579890442
4.6361063232421875,8.8195536002964481,9.0682635462420205
4.6366635742187503,8.8197212195081622,9.0680757344949967
4.6372208251953122,8.81989362256029,9.067887922747973
4.637778198242188,8.8200802810100569,9.0677000698592742
4.6383354492187499,8.8202668985797423,9.0675122581122523
4.6388927001953126,8.8204535161494277,9.0673244463652285
4.6394499511718745,8.8206401337191114,9.0671366346182047
4.6400072021484373,8.8208267512887968,9.066948822871181
4.6405644531250001,8.8210133688584822,9.0667610111241572
4.6411217041015629,8.8211999864281694,9.0665731993771352
4.6416789550781248,8.8213866039978548,9.0663853876301115
4.6422362060546876,8.8215732215675384,9.0661975758830877
4.6427934570312495,8.8217598391372238,9.066009764136064
4.6433507080078122,8.8219464567069092,9.0658219523890402
4.643907958984375,8.8221330742765947,9.0656341406420182
4.6444652099609378,8.8223196918462801,9.0654463288949945
4.6450224609374997,8.8225063094159655,9.0652585171479707
4.6455797119140625,8.8226929269856509,9.0650707054009469
4.6461369628906253,8.8228795445553363,9.0648828936539232
4.6466942138671872,8.8230661621250217,9.0646950819069012
4.64725146484375,8.8232527796947071,9.0645072701598775
4.6478087158203127,8.8234393972643925,9.0643194584128537
4.6483659667968755,8.8236260148340779,9.0641316466658299
4.6489232177734374,8.8238126324037633,9.0639438349188062
4.6494805908203123,8.8239992908535285,9.0637559820301092
4.6500378417968751,8.8241859084232139,9.0635681702830855
4.6505950927734379,8.8243725259928993,9.0633803585360617
4.6511523437499998,8.8245591435625848,9.063192546789038
4.6517095947265625,8.8247457611322702,9.0630047350420142
4.6522668457031253,8.8249323787019556,9.0628169232949922
4.6528240966796872,8.825118996271641,9.0626291115479685
4.65338134765625,8.8253056138413264,9.0624412998009447
4.6539385986328128,8.8254922314110118,9.0622534880539209
4.6544958496093747,8.8256788489806972,9.0620656763068972
4.6550531005859375,8.8258654665503826,9.0618778645598752
4.6556103515625002,8.826052084120068,9.0616900528128514
4.6561676025390621,8.8262387016897534,9.0615022410658277
4.6567248535156249,8.8264253192594389,9.0613144293188039
4.6572821044921877,8.8266119368291243,9.0611266175717802
4.6578393554687505,8.8267985543988097,9.0609388058247564
4.6583966064453124,8.8269851719684951,9.0607509940777344
4.6589538574218752,8.8271717895381805,9.0605631823307107
4.6595111083984371,8.8273584071078659,9.0603753705836869
4.6600683593749999,8.8275450246775513,9.0601875588366632
4.6606257324218747,8.8277316831273165,9.0599997059479644
4.6611829833984375,8.8279183006970019,9.0598118942009407
4.6617402343750003,8.8281049182666891,9.0596240824539187
4.6622974853515622,8.8282915358363727,9.0594362707068949
4.662854736328125,8.8284781534060581,9.0592484589598712
4.6634119873046878,8.8286647709757435,9.0590606472128474
4.6639692382812505,8.8288513885454289,9.0588728354658237
4.6645264892578124,8.8290380061151144,9.0586850237188017
4.6650837402343752,8.8292246236847998,9.0584972119717779
4.6656409912109371,8.8294112412544852,9.0583195231622202
4.6661982421874999,8.8295978588241706,9.0581486464164787
4.6667554931640627,8.829784476393856,9.0579777696707389
4.6673127441406255,8.8299710939635414,9.0578068929249973
4.6678699951171874,8.8301439612186545,9.0576360161792557
4.6684272460937501,8.8303119895939055,9.0574651394335142
4.668984497070312,8.830473847800782,9.0572942626877726
4.6695417480468748,8.8306227111414444,9.0571233859420328
4.6700989990234376,8.8307715744821067,9.0569525091962912
4.6706562500000004,8.830920437822769,9.0567816324505497
4.6712135009765623,8.8310693011634296,9.0566107557048081
4.6717707519531251,8.8312181645040919,9.0564398789590665
4.6723281249999999,8.8313670604544665,9.056268964781399
4.6728853759765627,8.8315159237951288,9.0560980880356574
4.6734426269531255,8.8316647871357894,9.0558521556250486
4.6739998779296874,8.8318136504764517,9.0555916962969913
4.6745571289062502,8.8319625138171141,9.055331236968934
4.6751143798828121,8.8321113771577746,9.0550707776408768
4.6756716308593749,8.8322602404984352,9.0548103183128195
4.6762288818359377,8.8324091038390975,9.0545498589847622
4.6767861328125004,8.8325579671797598,9.0542893996567049
4.6773433837890623,8.8327068305204222,9.0540289403286476
4.6779006347656251,8.8328556938610827,9.0537684810005903
4.678457885742187,8.833004557201745,9.053508021672533
4.6790151367187498,8.8331534205424056,9.0532475623444757
4.6795723876953126,8.8333022838830679,9.0529871030164184
4.6801296386718754,8.8334511472237303,9.0527266436883611
4.6806868896484373,8.8336000105643908,9.0524661843603038
4.681244140625,8.8337488739050531,9.0522057250322465
4.6818013916015619,8.8338977372457137,9.0519452657041892
4.6823586425781247,8.834046600586376,9.0516848063761319
4.6829158935546875,8.8342416465426723,9.0514243470480746
4.6834732666015624,8.8344852312270881,9.0511638306643043
4.6840305175781252,8.8347287625640014,9.050903371336247
4.6845877685546871,8.8349722939009148,9.0506429120081897
4.6851450195312498,8.8352158252378281,9.0503824526801324
4.6857022705078126,8.835459356574745,9.0501219933520751
4.6862595214843754,8.8357028879116584,9.0498615340240178
4.6868167724609373,8.8359464192485717,9.0496010746959623
4.6873740234375001,8.8361899505854851,9.0493406153679032
4.687931274414062,8.8364340829161883,9.0490801560398477
4.6884885253906248,8.8366787832542748,9.0488196967117887
4.6890457763671876,8.8369234835923631,9.0485592373837314
4.6896030273437503,8.8371681839304497,9.0482987780556741
4.6901602783203122,8.8374128842685362,9.0480383187276185
4.690717529296875,8.8376580818490158,9.0477778593995613
4.6912747802734378,8.837903337489319,9.047517400071504
4.6918320312499997,8.8381487424636518,9.0472569407434467
4.6923892822265625,8.8383943181259497,9.0469964814153894
4.6929465332031253,8.8386229586928522,9.0467360220873321
4.6935037841796881,8.8387772253042058,9.046475562759273
4.69406103515625,8.8389321739391242,9.0461744349058648
4.6946182861328127,8.839087119279565,9.0457648265634507
4.6951756591796876,8.8392412270513443,9.0453609034971763
4.6957329101562504,8.8393952515104477,9.0451384546055209
4.6962901611328123,8.8395501595117665,9.044952666578066
4.6968474121093751,8.8397402130296889,9.0447671306282036
4.697404663085937,8.8399302665476078,9.044581594678343
4.6979619140624997,8.8401203200655285,9.0443794615904771
4.6985191650390625,8.8403103735834492,9.0441762872473603
4.6990764160156253,8.8405004271013699,9.0439725584611335
4.6996336669921872,8.8406904806192905,9.0437698736928134
4.70019091796875,8.8408805341372112,9.0435679942403429
4.7007481689453128,8.8410705876551319,9.0433661147878723
4.7013054199218747,8.8412606411730525,9.0431642353354036
4.7018626708984375,8.8414506946909732,9.0429623809695823
4.7024199218750002,8.8416514350705953,9.042760530996544
4.702977172851563,8.8418631489447321,9.0425585575212697
4.7035344238281249,8.8420748628188672,9.0423565290421095
4.7040916748046877,8.8422865924340712,9.0421549942213328
4.7046489257812496,8.8424984111457565,9.0419546546714642
4.7052061767578124,8.8427102601007093,9.0417543151215938
4.7057634277343752,8.8429221432884475,9.0415539755717251
4.70632080078125,8.8431105822255844,9.0413535921358648
4.7068780517578128,8.8432951876710426,9.0411532208377601
4.7074353027343747,8.8434854222952506,9.0409534525230004
4.7079925537109375,8.8436756569194603,9.0407536842082408
4.7085498046875003,8.8438758760665905,9.0405539158934811
4.7091070556640622,8.844066791304968,9.0403541475787215
4.709664306640625,8.8442550823573178,9.04015437926396
4.7102215576171877,8.8444433734096677,9.0399545045537213
4.7107788085937496,8.844630660490747,9.0397559602641611
4.7113360595703124,8.8448167087307645,9.0395574159746008
4.7118933105468752,8.8450027569707821,9.0393610023432966
4.712450561523438,8.8451888052107996,9.0391601380243607
4.7130078124999999,8.8453748534508154,9.0389609891796532
4.7135650634765627,8.8455562699518975,9.0387622159707668
4.7141223144531246,8.8457249510988127,9.038563897399527
4.7146795654296874,8.845912464535953,9.0383655788282891
4.7152368164062501,8.8460999779730933,9.0381684037439065
4.7157940673828129,8.8462879073250349,9.0379728477357162
4.7163513183593748,8.8464776043146216,9.037777198108623
4.7169085693359376,8.8466672500038701,9.0375802415333961
4.7174658203124995,8.8468567532120286,9.0373833107889485
4.7180231933593753,8.847046455953036,9.0371865732804615
4.718580444335938,8.847236440399838,9.0369904786984403
4.7191376953124999,8.8474253997565562,9.0367943577487342
4.7196949462890627,8.8476141701073185,9.0365982367990298
4.7202521972656246,8.8478029404580791,9.0364020487318193
4.7208094482421874,8.8479917108088415,9.0362055582255927
4.7213666992187502,8.8481808219337736,9.0360090677193661
4.721923950195313,8.8483718817223433,9.0358127830110284
4.7224812011718749,8.848562941510913,9.0356169482375339
4.7230384521484376,8.8487523162750712,9.0354214752887962
4.7235957031249995,8.8489415222762347,9.0352294421410786
4.7241529541015623,8.8491307282774017,9.0350376188539521
4.7247102050781251,8.8493195621030392,9.0348457955668255
4.7252674560546879,8.8495070112966125,9.0346652896963882
4.7258247070312498,8.8496944604901877,9.0344779590125341
4.7263819580078126,8.8498819096837611,9.0342647225121535
4.7269392089843745,8.8500693588773345,9.0340715309796948
4.7274964599609373,8.8502575156524017,9.0338783394472379
4.7280537109375,8.8504467024844153,9.0336861545101996
4.7286109619140628,8.8506357394059112,9.0334939145978161
4.7291683349609377,8.8508246996913993,9.0333013193671068
4.7297255859374996,8.8510134508668603,9.0331089446988564
4.7302828369140624,8.8512016525499071,9.0329170685242293
4.7308400878906252,8.8513900758439163,9.0327257240865197
4.7313973388671879,8.851578965367974,9.0325345176879281
4.7319545898437498,8.851767372250448,9.0323432983823437
4.7325118408203126,8.8519556549753169,9.0321520790767593
4.7330690917968745,8.852143937700184,9.0319608597711767
4.7336263427734373,8.8523324658156053,9.0317704449628504
4.7341835937500001,8.8525210743891378,9.0315805566457907
4.7347408447265629,8.8527089920498625,9.0313906683287311
4.7352980957031248,8.8528967805582663,9.0312008987795913
4.7358553466796875,8.8530843859017203,9.031012051194514
4.7364125976562494,8.8532719912451743,9.0308232036094367
4.7369698486328122,8.8534597552895313,9.030635921585457
4.737527099609375,8.853647683039517,9.0304692766678194
4.7380843505859378,8.8538356107895027,9.0303026317501818
4.7386416015624997,8.8540235385394883,9.0301359868325424
4.7391988525390625,8.8542120179917081,9.0299693419149047
4.7397561035156253,8.8544005422537708,9.0298026969972653
4.7403133544921872,8.8545888123145637,9.0296360520796277
4.7408707275390629,8.85477670750487,9.029469370657079
4.7414279785156248,8.8549655024792013,9.0293027257394414
4.7419852294921876,8.8551548683099313,9.0291166945200434
4.7425424804687495,8.8553418986806687,9.0288977610302084
4.7430997314453123,8.8555274630351359,9.0286788275403715
4.7436569824218751,8.8557146212605016,9.0284601850988544
4.7442142333984378,8.855901779485869,9.0282419652808183
4.7447714843749997,8.8560889377112346,9.0280241542150872
4.7453287353515625,8.856276095936602,9.0278148564327481
4.7458859863281253,8.8564632541619677,9.0276602450191845
4.7464432373046872,8.8566488412298572,9.0274960220632998
4.74700048828125,8.8568334579696764,9.027334971379597
4.7475577392578128,8.8570180747094955,9.0271764233267398
4.7481149902343756,8.8572026914493147,9.0270265083233134
4.7486722412109375,8.8573873081891339,9.0268800794684285
4.7492294921875002,8.8575716856162146,9.0267176941630556
4.7497867431640621,8.8577568492719223,9.0265504843613495
4.7503439941406249,8.8579420129276301,9.0264042217081588
4.7509012451171877,8.8581271765833378,9.0262579590549681
4.7514584960937505,8.8583123971555366,9.0261116964017774
4.7520158691406245,8.8584976597941587,9.0259654017085751
4.7525731201171872,8.858682881858396,9.0257885611457809
4.75313037109375,8.8588681039226316,9.0256035985174385
4.7536876220703128,8.8590533480438616,9.0254205283006552
4.7542448730468747,8.8592384986045598,9.0252742423760939
4.7548021240234375,8.8594240976906722,9.0251279564515325
4.7553593750000003,8.8596096967767828,9.0249816705269712
4.7559166259765622,8.8597942087462922,9.0248353846024116
4.756473876953125,8.8599780142348159,9.0246890986778503
4.7570311279296877,8.8601614991924773,9.024542812753289
4.7575883789062505,8.8603447008425711,9.0243965268287276
4.7581456298828124,8.8605277729527359,9.0242490992150834
4.7587028808593752,8.8607108450629006,9.0240607905147154
4.7592601318359371,8.8608939171730636,9.023872481814351
4.7598173828124999,8.861076864689398,9.0236846797170767
4.7603746337890627,8.8612587325509491,9.0234978836937927
4.7609318847656255,8.8614400042233914,9.0233110876705087
4.7614891357421874,8.8616218553117569,9.0231249683317678
4.7620463867187501,8.8618045001887875,9.0229404585393009
4.762603637695312,8.8619871450658181,9.0227559487468341
4.7631608886718748,8.8621694086071887,9.022571438954369
4.7637182617187497,8.8623510827270753,9.0223868887435472
4.7642755126953125,8.862533010329571,9.0222023789510803
4.7648327636718752,8.8627139337924881,9.0220178691586135
4.7653900146484371,8.8628946155652688,9.0218333593661484
4.7659472656249999,8.8630759522644365,9.0216792029715158
4.7665045166015627,8.8632566262235901,9.0215292097163218
4.7670617675781255,8.8634372995193864,9.0213792164611295
4.7676190185546874,8.8636175930542791,9.0212292232059355
4.7681762695312502,8.8637974704846165,9.0210792299507414
4.7687335205078121,8.863977307933995,9.0209292366955491
4.7692907714843749,8.8641571453833734,9.0207792434403551
4.7698480224609376,8.8643365077389706,9.020629250185161
4.7704052734375004,8.8645154129220458,9.0204792569299688
4.7709625244140623,8.8646954146314805,9.0203292636747747
4.7715197753906251,8.8648742111843042,9.0201792704195825
4.772077026367187,8.8650527003147008,9.0200367077923076
4.7726342773437498,8.8652308298557614,9.0198961075122028
4.7731915283203126,8.8654089319945708,9.0197558244896605
4.7737487792968754,8.8655866890629547,9.01961614184615
4.7743060302734373,8.8657627071101075,9.0194777279441798
4.7748634033203121,8.8659386069889852,9.0193395813359682
4.7754206542968749,8.8661144683440174,9.0192014649832544
4.7759779052734377,8.8662900914957383,9.0190633486305405
4.7765351562500005,8.866465682534864,9.0188426881838915
4.7770924072265624,8.8666412735739915,9.0186199094425916
4.7776496582031251,8.8668168646131171,9.01839713070129
4.778206909179687,8.8669924556522446,9.0181743519599902
4.7787641601562498,8.867168046691372,9.0179515732186886
4.7793214111328126,8.8673436377304995,9.0177287944773887
4.7798786621093754,8.8675192287696269,9.0175060157360871
4.7804359130859373,8.8676948198087526,9.0173375440101218
4.7809931640625001,8.8678704108478801,9.0171856527914276
4.781550415039062,8.8680460018870058,9.0170276854189826
4.7821076660156248,8.8682215929261332,9.0168008715024897
4.7826649169921875,8.8683971839652607,9.0165740575859967
4.7832221679687503,8.8685727750043863,9.0163472436695038
4.7837794189453122,8.8687484859359795,9.0161204297530109
4.784336669921875,8.8689241979537012,9.0158941117486044
4.7848939208984378,8.8690999189530348,9.0156688821071782
4.7854511718749997,8.8692758845844129,9.015443652465752
4.7860084228515625,8.8694494701641311,9.0152188027335729
4.7865657958984373,8.8696225500924424,9.0149943021744736
4.7871230468750001,8.8697956692221389,9.0147702480559424
4.787680297851562,8.869968599790786,9.0145656252546758
4.7882375488281248,8.8701414048735838,9.014406055161885
4.7887947998046876,8.8703142866074902,9.0142464850690924
4.7893520507812504,8.8704888235999402,9.0140876547936983
4.7899093017578123,8.87066178318425,9.0139291185575594
4.790466552734375,8.8708326796064618,9.0137711837374965
4.7910238037109369,8.8710028647928389,9.0136136876705812
4.7915810546874997,8.8711732389990132,9.0134561916036642
4.7921383056640625,8.8713442104321469,9.0132986955367489
4.7926955566406253,8.871514646357495,9.0131419557097843
4.7932528076171872,8.8716838401609746,9.0129858308622985
4.79381005859375,8.8718534469696912,9.0128297060148128
4.7943673095703128,8.8720240434779392,9.0126735811673289
4.7949245605468747,8.8721946399861853,9.0125174563198431
4.7954818115234374,8.8723638405681911,9.0123613314723574
4.7960390625000002,8.872532767682463,9.0122052066248735
4.796596313476563,8.8727020890950961,9.0120490817773877
4.7971535644531249,8.8728717543851072,9.0118932317109373
4.7977109374999998,8.8730393028204286,9.0117383661811949
4.7982681884765626,8.8732069744337849,9.0115835345685653
4.7988254394531253,8.8733758950598283,9.0114287029559357
4.7993826904296872,8.8735447967913288,9.0112738713433043
4.79993994140625,8.8737120026475687,9.0111211522203245
4.8004971923828128,8.8738792303544241,9.0109689189125444
4.8010544433593747,8.8740464217871242,9.010816685604766
4.8016116943359375,8.8742129628414954,9.0106655346986528
4.8021689453125003,8.8743790372717317,9.0105145030849947
4.8027261962890631,8.8745454039346168,9.0103644100853302
4.803283447265625,8.8747118707910104,9.0102151942772188
4.8038406982421877,8.8748783376474041,9.0100664747629011
4.8043979492187496,8.8750448045037977,9.0099178968269751
4.8049552001953124,8.8752110558258099,9.0097708495889641
4.8055124511718752,8.8753769423107691,9.0096238023509514
4.806069702148438,8.8755415584876047,9.0094767551129387
4.8066269531249999,8.8757061746644386,9.0093301970195903
4.8071842041015627,8.8758709110092617,9.0091846419429817
4.8077414550781246,8.8760365330570572,9.0090400874849852
4.8082987060546873,8.8762021551048527,9.0088957761703501
4.8088559570312501,8.876366092382181,9.0087518614005315
4.809413330078125,8.8765287786280584,9.0086079707955662
4.8099705810546878,8.8766914292440084,9.0084641117040913
4.8105278320312497,8.8768540798599584,9.0083205907931738
4.8110850830078125,8.877017206338941,9.0081783454297408
4.8116423339843752,8.8771795254073886,9.0080367230567138
4.812199584960938,8.8773419956858834,9.0078953560812245
4.8127568359374999,8.8775044659643783,9.0077548089116615
4.8133140869140627,8.8776669362428748,9.0076142684220066
4.8138713378906246,8.8778294065213696,9.0074740063979792
4.8144285888671874,8.8779918767998645,9.0073340318063941
4.8149858398437502,8.878154347078361,9.0071960681806953
4.815543090820313,8.8783168173568576,9.0070581895496957
4.8161003417968749,8.8784788422630321,9.0069203109186962
4.8166575927734376,8.8786405668930861,9.0067824322876966
4.8172148437499995,8.8788022915231402,9.0066445888219135
4.8177720947265623,8.8789640161531942,9.0065087467521572
4.8183293457031251,8.879115872036083,9.0063729046824026
4.8188865966796879,8.8792487484442066,9.0062372651619107
4.8194438476562498,8.8793848320430211,9.0061030160774838
4.8200010986328126,8.8795675246885981,9.0059687669930586
4.8205584716796874,8.879750257354468,9.005835111755232
4.8211157226562502,8.8799242453042986,9.0057015052930005
4.821672973632813,8.8800827302487679,9.0055679553051959
4.8222302246093749,8.8802412151932373,9.0054418340795301
4.8227874755859377,8.880398034872842,9.0053123794189958
4.8233447265624996,8.8805539422583077,9.0051829247584632
4.8239019775390624,8.8807083378310647,9.0050534700979288
4.8244592285156251,8.8808627334038217,9.0049240154373944
4.8250164794921879,8.8810132379396016,9.00479456077686
4.8255737304687498,8.8811662784574601,9.0046637732788639
4.8261309814453126,8.881322977553685,9.0045202665261019
4.8266882324218745,8.8814783358051876,9.0043921590775451
4.8272454833984373,8.8816333889563452,9.0042647315285862
4.8278027343750001,8.8817884421075011,9.0041377503875175
4.8283599853515629,8.8819435682712609,9.0040101056150803
4.8289172363281248,8.8820980705634547,9.0038833963273994
4.8294744873046875,8.8822531275859014,9.0037580321238053
4.8300317382812503,8.8824081846083498,9.0036329531674308
4.8305889892578122,8.8825625263704673,9.0035078742110546
4.831146240234375,8.882714901107752,9.0033827952546783
4.8317034912109378,8.882867203438126,9.0032576396700676
4.8322608642578126,8.8830201113964051,9.0031340189208979
4.8328181152343745,8.8831735440156052,9.003010893436505
4.8333753662109373,8.8833260613228937,9.0028884888745928
4.8339326171875001,8.8834814964551008,9.0027660843126807
4.8344898681640629,8.8836154153104321,9.0026436797507685
4.8350471191406248,8.8837291546619603,9.0025228379374163
4.8356043701171876,8.8839213613730621,9.0024020722308364
4.8361616210937495,8.8840863778375709,9.002281650666129
4.8367188720703123,8.8842358257586778,9.0021627052887698
4.837276123046875,8.8843852736797864,9.0020438295293559
4.8378333740234378,8.8845351892165123,9.0019259602200545
4.8383906249999997,8.8846853204892984,9.0018081492892108
4.8389478759765625,8.8848342474591426,9.0016866355543979
4.8395051269531253,8.884982325389112,9.0015603144236671
4.8400623779296872,8.8851317528312741,9.0014365971435844
4.84061962890625,8.8852811802734379,9.0013161207276671
4.8411768798828128,8.8854298016310373,9.0011956443117498
4.8417341308593755,8.8855780059110199,9.0010751678958307
4.8422913818359374,8.885725179227844,9.0009546914799134
4.8428486328125002,8.8858730145860818,9.0008353087986634
4.8434060058593751,8.8860196429699538,9.0007186423335295
4.8439632568359379,8.8861665583149883,9.0006020014195283
4.8445205078124998,8.8863133209281671,9.0004867501149484
4.8450777587890625,8.8864600835413441,9.0003872774693487
4.8456350097656244,8.8866059163478326,9.0002878048237509
4.8461922607421872,8.8867516334443266,9.0001883321781513
4.84674951171875,8.8868964023994366,9.0000888595325534
4.8473067626953128,8.8870403858374978,8.9999893868869538
4.8478640136718747,8.8871835369502232,8.999889914241356
4.8484212646484375,8.8873266880629469,8.9997826358989848
4.8489785156250003,8.8874698391756706,8.999671686495228
4.8495357666015622,8.8876127197811989,8.9995610988680728
4.8500930175781249,8.8877553709799617,8.9994507522220939
4.8506502685546877,8.8878980221787245,8.9993406608159336
4.8512075195312505,8.8880406733774873,8.9992318594281855
4.8517647705078124,8.88818332457625,8.9991230580404356
4.8523220214843752,8.8883259757750128,8.9990142566526874
4.8528792724609371,8.8884689496040608,8.9989054552649392
4.8534365234374999,8.8886122966232701,8.9987986501879771
4.8539937744140627,8.888754359833948,8.9986919877103091
4.8545510253906254,8.8888952465578122,8.998586839516058
4.8551083984375003,8.889035731607315,8.9984828477906369
4.8556656494140622,8.8891756405821738,8.9983788788404517
4.856222900390625,8.8893155495570326,8.9982763802423964
4.8567801513671878,8.8894548278515142,8.9981754136180854
4.8573374023437506,8.8895936296111522,8.9980736657470537
4.8578946533203125,8.8897323986719385,8.997971917876022
4.8584519042968752,8.8898706883537564,8.997870657552653
4.8590091552734371,8.890008349167708,8.9977712765292992
4.8595664062499999,8.8901457103320922,8.9976721794877772
4.8601236572265627,8.890283900124297,8.9975730824462552
4.8606809082031255,8.8904198121782745,8.9974746232085803
4.8612381591796874,8.8905557561114499,8.9973738232895997
4.8617954101562502,8.8906917289127776,8.9972736358906165
4.8623526611328121,8.8908277017141071,8.9971773637570625
4.8629099121093748,8.8909637420426506,8.9970810916235084
4.8634671630859376,8.891098713175337,8.9969848194899544
4.8640244140625004,8.8912327179600261,8.9968885473564022
4.8645816650390623,8.8913659650340247,8.9967957064975153
4.8651389160156251,8.8914992901016916,8.996704077051259
4.865696166992187,8.8916329499227444,8.9966124476050044
4.8662535400390627,8.8917667212263574,8.996520798086582
4.8668107910156255,8.8919004632327088,8.9964282987555713
4.8673680419921874,8.8920334370843541,8.9963386292040415
4.8679252929687502,8.8921660953413149,8.996249326124989
4.8684825439453121,8.8922984993679357,8.9961600230459364
4.8690397949218749,8.89242839852235,8.9960707199668839
4.8695970458984377,8.8925588884626041,8.9959814168878314
4.8701542968750005,8.8926901425071687,8.9958921138087788
4.8707115478515624,8.8928193336956056,8.9958028107297281
4.8712687988281251,8.8929485248840408,8.9957135076506756
4.871826049804687,8.8930776628869488,8.9956241961175749
4.8723833007812498,8.8932067049106553,8.9955348563255146
4.8729405517578126,8.8933357469343619,8.9954462237899833
4.8734978027343754,8.8934644082403658,8.9953606961085626
4.8740550537109373,8.8935913691839659,8.9952772382080539
4.8746123046875001,8.8937186197974949,8.9951938558053541
4.875169555664062,8.8938450339904023,8.9951104734026561
4.8757268066406247,8.8939714041464377,8.9950270909999563
4.8762840576171875,8.894097920119151,8.9949437085972583
4.8768413085937503,8.8942244078786903,8.9948603261945586
4.8773986816406252,8.8943499508425283,8.9947769255262742
4.8779559326171871,8.8944756579487922,8.9946935431235744
4.8785131835937499,8.8946013650550562,8.9946105168064943
4.8790704345703126,8.8947269323292169,8.994528375423096
4.8796276855468754,8.89485195339876,8.994446803731007
4.8801849365234373,8.8949754819729918,8.9943673711998553
4.8807421875000001,8.8950981264276656,8.9942888417833871
4.881299438476562,8.8952196885292132,8.9942103354074732
4.8818566894531248,8.8953412320157277,8.9941321993284973
4.8824139404296876,8.8954627676735907,8.9940537884286815
4.8829711914062504,8.8955843033314537,8.9939755008753828
4.8835284423828123,8.8957058389893149,8.9938986275347563
4.884085693359375,8.8958273746471779,8.9938217541941299
4.8846429443359378,8.8959467054023111,8.9937453486982388
4.8852001953124997,8.8960649080757133,8.993669803017907
4.8857574462890625,8.8961831107491154,8.9936167446659123
4.8863146972656253,8.8963013134225175,8.993541964772664
4.8868719482421872,8.8964195160959196,8.9934608103795206
4.88742919921875,8.8965377143418856,8.9933796559863755
4.8879864501953127,8.8966558922115375,8.9933045565845369
4.8885437011718746,8.8967740700811895,8.9932324889168545
4.8891010742187504,8.896892273838656,8.9931604054621701
4.8896583251953123,8.897010451708308,8.9930883377944877
4.8902155761718751,8.8971286295779599,8.9930162701268053
4.890772827148437,8.8972468074476119,8.9929438473810208
4.8913300781249998,8.8973649853172638,8.9928740887589544
4.8918873291015625,8.8974831631869176,8.9928042027384407
4.8924445800781253,8.8976013410565713,8.9927342304197158
4.8930018310546872,8.8977195189262233,8.9926650801310029
4.89355908203125,8.8978311379018287,8.9925963823340904
4.8941163330078128,8.8979519390248143,8.9925283138216354
4.8946735839843747,8.8980664575805939,8.9924604291155656
4.8952308349609375,8.8981809551513837,8.9923938580203675
4.8957880859375003,8.8982954527221736,8.9923273794619281
4.896345336914063,8.8984098871461512,8.9922609096690618
4.8969025878906249,8.8985239353010552,8.9921946637746633
4.8974598388671877,8.8986368858176252,8.9921286652372316
4.8980170898437496,8.8987497680997691,8.9920626666998018
4.8985743408203124,8.898862650381913,8.9919966165401046
4.8991315917968752,8.8989753412732426,8.9919309561023208
4.899688842773438,8.8990870454605933,8.9918652956645371
4.9002462158203119,8.899198924566452,8.991799620843306
4.9008034667968747,8.8993107963283578,8.9917339604055222
4.9013607177734375,8.8994220347278414,8.9916682999677402
4.9019179687500003,8.8995326849358189,8.9916026395299546
4.9024752197265622,8.8996427793176789,8.9915369790921709
4.903032470703125,8.899752975462615,8.9914745465230634
4.9035897216796878,8.8998631716075529,8.9914122242029944
4.9041469726562497,8.8999733677524908,8.9913499018829253
4.9047042236328124,8.9000835638974269,8.9912875795628544
4.9052614746093752,8.9001929536498903,8.9912252572427835
4.905818725585938,8.9003015821970237,8.9911629349227145
4.9063759765624999,8.900410269383439,8.9911006126026436
4.9069332275390627,8.9005196943204226,8.9910382902825745
4.9074904785156246,8.9006287164587832,8.9909804649202911
4.9080477294921874,8.9007368404013807,8.9909370972524183
4.9086049804687502,8.9008451737826011,8.9908937295845472
4.9091622314453129,8.9009531105448652,8.9908503619166762
4.9097194824218748,8.9010590846535891,8.9908069942488034
4.9102767333984376,8.9011650587623166,8.9907636265809323
4.9108339843749995,8.9012710328710423,8.990720258913063
4.9113912353515623,8.9013772459173257,8.9906778761429784
4.9119486083984381,8.9014834859095462,8.9906366632558239
4.912505859375,8.9015896208442218,8.9905954593947079
4.9130631103515627,8.9016957094422366,8.990554255533592
4.9136203613281246,8.9018018746837537,8.9905130516724761
4.9141776123046874,8.9019073002995377,8.9904718478113601
4.9147348632812502,8.9020117008833211,8.9904306439502459
4.915292114257813,8.9021175012520111,8.9903568868581676
4.9158493652343749,8.9022235680134827,8.9902729894552706
4.9164066162109377,8.9023277757806802,8.9901890920523755
4.9169638671874996,8.9024310576066163,8.9901057624900016
4.9175211181640623,8.9025345146888828,8.9900229017576887
4.9180783691406251,8.9026380647204721,8.9899400410253758
4.9186356201171879,8.9027419271022659,8.9898739306473061
4.9191928710937498,8.9028451517006086,8.9898509119100876
4.9197501220703126,8.9029479149163393,8.989827893172869
4.9203073730468745,8.9030509093161356,8.9898048744356487
4.9208646240234373,8.9031539198899203,8.9897413856082018
4.9214218750000001,8.9032569304637068,8.9896758308793441
4.9219791259765628,8.9033599410374897,8.9896102761504864
4.9225363769531247,8.9034654919782064,8.9895447214216304
4.9230937499999996,8.9035709352651313,8.989479152332482
4.9236510009765624,8.9036742711978736,8.989413597603626
4.9242082519531252,8.9037776071306141,8.9893530207766261
4.924765502929688,8.9038809430633528,8.9893070244132947
4.9253227539062499,8.9039842789960932,8.989261028049965
4.9258800048828126,8.9040866003648844,8.9892150316866335
4.9264372558593745,8.9041883927303811,8.9891690353233038
4.9269945068359373,8.9042901850958778,8.9891230389599723
4.9275517578125001,8.9043919774613762,8.9890770425966409
4.9281090087890629,8.9044937698268747,8.9890312961243524
4.9286662597656248,8.9045955621923731,8.9889811574076077
4.9292235107421876,8.9046973545578698,8.988931026439273
4.9297807617187495,8.9047991469233683,8.9888818763494438
4.9303380126953122,8.9049009392888667,8.9888325643120304
4.930895263671875,8.905000131326883,8.9887829216405617
4.9314525146484378,8.9051009819026916,8.9887349069062754
4.9320097656249997,8.9052029024407204,8.9886866994431323
4.9325670166015625,8.9053040129316194,8.9886382537004934
4.9331242675781253,8.9054056898770693,8.9885896100376197
4.9336815185546872,8.9055078782336068,8.9885409478939344
4.93423876953125,8.9056097885987935,8.9884922857502492
4.9347961425781248,8.9057111055792255,8.9884437068583214
4.9353533935546876,8.9058125486027429,8.9883955888430247
4.9359106445312495,8.9059142213572215,8.988347470827728
4.9364678955078123,8.9060159539718011,8.9882993473301571
4.9370251464843751,8.9061176865863825,8.9882511754240859
4.9375823974609379,8.9062194192009638,8.9882030035180147
4.9381396484374998,8.9063214009153295,8.9881548242264362
4.9386968994140625,8.9064241171828886,8.9881066437686012
4.9392541503906253,8.906526046491912,8.9880586170910419
4.9398114013671872,8.9066278344995915,8.9880111909184848
4.94036865234375,8.9067298078095298,8.9879646760256549
4.9409259033203128,8.9068319009369556,8.9879173661698815
4.9414831542968747,8.9069341464332794,8.9878695922806706
4.9420404052734375,8.9070364421888133,8.9878218287441847
4.9425976562500002,8.9071400437875923,8.9877740688770142
4.9431549072265621,8.907243658065191,8.9877263090098456
4.9437121582031249,8.9073472723427898,8.9876786470121104
4.9442694091796877,8.9074508866203868,8.987639054545383
4.9448266601562505,8.9075544019094508,8.9876086200381735
4.9453839111328124,8.9076570530473074,8.9875701616728065
4.9459412841796873,8.9077597266717206,8.9875298713363172
4.94649853515625,8.9078623778095771,8.9874895898238165
4.9470557861328128,8.9079648029215992,8.9874493083113176
4.9476130371093747,8.9080653544914004,8.9874090267988169
4.9481702880859375,8.9081682145694536,8.987368745286318
4.9487275390625003,8.9082717878000572,8.9873087866206482
4.9492847900390622,8.9083754293153969,8.9872453068481111
4.949842041015625,8.9084789131025666,8.9871818270755721
4.9503992919921878,8.908582962713167,8.9871183473030349
4.9509565429687505,8.9086876074553718,8.9870567074924104
4.9515137939453124,8.908794714651167,8.9870100649667588
4.9520710449218752,8.9088978886032759,8.986963422441109
4.9526282958984371,8.909001062555383,8.9869167799154575
4.9531855468749999,8.9091049530338147,8.9868697923275356
4.9537427978515627,8.9092089055456416,8.9868223663050788
4.9543000488281255,8.9093128580574685,8.9867747957056352
4.9548572998046874,8.9094168105692955,8.9867272251061934
4.9554145507812501,8.9095207630811224,8.9866796545067515
4.955971801757812,8.9096253973294282,8.9866320839073097
4.9565290527343748,8.9097301965857003,8.9865846458942151
4.9570863037109376,8.9098341883895706,8.9865373199776855
4.9576436767578125,8.9099384070468481,8.98648998369403
4.9582009277343753,8.9100434462994755,8.9864419741897112
4.9587581787109372,8.9101484855521047,8.9863939949340104
4.9593154296874999,8.9102544971229207,8.9863476491913872
4.9598726806640627,8.910360560836331,8.9863009733940551
4.9604299316406255,8.910466624549743,8.9862542908925569
4.9609871826171874,8.9105726882631551,8.9862076083910587
4.9615444335937502,8.9106787519765671,8.9861607001564821
4.9621016845703121,8.9107841807088946,8.9861137571497505
4.9626589355468749,8.9108883098833456,8.9860671167267743
4.9632161865234377,8.9109924390577966,8.9860207443757343
4.9637734375000004,8.9110966258754889,8.9859743720246943
4.9643306884765623,8.911200826672788,8.985927701483682
4.9648879394531251,8.9113052417118457,8.9858800826582375
4.965445190429687,8.9114105737498015,8.9858324638327929
4.9660024414062498,8.9115163876515862,8.985769264928738
4.9665596923828126,8.9116218414505646,8.9857020731807786
4.9671169433593754,8.9117274590349922,8.9856348814328193
4.9676741943359373,8.9118328496340506,8.9855676896848617
4.9682314453125,8.9119389528560653,8.9855004979369042
4.9687888183593749,8.9120454685379045,8.9854332914700521
4.9693460693359377,8.9121542106918952,8.9853801535828879
4.9699033203125005,8.9122629528458859,8.985335259752306
4.9704605712890624,8.9123668825714084,8.9852910843529141
4.9710178222656252,8.9124700643579651,8.9852469089535223
4.9715750732421871,8.9125759532827384,8.9852027335541305
4.9721323242187498,8.9126818422075118,8.9851585581547386
4.9726895751953126,8.912787269802827,8.9851143827553468
4.9732468261718754,8.9128918998929372,8.985070207355955
4.9738040771484373,8.9129972291595685,8.9850260319565631
4.9743613281250001,8.9131033235771895,8.9849818565571713
4.974918579101562,8.9132094179948087,8.9849376811577795
4.9754758300781248,8.913315602031906,8.9848935057583876
4.9760330810546876,8.9134218332564092,8.9848493303589958
4.9765903320312503,8.9135283277723403,8.984805154959604
4.9771475830078122,8.9136341986594712,8.9847609795602121
4.977704833984375,8.9137397470864812,8.9847168041608203
4.9782620849609378,8.9138456701526323,8.9846726287614285
4.9788193359374997,8.9139520069552542,8.9846284533620366
4.9793765869140625,8.9140598446639743,8.9845842779626448
4.9799338378906253,8.9141676823726943,8.984540102563253
4.9804912109375001,8.9142754661508619,8.9844959174868855
4.981048461914062,8.9143831019696123,8.9844517420874936
4.9816057128906248,8.9144885954290771,8.9844075666881018
4.9821629638671876,8.9145938330936385,8.98436339128871
4.9827202148437504,8.9146990707581999,8.9843192158893181
4.9832774658203123,8.9148043084227631,8.9842750404899263
4.9838347167968751,8.914910285145659,8.9842308650905345
4.984391967773437,8.9150162753760185,8.9841866896911426
4.9849492187499997,8.9151200936013524,8.9841425142917508
4.9855064697265625,8.9152255792232715,8.984098338892359
4.9860637207031253,8.9153321475229461,8.9840541634929671
4.9866209716796872,8.9154391065929985,8.9840099880935753
4.98717822265625,8.9155460310056842,8.9839658126941835
4.9877354736328128,8.9156522437790962,8.9839216372947917
4.9882927246093747,8.9157584565525063,8.9838774618953998
4.9888499755859375,8.9158645305527227,8.983833286496008
4.9894072265625002,8.9159701699975873,8.9837891110966162
4.989964477539063,8.9160758094424537,8.9837449356972243
4.9905217285156249,8.9161831245905603,8.9837007602978325
4.9910789794921877,8.9162904412199531,8.9836565848984407
4.9916363525390626,8.9163977813579169,8.9836123998220714
4.9921936035156254,8.9165048423663826,8.9835682244226795
4.9927508544921873,8.9166099512879402,8.9835240490232877
4.99330810546875,8.9167150602094996,8.9834798736238959
4.9938653564453128,8.9168207890940252,8.9834356982245041
4.9944226074218747,8.9169270863708761,8.9833915228251122
4.9949798583984375,8.9170330703451022,8.9833473474257204
4.9955371093750003,8.9171385269050756,8.9833031720263286
4.9960943603515622,8.9172448535396143,8.9832589966269367
4.996651611328125,8.9173512911434276,8.9832148212275449
4.9972088623046877,8.917457728747241,8.9831706458281531
4.9977661132812496,8.9175641569118014,8.9831264704287612
4.9983233642578124,8.9176701902664206,8.9830822950293694
4.9988806152343752,8.917776296321879,8.9830381196299776
4.999437866210938,8.9178838543692791,8.9829939442305857
4.9999951171874999,8.9179914124166775,8.9829497688311939
5.0005523681640627,8.9180989704640776,8.9829055934318021
5.0011096191406246,8.918206528511476,8.9828614180324102
5.0016668701171874,8.9183140865588761,8.9828172426330184
5.0022241210937501,8.9184191057206128,8.9827730672336266
5.0027813720703129,8.9185231628514874,8.9827288918342347
5.0033387451171869,8.9186282463562954,8.9826847067578672
5.0038959960937497,8.9187349840329944,8.9826405313584754
5.0044532470703125,8.9188417217096934,8.9825963559590836
5.0050104980468753,8.9189484593863906,8.9825521805596917
5.005567749023438,8.9190551970630896,8.9825080051602999
5.0061249999999999,8.9191616065777186,8.9824638297609081
5.0066822509765627,8.9192679147188976,8.9824196543615162
5.0072395019531246,8.9193742587388929,8.9823754789621244
5.0077967529296874,8.9194810855660123,8.9823313035627326
5.0083540039062502,8.9195880086644994,8.9822871281633407
5.008911254882813,8.9196949317629848,8.9822429527639489
5.0094685058593749,8.9198018547649269,8.9821987773645571
5.0100257568359376,8.9199084856932505,8.9821546019651652
5.0105830078124995,8.920014695265241,8.9821104265657734
5.0111402587890623,8.9201212567324362,8.9820662511663816
5.0116975097656251,8.9202278441200171,8.9820220757669897
5.0122547607421879,8.9203345160084648,8.9819779003675979
5.0128120117187498,8.9204412365628674,8.9819337249682061
5.0133692626953126,8.9205485230932702,8.9818895495688142
5.0139265136718745,8.9206558096236748,8.9818453741694224
5.0144838867187502,8.920762600734534,8.9818011890930531
5.015041137695313,8.9208692762391841,8.9817570136936613
5.0155983886718749,8.9209759517438361,8.9817128382942695
5.0161556396484377,8.9210826272484862,8.9816686628948776
5.0167128906249996,8.9211891541568171,8.9816244874954858
5.0172701416015624,8.9212956638268892,8.981580312096094
5.0178273925781252,8.9214021796580312,8.9815361366967021
5.0183846435546879,8.9215087149667873,8.9814919612973103
5.0189418945312498,8.9216152502755453,8.9814477858979185
5.0194991455078126,8.9217217855843032,8.9814036104985266
5.0200563964843745,8.9218293040136647,8.9813594350991348
5.0206136474609373,8.9219594828498998,8.9813152596997448
5.0211708984375001,8.9220896616861367,8.9812710843003511
5.0217281494140629,8.9222198405223718,8.9812269089009611
5.0222854003906257,8.9223500193586069,8.9811827335015693
5.0228426513671875,8.9224801981948438,8.9811385581021774
5.0233999023437494,8.9226068232828126,8.9810943827027856
5.0239571533203122,8.9227250945038712,8.9810502073033938
5.024514404296875,8.9228292277179015,8.9810060319040019
5.0250716552734378,8.9229333609319301,8.9809618565046083
5.0256289062500006,8.9230374941459605,8.9809176811052183
5.0261862792968746,8.9231416501712104,8.980873496028849
5.0267435302734373,8.9232457833852408,8.9808293206294572
5.0273007812500001,8.9233499165992711,8.9807851452300653
5.0278580322265629,8.9234540498132997,8.9807409698306735
5.0284152832031248,8.9235581830273301,8.9806967944312817
5.0289725341796876,8.9236623162413604,8.9806526190318898
5.0295297851562495,8.9237664494553908,8.980608443632498
5.0300870361328123,8.9238705826694193,8.9805642682331062
5.0306442871093751,8.9239747158834497,8.9805200928337143
5.0312015380859378,8.9240788490974801,8.9804759174343225
5.0317587890625006,8.9241829823115104,8.9804317420349307
5.0323160400390625,8.9242871155255408,8.9803875666355388
5.0328732910156244,8.9243912487395711,8.980343391236147
5.0334305419921872,8.9244953819535997,8.9802992158367552
5.03398779296875,8.9245995151676301,8.9802550404373633
5.0345450439453128,8.9247036483816604,8.9802108650379715
5.0351022949218756,8.9248077815956908,8.9801666896385797
5.0356595458984375,8.9249119148097193,8.9801225142391878
5.0362167968749993,8.9250160480237497,8.980078338839796
5.0367740478515621,8.9251201812377801,8.9800341634404042
5.0373314208984379,8.92522433726303,8.9799899783640349
5.0378886718749998,8.9253284704770603,8.9799458029646431
5.0384459228515626,8.9254326036910889,8.9799016275652512
5.0390031738281245,8.9255285081579885,8.9798574521658612
5.0395604248046872,8.9256147901865468,8.9798132767664676
5.04011767578125,8.9257010722151051,8.9797691013670775
5.0406749267578128,8.9257873542436634,8.9797249259676839
5.0412321777343756,8.9258736362722217,8.9796807505682938
5.0417894287109375,8.9259599183007801,8.979636575168902
5.0423466796874994,8.9260462003293384,8.9795923997695102
5.0429039306640622,8.9261324823578967,8.9795482243701166
5.043461181640625,8.926218764386455,8.9795040489707247
5.0440184326171877,8.9263050464150133,8.9794598735713347
5.0445756835937505,8.9263913284435716,8.9794156981719411
5.0451329345703124,8.92647761047213,8.979371522772551
5.0456901855468752,8.9265638925006883,8.9793273473731592
5.0462474365234371,8.9266501745292466,8.9792831719737674
5.0468046874999999,8.9267364565578049,8.9792389965743737
5.0473619384765627,8.9268227385863632,8.9791948211749819
5.0479191894531255,8.9269090206149198,8.9791506457755901
5.0484765624999994,8.9269953215442506,8.9791064606992226
5.0490336914062501,8.9270815846720364,8.9790622949768082
5.049591064453125,8.9271678856013672,8.9790181099004389
5.0501481933593748,8.927254148729153,8.9789739441780245
5.0507055664062506,8.9273404496584838,8.9789297591016553
5.0512626953125004,8.9274267127862696,8.9788855933792409
5.0518200683593744,8.9275130137156005,8.9788414083028716
5.0523771972656251,8.9275992768433863,8.9787972425804572
5.0529345703124999,8.9276855777727171,8.9787530575040879
5.0534916992187497,8.9277718409005029,8.9787088917816735
5.0540490722656255,8.9278581418298337,8.9786647067053043
5.0546064453124995,8.9279444427591645,8.978620521628935
5.0551635742187502,8.9280307058869504,8.9785763559065206
5.055720947265625,8.9281170068162812,8.9785321708301513
5.0562780761718749,8.928203269944067,8.9784880051077369
5.0568354492187506,8.9282895708733978,8.9784438200313694
5.0573925781250004,8.9283758340011836,8.9783996543089533
5.0579499511718744,8.9284621349305144,8.9783554692325858
5.0585070800781251,8.9285483980583003,8.9782988901334519
5.059064453125,8.9286346989876311,8.9782294581937716
5.0596215820312498,8.9287209621154151,8.978160056666681
5.0601789550781255,8.9288072630447477,8.9780906247270025
5.0607360839843754,8.9288935261725317,8.9780278261194013
5.0612934570312502,8.9289798271018626,8.9779818264889641
5.0618505859375,8.9290660902296484,8.9779358470072914
5.0624079589843749,8.9291523911589792,8.9778898473768542
5.0629650878906247,8.929238654286765,8.9778438678951833
5.0635224609375005,8.9293249552160958,8.9777978682647444
5.0640795898437503,8.9294112183438816,8.9777518887830716
5.0646369628906251,8.9294975192732124,8.9777058891526345
5.065194091796875,8.9295837824009983,8.9776599096709635
5.0657514648437498,8.9296700833303291,8.9776139100405246
5.0663088378906256,8.9297563842596599,8.9775679104100874
5.0668659667968754,8.9298426473874457,8.9775219309284164
5.0674233398437494,8.9299289483167765,8.9774759312979775
5.0679804687500001,8.9300152114445623,8.9774299518163065
5.0685378417968749,8.9301015123738932,8.9773839521858694
5.0690949707031248,8.930187775501679,8.9773379727041949
5.0696523437500005,8.9302740764310098,8.9772919730737577
5.0702094726562503,8.9303603395587956,8.9772459935920867
5.0707668457031252,8.9304466404881264,8.9771999939616496
5.071323974609375,8.9305352166201502,8.9771540144799769
5.0718813476562499,8.9306585095159505,8.9771080148495397
5.0724384765624997,8.9307817484069805,8.9770620353678652
5.0729958496093754,8.9309050413027826,8.9770160357374298
5.0735529785156253,8.9310166945841587,8.9769700562557571
5.0741103515625001,8.9311083988579227,8.9769240566253199
5.0746674804687499,8.9312000629633665,8.9768780771436472
5.0752248535156248,8.9312917672371306,8.97683207751321
5.0757819824218746,8.9313834313425744,8.9767860980315373
5.0763393554687504,8.9314751356163384,8.9767400984011001
5.0768964843750002,8.9315667997217822,8.9766941189194274
5.077453857421875,8.9316585039955463,8.9766481192889902
5.0780112304687499,8.9317502082693103,8.976602119658553
5.0785683593749997,8.9318418723747541,8.9765561401768803
5.0791257324218755,8.9319335766485164,8.9765101405464431
5.0796828613281253,8.932025240753962,8.9764641610647704
5.0802402343750002,8.932116945027726,8.9764181614343332
5.08079736328125,8.9322086091331698,8.9763721819526605
5.0813547363281248,8.9323003134069321,8.9763261823222233
5.0819118652343747,8.9323919775123759,8.9762802028405506
5.0824692382812504,8.9324836817861399,8.9762342032101134
5.0830263671875002,8.9325753458915838,8.9761882237284407
5.0835837402343751,8.9326670501653478,8.9761422240980036
5.0841408691406249,8.9327587142707916,8.9760962446163308
5.0846982421874998,8.9328504185445556,8.9760502449858937
5.0852553710937496,8.9329420826499994,8.9760042655042209
5.0858127441406253,8.9330337869237635,8.9759582658737838
5.0863698730468752,8.9331254510292073,8.975912286392111
5.08692724609375,8.9332171553029713,8.9758662867616739
5.0874843749999998,8.9333088194084151,8.9758203072800011
5.0880417480468747,8.9334005236821792,8.975774307649564
5.0885991210937505,8.9334922279559432,8.9757283080191268
5.0891562500000003,8.933583892061387,8.9756823285374541
5.0897136230468751,8.9336755963351511,8.9756363289070169
5.090270751953125,8.9337672604405949,8.9755903494253442
5.0908281249999998,8.9338589647143571,8.975544349794907
5.0913852539062496,8.9339506288198027,8.9754983703132343
5.0919426269531254,8.934042333093565,8.9754523706827971
5.0924997558593752,8.9341339971990088,8.9754063912011244
5.0930571289062501,8.9342257014727728,8.9753603915706872
5.0936142578124999,8.9343173655782184,8.9753144120890145
5.0941716308593747,8.9344090698519807,8.9752684124585773
5.0947287597656246,8.9345007339574245,8.9752224329769046
5.0952861328125003,8.9345924382311885,8.9751764333464674
5.0958432617187501,8.9346841023366323,8.9751304538647947
5.096400634765625,8.9347758066103964,8.9750844542343575
5.0969577636718748,8.9349303391464066,8.9750384747526848
5.0975151367187497,8.9351118486626451,8.9749924751222476
5.0980722656249995,8.9352932786740578,8.9749464956405749
5.0986296386718752,8.9354747881902963,8.9749004960101377
5.0991867675781251,8.935656218201709,8.974854516528465
5.0997441406249999,8.9358377277179475,8.9748085168980278
5.1003015136718748,8.936019237234186,8.9747625172675907
5.1008586425781246,8.9362006672455987,8.9747165377859179
5.1014160156250004,8.9363821767618354,8.9746705381554808
5.1019731445312502,8.9365636067732499,8.974624558673808
5.102530517578125,8.9367451162894884,8.9745785590433709
5.1030876464843749,8.9369265463009011,8.9745325795616981
5.1036450195312497,8.9371080558171396,8.974486579931261
5.1042021484374995,8.9372471556316846,8.9744406004495882
5.1047595214843753,8.9373197346812354,8.9743946008191511
5.1053166503906251,8.9373922819397009,8.9743486213374783
5.1058740234375,8.9374648609892535,8.9743026217070412
5.1064311523437498,8.937537408247719,8.9742566422253685
5.1069885253906246,8.9376099872972699,8.9742106425949313
5.1075456542968745,8.9376825345557371,8.9741646631132586
5.1081030273437502,8.937755113605288,8.9741186634828214
5.10866015625,8.9378276608637535,8.9740726840011487
5.1092175292968749,8.9379002399133061,8.9740266843707115
5.1097746582031256,8.9379727871717716,8.9739807048890405
5.1103320312499996,8.9380453662213242,8.9739347052586016
5.1108891601562494,8.9381179134797897,8.9738887257769306
5.1114465332031251,8.9381958133519248,8.9738427261464917
5.11200390625,8.9382913571245535,8.9737967265160545
5.1125610351562498,8.9383868590470854,8.9737507470343836
5.1131184082031247,8.9384824028197158,8.9737047474039446
5.1136755371093745,8.938577904742246,8.9736587679222737
5.1142329101562503,8.9386734485148764,8.9736127682918347
5.1147900390625001,8.9387791465741397,8.9735667888101638
5.1153474121093749,8.9389009225757263,8.9735207891797266
5.1159045410156256,8.9390226452369692,8.9734748096980539
5.1164619140624996,8.939144421238554,8.9734288100676149
5.1170190429687494,8.9392661438997987,8.973382830585944
5.1175764160156252,8.9393879199013835,8.9733368309555068
5.118133544921875,8.9395096425626264,8.9732908514738341
5.1186909179687499,8.9396314185642112,8.9732448518433969
5.1192480468750006,8.9397531412254558,8.9731988723617242
5.1198054199218745,8.9398749172270406,8.973152872731287
5.1203625488281244,8.9399966398882835,8.9731068932496143
5.1209199218750001,8.9401184158898701,8.9730608936191771
5.1214770507812499,8.940240138551113,8.9730149141375044
5.1220344238281248,8.9403619145526978,8.9729689145070672
5.1225915527343755,8.9404836372139407,8.9729229350253945
5.1231489257812495,8.9406054132155273,8.9728769353949573
5.1237062988281252,8.9407271892171138,8.9728309357645202
5.124263427734375,8.9408489118783567,8.9727849562828474
5.1248208007812499,8.9409706878799415,8.9727389566524103
5.1253779296875006,8.9410924105411844,8.9726929771707375
5.1259353027343746,8.941214186542771,8.9726469775403004
5.1264924316406244,8.9413359092040139,8.9726009980586277
5.1270498046875002,8.9414576852055987,8.9725549984281905
5.12760693359375,8.9415794078668434,8.9725090189465178
5.1281643066406248,8.9417011838684282,8.9724630193160806
5.1287214355468755,8.941822906529671,8.9724170398344079
5.1292788085937495,8.9419446825312576,8.9723710402039707
5.1298359375000002,8.9420664051925005,8.972325060722298
5.1303933105468751,8.9421881811940853,8.9722790610918608
5.1309504394531249,8.9423099038553282,8.9722330816101881
5.1315078125000007,8.9424316798569148,8.9721870819797509
5.1320649414062505,8.9425534025181577,8.9721411024980782
5.1326223144531244,8.9426751785197425,8.972095102867641
5.1331794433593751,8.9427969011809871,8.9720491233859683
5.13373681640625,8.9429186771825719,8.9720022201172736
5.1342941894531249,8.9430404531841567,8.9719526224613482
5.1348513183593756,8.9431621758454014,8.9719030465301959
5.1354086914062496,8.9432839518469862,8.9718534488742705
5.1359658203124994,8.9434056745082291,8.9718038729431182
5.1365231933593751,8.9435274505098139,8.9717542752871928
5.1370803222656249,8.9436491731710568,8.9717046993560405
5.1376376953124998,8.9437709491726434,8.9716551017001152
5.1381948242187505,8.9439096398580844,8.9716055257689611
5.1387521972656245,8.9440596346755949,8.9715559281130375
5.1393093261718752,8.9442095637923558,8.9715063521818852
5.1398666992187501,8.9443595586098681,8.9714567545259598
5.1404238281249999,8.9445094877266289,8.9714071785948057
5.1409812011718756,8.9446594825441412,8.9713575809388804
5.1415383300781254,8.944809411660902,8.9713080050077281
5.1420957031249994,8.9449594064784126,8.9712584073518027
5.1426528320312501,8.9450842884373181,8.9712088314206504
5.143210205078125,8.9452035031136781,8.971159233764725
5.1437673339843748,8.9453226655716094,8.9711096578335727
5.1443247070312506,8.9454418802479712,8.9710600601776473
5.1448818359375004,8.9455610427059007,8.9710104842464951
5.1454392089843743,8.9456802573822607,8.9709608865905697
5.1459965820312501,8.9457994720586225,8.9709112889346443
5.1465537109374999,8.945918634516552,8.970861713003492
5.1471110839843748,8.9460378491929138,8.9708121153475666
5.1476682128906255,8.9461570116508451,8.9707625394164143
5.1482255859374995,8.9462762263272051,8.9707129417604889
5.1487827148437502,8.9463953887851364,8.9706633658293367
5.149340087890625,8.9465146034614964,8.9706137681734113
5.1498972167968748,8.9466337659194259,8.970564192242259
5.1504545898437506,8.9467529805957877,8.9705145945863336
5.1510117187500004,8.9468721430537173,8.9704650186551813
5.1515690917968744,8.9469913577300773,8.9704154209992559
5.1521262207031251,8.9471105201880086,8.9703658450681019
5.15268359375,8.9472297348643703,8.9703162474121783
5.1532407226562498,8.9473488973222999,8.9702666714810242
5.1537980957031255,8.9474681119986617,8.9702170738251006
5.1543552246093753,8.9475872744565912,8.9701674978939465
5.1549125976562502,8.947706489132953,8.9701179002380211
5.1554697265625,8.9478256515908825,8.9700683243068688
5.1560270996093749,8.9479448662672443,8.9700187266509435
5.1565842285156247,8.9480640287251738,8.9699691507197912
5.1571416015625005,8.9481832434015338,8.9699195530638658
5.1576989746093744,8.9483024580778956,8.9698699554079404
5.1582561035156251,8.9484216205358251,8.9698203794767881
5.1588134765625,8.9485408352121869,8.9697707818208627
5.1593706054687498,8.9486599976701182,8.9697212058897104
5.1599279785156256,8.9487792123464782,8.9696716082337851
5.1604851074218754,8.9488983748044078,8.9696220323026328
5.1610424804687494,8.9490175894807695,8.9695724346467074
5.1615996093750001,8.9491367519386991,8.9695228587155551
5.1621569824218749,8.9492559666150608,8.9694732610596297
5.1627141113281247,8.9493751290729904,8.9694236851284774
5.1632714843750005,8.9494943437493522,8.969374087472552
5.1638286132812503,8.9496135062072817,8.969324511541398
5.1643859863281252,8.9497327208836435,8.9692749138854744
5.164943115234375,8.949851883341573,8.9692253379543203
5.1655004882812499,8.9499710980179348,8.9691757402983949
5.1660576171874997,8.9500902604758643,8.9691261643672426
5.1666149902343754,8.9502094751522243,8.969076566711319
5.1671721191406252,8.9503286376101556,8.969026990780165
5.1677294921875001,8.9504478522865156,8.9689568939588984
5.1682866210937499,8.9505670147444469,8.96887167772128
5.1688439941406248,8.9506862294208069,8.9688021851101922
5.1694013671875005,8.9508054440971687,8.9687392115395586
5.1699584960937504,8.9509246065550983,8.9686819097960626
5.1705158691406252,8.95104382123146,8.96863103974772
5.171072998046875,8.9511629836893896,8.9685801919814843
5.1716303710937499,8.9512821983657513,8.9685293219331399
5.1721874999999997,8.9514013608236809,8.9684784741669041
5.1727448730468755,8.9515205755000427,8.9684276041185615
5.1733020019531253,8.9516397379579722,8.968376756352324
5.1738593750000001,8.9517589526343322,8.9683258863039814
5.17441650390625,8.9518781150922635,8.9682750385377439
5.1749738769531248,8.9519973297686235,8.9682241684894013
5.1755310058593746,8.9521164922265548,8.9681733207231655
5.1760883789062504,8.9522357069029166,8.9681224506748229
5.1766455078125002,8.9523548693608461,8.9680716029085854
5.1772028808593751,8.9524740840372079,8.9680207328602428
5.1777600097656249,8.9525932464951374,8.9679698850940053
5.1783173828124998,8.9527124611714974,8.9679190150456627
5.1788745117187496,8.9528316236294287,8.9678681672794252
5.1794318847656253,8.9529508383057887,8.9678172972310826
5.1799892578125002,8.9530700529821505,8.96776642718274
5.18054638671875,8.9531892154400818,8.9677155794165042
5.1811037597656249,8.9533084301164418,8.9676647093681598
5.1816608886718747,8.9534275925743714,8.9676138616019241
5.1822182617187504,8.9535468072507332,8.9675629915535815
5.1827753906250003,8.9536659697086627,8.967512143787344
5.1833327636718751,8.9537851843850245,8.9674612737390014
5.1838898925781249,8.953904346842954,8.9674104259727638
5.1844472656249998,8.954023561519314,8.9673595559244212
5.1850043945312496,8.9541427239772453,8.9673087081581855
5.1855617675781254,8.9542619386536071,8.9672578381098411
5.1861188964843752,8.9543811011115366,8.9672069903436054
5.18667626953125,8.9545003157878984,8.9671561202952628
5.1872333984374999,8.9546194782458279,8.9671052725290252
5.1877907714843747,8.9547424361472743,8.9670544024806826
5.1883479003906245,8.954853885517787,8.9670035547144451
5.1889052734375003,8.954965383726762,8.9669526846661025
5.1894624023437501,8.9550768330972765,8.9669018368998668
5.190019775390625,8.9551883313062515,8.9668509668515242
5.1905769042968748,8.9552997806767642,8.9668001190852866
5.1911342773437497,8.9554112788857392,8.966749249036944
5.1916916503906254,8.9555227770947159,8.9666983789886014
5.1922487792968752,8.9556342264652287,8.9666475312223639
5.1928061523437501,8.9557457246742036,8.9665966611740213
5.1933632812499999,8.9558571740447164,8.9665458134077838
5.1939206542968748,8.9559686722536931,8.9664949433594412
5.1944777832031246,8.9560801216242059,8.9664440955932037
5.1950351562500003,8.9561916198331808,8.9663932255448611
5.1955922851562502,8.9563030692036953,8.9663423777786253
5.196149658203125,8.9564145674126703,8.9662915077302827
5.1967067871093748,8.9565260167831831,8.9662406599640452
5.1972641601562497,8.9566375149921598,8.9661897899157026
5.1978212890624995,8.9567489643626725,8.9661389421494651
5.1983786621093753,8.9568604625716475,8.9660880721011225
5.1989357910156251,8.956971911942162,8.9660372243348867
5.1994931640625,8.957083410151137,8.9659863542865423
5.2000502929687507,8.9571948595216497,8.9659355065203066
5.2006076660156246,8.9573063577306247,8.965884636471964
5.2011647949218744,8.9574178071011374,8.9658337887057264
5.2017221679687502,8.9575293053101142,8.9657829186573839
5.202279296875,8.9576407546806269,8.9657320708911463
5.2028366699218749,8.9577522528896036,8.9656812008428037
5.2033940429687497,8.9578637510985786,8.9656303307944611
5.2039511718749996,8.9579752004690913,8.9655794830282254
5.2045085449218753,8.9580866986780663,8.965528612979881
5.2050656738281251,8.9581981480485808,8.9654777652136453
5.205623046875,8.9583096462575558,8.9654268951653027
5.2061801757812498,8.9584345400707885,8.9653760473990651
5.2067375488281247,8.9585645325262959,8.9653239266371934
5.2072946777343745,8.9586827948602448,8.9652609408995705
5.2078520507812502,8.9587904124218731,8.9651979275608351
5.2084091796875001,8.9588979828448405,8.9651349418232122
5.2089665527343749,8.9590056004064689,8.9650719284844786
5.2095236816406256,8.9591131708294363,8.9650089427468558
5.2100810546874996,8.9592207883910646,8.9649459294081204
5.2106381835937494,8.9593283588140338,8.9648829436704993
5.2111955566406252,8.9594359763756621,8.9648199303317639
5.211752685546875,8.9595435467986295,8.9647569445941411
5.2123100585937499,8.9596511643602579,8.9646939312554075
5.2128671875000006,8.9597587347832253,8.9646309455177846
5.2134245605468745,8.9598663523448536,8.964567932179051
5.2139816894531243,8.9599739227678228,8.9645049464414281
5.2145390625000001,8.9600722812187659,8.9644419331026928
5.215096435546875,8.9600792422774784,8.9643789197639592
5.2156535644531248,8.9600862002871065,8.9643159340263363
5.2162109374999996,8.960093161345819,8.9642529206876009
5.2167680664062495,8.960100119355447,8.9641899349499781
5.2173254394531252,8.9601070804141596,8.9641269216112445
5.217882568359375,8.9601140384237876,8.9640639358736216
5.2184399414062499,8.9601209994825002,8.964000922534888
5.2189970703125006,8.96012795749213,8.9639379367972651
5.2195544433593746,8.9601349185508408,8.9638749234585298
5.2201115722656244,8.9601418765604688,8.9638119377209087
5.2206689453125001,8.9601488376191814,8.9637489243821733
5.22122607421875,8.9601557956288094,8.9636859386445504
5.2217834472656248,8.9601627566875219,8.9636229253058168
5.2223405761718755,8.9601223826678229,8.963559939568194
5.2228979492187495,8.9600430458415321,8.9634808357075624
5.2234550781250002,8.9599637437663677,8.9633170448174191
5.2240124511718751,8.9598844069400769,8.9632019750055942
5.2245695800781249,8.9598051048649126,8.9630869555966655
5.2251269531250006,8.9598586363990869,8.9629718857848406
5.2256843261718746,8.9601884169807562,8.9628568159730158
5.2262414550781244,8.9605180531118886,8.9627417965640888
5.2267988281250002,8.9608478336935615,8.9626267267522621
5.22735595703125,8.961177469824694,8.9625117073433351
5.2279133300781249,8.9615072504063651,8.9623966375315103
5.2284704589843756,8.9618368865374975,8.9622816181225815
